dropper_s,checker_s,dropper_win
0,0,0.544925
2,0,0.539122
4,0,0.533650
6,0,0.528203
8,0,0.522780
10,0,0.517380
12,0,0.512001
14,0,0.506641
16,0,0.501297
18,0,0.495974
20,0,0.490665
22,0,0.485373
24,0,0.480096
26,0,0.474830
28,0,0.469577
30,0,0.464326
32,0,0.459086
34,0,0.453879
36,0,0.448681
38,0,0.443493
40,0,0.438313
42,0,0.433146
44,0,0.427990
46,0,0.422839
48,0,0.417704
50,0,0.412578
52,0,0.407463
54,0,0.402359
56,0,0.397265
58,0,0.392182
60,0,0.387096
62,0,0.381375
64,0,0.376399
66,0,0.371432
68,0,0.366477
70,0,0.361534
72,0,0.356603
74,0,0.351684
76,0,0.346775
78,0,0.341884
80,0,0.337004
82,0,0.332139
84,0,0.327289
86,0,0.322452
88,0,0.317629
90,0,0.312814
92,0,0.307994
94,0,0.303226
96,0,0.298472
98,0,0.293734
100,0,0.289009
102,0,0.284303
104,0,0.279614
106,0,0.274939
108,0,0.270286
110,0,0.265649
112,0,0.261031
114,0,0.256431
116,0,0.251849
118,0,0.247285
120,0,0.242733
122,0,0.237076
124,0,0.232657
126,0,0.228255
128,0,0.223869
130,0,0.219500
132,0,0.215149
134,0,0.210816
136,0,0.206500
138,0,0.202204
140,0,0.197926
142,0,0.193667
144,0,0.189428
146,0,0.185207
148,0,0.181006
150,0,0.176823
152,0,0.172646
154,0,0.168507
156,0,0.164387
158,0,0.160286
160,0,0.156204
162,0,0.152142
164,0,0.148100
166,0,0.144077
168,0,0.140074
170,0,0.136090
172,0,0.132125
174,0,0.128179
176,0,0.124251
178,0,0.120341
180,0,0.116444
182,0,0.111556
184,0,0.107766
186,0,0.103984
188,0,0.100209
190,0,0.096442
192,0,0.092682
194,0,0.088928
196,0,0.085178
198,0,0.081432
200,0,0.077688
202,0,0.073947
204,0,0.070205
206,0,0.066464
208,0,0.062720
210,0,0.058973
212,0,0.055220
214,0,0.051462
216,0,0.047697
218,0,0.043928
220,0,0.040157
222,0,0.036386
224,0,0.032626
226,0,0.028887
228,0,0.025192
230,0,0.021573
232,0,0.018078
234,0,0.014766
236,0,0.011708
238,0,0.009005
240,0,0.006805
242,0,0.006140
244,0,0.005508
246,0,0.004911
248,0,0.004350
250,0,0.003826
252,0,0.003340
254,0,0.002892
256,0,0.002483
258,0,0.002110
260,0,0.001775
262,0,0.001477
264,0,0.001213
266,0,0.000982
268,0,0.000782
270,0,0.000611
272,0,0.000467
274,0,0.000348
276,0,0.000252
278,0,0.000176
280,0,0.000118
282,0,0.000075
284,0,0.000044
286,0,0.000024
288,0,0.000011
290,0,0.000004
292,0,0.000001
294,0,0.000000
296,0,0.000000
298,0,0.000000
0,2,0.550613
2,2,0.544823
4,2,0.539363
6,2,0.533927
8,2,0.528514
10,2,0.523125
12,2,0.517755
14,2,0.512405
16,2,0.507070
18,2,0.501755
20,2,0.496454
22,2,0.491169
24,2,0.485898
26,2,0.480638
28,2,0.475390
30,2,0.470143
32,2,0.464907
34,2,0.459703
36,2,0.454507
38,2,0.449320
40,2,0.444140
42,2,0.438972
44,2,0.433815
46,2,0.428661
48,2,0.423523
50,2,0.418392
52,2,0.413272
54,2,0.408162
56,2,0.403060
58,2,0.397968
60,2,0.392871
62,2,0.387140
64,2,0.382152
66,2,0.377172
68,2,0.372202
70,2,0.367243
72,2,0.362295
74,2,0.357358
76,2,0.352429
78,2,0.347516
80,2,0.342613
82,2,0.337724
84,2,0.332849
86,2,0.327985
88,2,0.323134
90,2,0.318288
92,2,0.313437
94,2,0.308636
96,2,0.303848
98,2,0.299073
100,2,0.294310
102,2,0.289565
104,2,0.284835
106,2,0.280118
108,2,0.275421
110,2,0.270738
112,2,0.266073
114,2,0.261425
116,2,0.256792
118,2,0.252177
120,2,0.247571
122,2,0.241872
124,2,0.237397
126,2,0.232936
128,2,0.228491
130,2,0.224060
132,2,0.219646
134,2,0.215248
136,2,0.210866
138,2,0.206502
140,2,0.202155
142,2,0.197825
144,2,0.193514
146,2,0.189220
148,2,0.184944
150,2,0.180685
152,2,0.176432
154,2,0.172214
156,2,0.168015
158,2,0.163833
160,2,0.159670
162,2,0.155526
164,2,0.151400
166,2,0.147293
168,2,0.143205
170,2,0.139136
172,2,0.135085
174,2,0.131052
176,2,0.127037
178,2,0.123040
180,2,0.119056
182,2,0.114104
184,2,0.110223
186,2,0.106349
188,2,0.102483
190,2,0.098623
192,2,0.094770
194,2,0.090922
196,2,0.087078
198,2,0.083238
200,2,0.079401
202,2,0.075565
204,2,0.071729
206,2,0.067894
208,2,0.064056
210,2,0.060216
212,2,0.056371
214,2,0.052521
216,2,0.048666
218,2,0.044807
220,2,0.040947
222,2,0.037090
224,2,0.033245
226,2,0.029425
228,2,0.025652
230,2,0.021960
232,2,0.018397
234,2,0.015026
236,2,0.011918
238,2,0.009167
240,2,0.006918
242,2,0.006234
244,2,0.005586
246,2,0.004974
248,2,0.004401
250,2,0.003867
252,2,0.003373
254,2,0.002918
256,2,0.002502
258,2,0.002125
260,2,0.001786
262,2,0.001485
264,2,0.001218
266,2,0.000986
268,2,0.000785
270,2,0.000613
272,2,0.000468
274,2,0.000348
276,2,0.000252
278,2,0.000176
280,2,0.000118
282,2,0.000075
284,2,0.000044
286,2,0.000024
288,2,0.000011
290,2,0.000004
292,2,0.000001
294,2,0.000000
296,2,0.000000
298,2,0.000000
0,4,0.555989
2,4,0.550210
4,4,0.544760
6,4,0.539335
8,4,0.533932
10,4,0.528552
12,4,0.523192
14,4,0.517851
16,4,0.512523
18,4,0.507216
20,4,0.501922
22,4,0.496643
24,4,0.491378
26,4,0.486123
28,4,0.480879
30,4,0.475634
32,4,0.470402
34,4,0.465200
36,4,0.460005
38,4,0.454819
40,4,0.449639
42,4,0.444469
44,4,0.439309
46,4,0.434152
48,4,0.429010
50,4,0.423875
52,4,0.418749
54,4,0.413631
56,4,0.408521
58,4,0.403420
60,4,0.398313
62,4,0.392572
64,4,0.387573
66,4,0.382581
68,4,0.377597
70,4,0.372622
72,4,0.367658
74,4,0.362703
76,4,0.357755
78,4,0.352822
80,4,0.347898
82,4,0.342986
84,4,0.338086
86,4,0.333197
88,4,0.328319
90,4,0.323445
92,4,0.318565
94,4,0.313733
96,4,0.308912
98,4,0.304104
100,4,0.299306
102,4,0.294524
104,4,0.289757
106,4,0.285000
108,4,0.280262
110,4,0.275536
112,4,0.270827
114,4,0.266134
116,4,0.261455
118,4,0.256791
120,4,0.252136
122,4,0.246395
124,4,0.241868
126,4,0.237353
128,4,0.232851
130,4,0.228363
132,4,0.223889
134,4,0.219430
136,4,0.214985
138,4,0.210557
140,4,0.206144
142,4,0.201747
144,4,0.197367
146,4,0.193003
148,4,0.188656
150,4,0.184324
152,4,0.179997
154,4,0.175705
156,4,0.171429
158,4,0.167169
160,4,0.162927
162,4,0.158703
164,4,0.154497
166,4,0.150308
168,4,0.146138
170,4,0.141985
172,4,0.137851
174,4,0.133734
176,4,0.129634
178,4,0.125552
180,4,0.121482
182,4,0.116465
184,4,0.112496
186,4,0.108534
188,4,0.104579
190,4,0.100629
192,4,0.096686
194,4,0.092748
196,4,0.088815
198,4,0.084884
200,4,0.080957
202,4,0.077032
204,4,0.073107
206,4,0.069183
208,4,0.065258
210,4,0.061331
212,4,0.057400
214,4,0.053465
216,4,0.049526
218,4,0.045585
220,4,0.041645
222,4,0.037710
224,4,0.033789
226,4,0.029896
228,4,0.026053
230,4,0.022296
232,4,0.018674
234,4,0.015251
236,4,0.012098
238,4,0.009305
240,4,0.007012
242,4,0.006313
244,4,0.005651
246,4,0.005028
248,4,0.004444
250,4,0.003902
252,4,0.003400
254,4,0.002939
256,4,0.002518
258,4,0.002137
260,4,0.001795
262,4,0.001491
264,4,0.001223
266,4,0.000989
268,4,0.000787
270,4,0.000614
272,4,0.000469
274,4,0.000349
276,4,0.000252
278,4,0.000176
280,4,0.000118
282,4,0.000075
284,4,0.000044
286,4,0.000024
288,4,0.000011
290,4,0.000004
292,4,0.000001
294,4,0.000000
296,4,0.000000
298,4,0.000000
0,6,0.561331
2,6,0.555563
4,6,0.550125
6,6,0.544711
8,6,0.539319
10,6,0.533949
12,6,0.528599
14,6,0.523266
16,6,0.517947
18,6,0.512649
20,6,0.507361
22,6,0.502089
24,6,0.496830
26,6,0.491581
28,6,0.486342
30,6,0.481100
32,6,0.475872
34,6,0.470672
36,6,0.465479
38,6,0.460294
40,6,0.455113
42,6,0.449943
44,6,0.444781
46,6,0.439621
48,6,0.434476
50,6,0.429335
52,6,0.424203
54,6,0.419080
56,6,0.413962
58,6,0.408852
60,6,0.403734
62,6,0.397985
64,6,0.392974
66,6,0.387969
68,6,0.382971
70,6,0.377981
72,6,0.373000
74,6,0.368028
76,6,0.363060
78,6,0.358108
80,6,0.353162
82,6,0.348227
84,6,0.343302
86,6,0.338387
88,6,0.333482
90,6,0.328579
92,6,0.323670
94,6,0.318807
96,6,0.313953
98,6,0.309110
100,6,0.304276
102,6,0.299457
104,6,0.294651
106,6,0.289853
108,6,0.285073
110,6,0.280305
112,6,0.275551
114,6,0.270811
116,6,0.266084
118,6,0.261371
120,6,0.256665
122,6,0.250882
124,6,0.246301
126,6,0.241730
128,6,0.237171
130,6,0.232623
132,6,0.228089
134,6,0.223567
136,6,0.219058
138,6,0.214564
140,6,0.210084
142,6,0.205618
144,6,0.201168
146,6,0.196732
148,6,0.192312
150,6,0.187905
152,6,0.183504
154,6,0.179135
156,6,0.174781
158,6,0.170442
160,6,0.166120
162,6,0.161815
164,6,0.157527
166,6,0.153255
168,6,0.149002
170,6,0.144765
172,6,0.140546
174,6,0.136344
176,6,0.132159
178,6,0.127992
180,6,0.123836
182,6,0.118754
184,6,0.114697
186,6,0.110647
188,6,0.106603
190,6,0.102565
192,6,0.098533
194,6,0.094506
196,6,0.090484
198,6,0.086466
200,6,0.082451
202,6,0.078438
204,6,0.074427
206,6,0.070417
208,6,0.066408
210,6,0.062397
212,6,0.058384
214,6,0.054367
216,6,0.050349
218,6,0.046330
220,6,0.042313
222,6,0.038304
224,6,0.034311
226,6,0.030348
228,6,0.026440
230,6,0.022620
232,6,0.018941
234,6,0.015466
236,6,0.012268
238,6,0.009435
240,6,0.007101
242,6,0.006387
244,6,0.005712
246,6,0.005078
248,6,0.004485
250,6,0.003934
252,6,0.003426
254,6,0.002959
256,6,0.002534
258,6,0.002149
260,6,0.001804
262,6,0.001498
264,6,0.001228
266,6,0.000993
268,6,0.000789
270,6,0.000616
272,6,0.000470
274,6,0.000350
276,6,0.000253
278,6,0.000176
280,6,0.000118
282,6,0.000075
284,6,0.000044
286,6,0.000024
288,6,0.000011
290,6,0.000004
292,6,0.000001
294,6,0.000000
296,6,0.000000
298,6,0.000000
0,8,0.566640
2,8,0.560885
4,8,0.555459
6,8,0.550056
8,8,0.544675
10,8,0.539316
12,8,0.533976
14,8,0.528653
16,8,0.523343
18,8,0.518053
20,8,0.512773
22,8,0.507508
24,8,0.502256
26,8,0.497013
28,8,0.491779
30,8,0.486541
32,8,0.481316
34,8,0.476120
36,8,0.470929
38,8,0.465745
40,8,0.460565
42,8,0.455394
44,8,0.450231
46,8,0.445069
48,8,0.439920
50,8,0.434775
52,8,0.429638
54,8,0.424508
56,8,0.419382
58,8,0.414264
60,8,0.409135
62,8,0.403378
64,8,0.398356
66,8,0.393338
68,8,0.388327
70,8,0.383322
72,8,0.378325
74,8,0.373335
76,8,0.368349
78,8,0.363376
80,8,0.358408
82,8,0.353450
84,8,0.348501
86,8,0.343560
88,8,0.338627
90,8,0.333694
92,8,0.328756
94,8,0.323862
96,8,0.318975
98,8,0.314098
100,8,0.309227
102,8,0.304370
104,8,0.299525
106,8,0.294686
108,8,0.289864
110,8,0.285052
112,8,0.280252
114,8,0.275465
116,8,0.270690
118,8,0.265927
120,8,0.261170
122,8,0.255344
124,8,0.250708
126,8,0.246081
128,8,0.241464
130,8,0.236857
132,8,0.232260
134,8,0.227675
136,8,0.223102
138,8,0.218541
140,8,0.213993
142,8,0.209457
144,8,0.204936
146,8,0.200427
148,8,0.195933
150,8,0.191452
152,8,0.186974
154,8,0.182528
156,8,0.178095
158,8,0.173676
160,8,0.169273
162,8,0.164886
164,8,0.160515
166,8,0.156161
168,8,0.151823
170,8,0.147502
172,8,0.143198
174,8,0.138911
176,8,0.134641
178,8,0.130388
180,8,0.126146
182,8,0.120999
184,8,0.116854
186,8,0.112716
188,8,0.108583
190,8,0.104457
192,8,0.100337
194,8,0.096222
196,8,0.092113
198,8,0.088007
200,8,0.083905
202,8,0.079807
204,8,0.075711
206,8,0.071618
208,8,0.067526
210,8,0.063434
212,8,0.059341
214,8,0.055246
216,8,0.051150
218,8,0.047056
220,8,0.042966
222,8,0.038886
224,8,0.034824
226,8,0.030796
228,8,0.026824
230,8,0.022945
232,8,0.019210
234,8,0.015684
236,8,0.012441
238,8,0.009569
240,8,0.007195
242,8,0.006466
244,8,0.005777
246,8,0.005131
248,8,0.004528
250,8,0.003969
252,8,0.003453
254,8,0.002980
256,8,0.002550
258,8,0.002162
260,8,0.001814
262,8,0.001505
264,8,0.001233
266,8,0.000996
268,8,0.000792
270,8,0.000617
272,8,0.000471
274,8,0.000350
276,8,0.000253
278,8,0.000177
280,8,0.000118
282,8,0.000075
284,8,0.000044
286,8,0.000024
288,8,0.000011
290,8,0.000004
292,8,0.000001
294,8,0.000000
296,8,0.000000
298,8,0.000000
0,10,0.571917
2,10,0.566175
4,10,0.560761
6,10,0.555370
8,10,0.550001
10,10,0.544653
12,10,0.539324
14,10,0.534011
16,10,0.528711
18,10,0.523430
20,10,0.518159
22,10,0.512902
24,10,0.507657
26,10,0.502420
28,10,0.497192
30,10,0.491958
32,10,0.486738
34,10,0.481545
36,10,0.476357
38,10,0.471175
40,10,0.465995
42,10,0.460825
44,10,0.455661
46,10,0.450496
48,10,0.445344
50,10,0.440195
52,10,0.435053
54,10,0.429917
56,10,0.424784
58,10,0.419657
60,10,0.414518
62,10,0.408753
64,10,0.403720
66,10,0.398691
68,10,0.393666
70,10,0.388646
72,10,0.383633
74,10,0.378625
76,10,0.373619
78,10,0.368626
80,10,0.363636
82,10,0.358655
84,10,0.353681
86,10,0.348714
88,10,0.343753
90,10,0.338791
92,10,0.333822
94,10,0.328896
96,10,0.323976
98,10,0.319063
100,10,0.314155
102,10,0.309260
104,10,0.304374
106,10,0.299494
108,10,0.294628
110,10,0.289770
112,10,0.284924
114,10,0.280089
116,10,0.275264
118,10,0.270450
120,10,0.265640
122,10,0.259770
124,10,0.255079
126,10,0.250394
128,10,0.245717
130,10,0.241048
132,10,0.236389
134,10,0.231739
136,10,0.227098
138,10,0.222470
140,10,0.217851
142,10,0.213244
144,10,0.208650
146,10,0.204067
148,10,0.199497
150,10,0.194939
152,10,0.190384
154,10,0.185858
156,10,0.181345
158,10,0.176845
160,10,0.172360
162,10,0.167890
164,10,0.163435
166,10,0.158997
168,10,0.154574
170,10,0.150168
172,10,0.145779
174,10,0.141406
176,10,0.137051
178,10,0.132712
180,10,0.128386
182,10,0.123172
184,10,0.118940
186,10,0.114714
188,10,0.110495
190,10,0.106282
192,10,0.102075
194,10,0.097874
196,10,0.093679
198,10,0.089489
200,10,0.085303
202,10,0.081122
204,10,0.076944
206,10,0.072769
208,10,0.068598
210,10,0.064428
212,10,0.060257
214,10,0.056087
216,10,0.051917
218,10,0.047751
220,10,0.043591
222,10,0.039442
224,10,0.035314
226,10,0.031221
228,10,0.027187
230,10,0.023250
232,10,0.019460
234,10,0.015885
236,10,0.012598
238,10,0.009686
240,10,0.007275
242,10,0.006532
244,10,0.005832
246,10,0.005177
248,10,0.004565
250,10,0.003999
252,10,0.003477
254,10,0.002999
256,10,0.002564
258,10,0.002172
260,10,0.001822
262,10,0.001511
264,10,0.001237
266,10,0.000999
268,10,0.000794
270,10,0.000619
272,10,0.000472
274,10,0.000351
276,10,0.000254
278,10,0.000177
280,10,0.000118
282,10,0.000075
284,10,0.000044
286,10,0.000024
288,10,0.000011
290,10,0.000004
292,10,0.000001
294,10,0.000000
296,10,0.000000
298,10,0.000000
0,12,0.577164
2,12,0.571435
4,12,0.566034
6,12,0.560656
8,12,0.555299
10,12,0.549963
12,12,0.544645
14,12,0.539343
16,12,0.534053
18,12,0.528782
20,12,0.523520
22,12,0.518271
24,12,0.513034
26,12,0.507804
28,12,0.502582
30,12,0.497353
32,12,0.492139
34,12,0.486950
36,12,0.481765
38,12,0.476585
40,12,0.471407
42,12,0.466237
44,12,0.461073
46,12,0.455907
48,12,0.450752
50,12,0.445600
52,12,0.440453
54,12,0.435311
56,12,0.430172
58,12,0.425037
60,12,0.419886
62,12,0.414115
64,12,0.409072
66,12,0.404030
68,12,0.398992
70,12,0.393958
72,12,0.388928
74,12,0.383903
76,12,0.378879
78,12,0.373865
80,12,0.368854
82,12,0.363849
84,12,0.358851
86,12,0.353857
88,12,0.348868
90,12,0.343876
92,12,0.338878
94,12,0.333919
96,12,0.328965
98,12,0.324017
100,12,0.319072
102,12,0.314137
104,12,0.309211
106,12,0.304288
108,12,0.299379
110,12,0.294476
112,12,0.289582
114,12,0.284699
116,12,0.279823
118,12,0.274957
120,12,0.270095
122,12,0.264181
124,12,0.259433
126,12,0.254690
128,12,0.249952
130,12,0.245221
132,12,0.240498
134,12,0.235782
136,12,0.231074
138,12,0.226376
140,12,0.221686
142,12,0.217007
144,12,0.212339
146,12,0.207681
148,12,0.203034
150,12,0.198399
152,12,0.193765
154,12,0.189160
156,12,0.184565
158,12,0.179983
160,12,0.175415
162,12,0.170861
164,12,0.166322
166,12,0.161798
168,12,0.157291
170,12,0.152799
172,12,0.148324
174,12,0.143865
176,12,0.139424
178,12,0.135000
180,12,0.130588
182,12,0.125307
184,12,0.120989
186,12,0.116677
188,12,0.112371
190,12,0.108071
192,12,0.103778
194,12,0.099492
196,12,0.095212
198,12,0.090938
200,12,0.086669
202,12,0.082406
204,12,0.078148
206,12,0.073894
208,12,0.069645
210,12,0.065398
212,12,0.061153
214,12,0.056909
216,12,0.052668
218,12,0.048431
220,12,0.044203
222,12,0.039987
224,12,0.035795
226,12,0.031639
228,12,0.027546
230,12,0.023551
232,12,0.019708
234,12,0.016083
236,12,0.012752
238,12,0.009802
240,12,0.007354
242,12,0.006598
244,12,0.005887
246,12,0.005221
248,12,0.004601
250,12,0.004028
252,12,0.003500
254,12,0.003017
256,12,0.002578
258,12,0.002183
260,12,0.001830
262,12,0.001517
264,12,0.001242
266,12,0.001002
268,12,0.000796
270,12,0.000620
272,12,0.000473
274,12,0.000352
276,12,0.000254
278,12,0.000177
280,12,0.000118
282,12,0.000075
284,12,0.000044
286,12,0.000024
288,12,0.000011
290,12,0.000004
292,12,0.000001
294,12,0.000000
296,12,0.000000
298,12,0.000000
0,14,0.582381
2,14,0.576666
4,14,0.571279
6,14,0.565914
8,14,0.560570
10,14,0.555247
12,14,0.549941
14,14,0.544650
16,14,0.539371
18,14,0.534110
20,14,0.528858
22,14,0.523618
24,14,0.518390
26,14,0.513167
28,14,0.507953
30,14,0.502729
32,14,0.497520
34,14,0.492337
36,14,0.487156
38,14,0.481979
40,14,0.476802
42,14,0.471634
44,14,0.466470
46,14,0.461302
48,14,0.456146
50,14,0.450990
52,14,0.445839
54,14,0.440692
56,14,0.435546
58,14,0.430404
60,14,0.425243
62,14,0.419466
64,14,0.414413
66,14,0.409359
68,14,0.404309
70,14,0.399260
72,14,0.394215
74,14,0.389172
76,14,0.384129
78,14,0.379096
80,14,0.374063
82,14,0.369035
84,14,0.364012
86,14,0.358991
88,14,0.353975
90,14,0.348953
92,14,0.343924
94,14,0.338933
96,14,0.333945
98,14,0.328961
100,14,0.323978
102,14,0.319004
104,14,0.314037
106,14,0.309071
108,14,0.304118
110,14,0.299168
112,14,0.294227
114,14,0.289294
116,14,0.284367
118,14,0.279449
120,14,0.274533
122,14,0.268575
124,14,0.263769
126,14,0.258967
128,14,0.254168
130,14,0.249374
132,14,0.244585
134,14,0.239802
136,14,0.235025
138,14,0.230257
140,14,0.225496
142,14,0.220743
144,14,0.215999
146,14,0.211265
148,14,0.206540
150,14,0.201826
152,14,0.197113
154,14,0.192426
156,14,0.187749
158,14,0.183084
160,14,0.178432
162,14,0.173794
164,14,0.169169
166,14,0.164560
168,14,0.159966
170,14,0.155388
172,14,0.150827
174,14,0.146283
176,14,0.141756
178,14,0.137246
180,14,0.132749
182,14,0.127401
184,14,0.122996
186,14,0.118597
188,14,0.114205
190,14,0.109820
192,14,0.105442
194,14,0.101072
196,14,0.096708
198,14,0.092352
200,14,0.088002
202,14,0.083658
204,14,0.079321
206,14,0.074990
208,14,0.070665
210,14,0.066344
212,14,0.062025
214,14,0.057710
216,14,0.053399
218,14,0.049094
220,14,0.044799
222,14,0.040519
224,14,0.036264
226,14,0.032047
228,14,0.027895
230,14,0.023844
232,14,0.019948
234,14,0.016275
236,14,0.012900
238,14,0.009911
240,14,0.007428
242,14,0.006660
244,14,0.005938
246,14,0.005263
248,14,0.004635
250,14,0.004055
252,14,0.003522
254,14,0.003034
256,14,0.002592
258,14,0.002193
260,14,0.001838
262,14,0.001522
264,14,0.001246
266,14,0.001005
268,14,0.000798
270,14,0.000622
272,14,0.000474
274,14,0.000352
276,14,0.000254
278,14,0.000177
280,14,0.000118
282,14,0.000075
284,14,0.000044
286,14,0.000024
288,14,0.000011
290,14,0.000004
292,14,0.000001
294,14,0.000000
296,14,0.000000
298,14,0.000000
0,16,0.587571
2,16,0.581870
4,16,0.576498
6,16,0.571147
8,16,0.565817
10,16,0.560506
12,16,0.555213
14,16,0.549935
16,16,0.544667
18,16,0.539417
20,16,0.534176
22,16,0.528946
24,16,0.523727
26,16,0.518513
28,16,0.513306
30,16,0.508088
32,16,0.502886
34,16,0.497708
36,16,0.492532
38,16,0.487359
40,16,0.482185
42,16,0.477019
44,16,0.471856
46,16,0.466687
48,16,0.461531
50,16,0.456373
52,16,0.451219
54,16,0.446068
56,16,0.440916
58,16,0.435767
60,16,0.430596
62,16,0.424814
64,16,0.419752
66,16,0.414689
68,16,0.409627
70,16,0.404565
72,16,0.399506
74,16,0.394448
76,16,0.389388
78,16,0.384336
80,16,0.379283
82,16,0.374234
84,16,0.369188
86,16,0.364143
88,16,0.359101
90,16,0.354050
92,16,0.348994
94,16,0.343974
96,16,0.338954
98,16,0.333936
100,16,0.328918
102,16,0.323908
104,16,0.318903
106,16,0.313897
108,16,0.308902
110,16,0.303910
112,16,0.298925
114,16,0.293946
116,16,0.288971
118,16,0.284004
120,16,0.279038
122,16,0.273042
124,16,0.268185
126,16,0.263328
128,16,0.258474
130,16,0.253622
132,16,0.248774
134,16,0.243929
136,16,0.239090
138,16,0.234257
140,16,0.229429
142,16,0.224608
144,16,0.219795
146,16,0.214989
148,16,0.210192
150,16,0.205405
152,16,0.200618
154,16,0.195855
156,16,0.191100
158,16,0.186356
160,16,0.181623
162,16,0.176904
164,16,0.172197
166,16,0.167505
168,16,0.162828
170,16,0.158166
172,16,0.153521
174,16,0.148892
176,16,0.144280
178,16,0.139687
180,16,0.135105
182,16,0.129693
184,16,0.125201
186,16,0.120715
188,16,0.116234
190,16,0.111760
192,16,0.107293
194,16,0.102834
196,16,0.098383
198,16,0.093938
200,16,0.089501
202,16,0.085072
204,16,0.080651
206,16,0.076237
208,16,0.071830
210,16,0.067430
212,16,0.063035
214,16,0.058645
216,16,0.054262
218,16,0.049889
220,16,0.045529
222,16,0.041188
224,16,0.036876
226,16,0.032609
228,16,0.028410
230,16,0.024318
232,16,0.020383
234,16,0.016671
236,16,0.013258
238,16,0.010236
240,16,0.007706
242,16,0.006901
244,16,0.006145
246,16,0.005440
248,16,0.004784
250,16,0.004179
252,16,0.003624
254,16,0.003118
256,16,0.002660
258,16,0.002248
260,16,0.001881
262,16,0.001556
264,16,0.001271
266,16,0.001024
268,16,0.000812
270,16,0.000632
272,16,0.000481
274,16,0.000357
276,16,0.000257
278,16,0.000179
280,16,0.000119
282,16,0.000076
284,16,0.000045
286,16,0.000024
288,16,0.000011
290,16,0.000005
292,16,0.000001
294,16,0.000000
296,16,0.000000
298,16,0.000000
0,18,0.592730
2,18,0.587045
4,18,0.581687
6,18,0.576351
8,18,0.571035
10,18,0.565739
12,18,0.560459
14,18,0.555193
16,18,0.549937
18,18,0.544700
20,18,0.539469
22,18,0.534250
24,18,0.529041
26,18,0.523836
28,18,0.518637
30,18,0.513426
32,18,0.508231
34,18,0.503059
36,18,0.497889
38,18,0.492720
40,18,0.487549
42,18,0.482385
44,18,0.477224
46,18,0.472055
48,18,0.466898
50,18,0.461738
52,18,0.456581
54,18,0.451426
56,18,0.446269
58,18,0.441113
60,18,0.435933
62,18,0.430146
64,18,0.425075
66,18,0.420002
68,18,0.414927
70,18,0.409853
72,18,0.404778
74,18,0.399704
76,18,0.394626
78,18,0.389555
80,18,0.384480
82,18,0.379408
84,18,0.374339
86,18,0.369268
88,18,0.364197
90,18,0.359116
92,18,0.354031
94,18,0.348978
96,18,0.343924
98,18,0.338871
100,18,0.333815
102,18,0.328765
104,18,0.323718
106,18,0.318670
108,18,0.313630
110,18,0.308590
112,18,0.303556
114,18,0.298527
116,18,0.293501
118,18,0.288480
120,18,0.283460
122,18,0.277420
124,18,0.272505
126,18,0.267588
128,18,0.262671
130,18,0.257754
132,18,0.252839
134,18,0.247927
136,18,0.243018
138,18,0.238113
140,18,0.233211
142,18,0.228315
144,18,0.223425
146,18,0.218541
148,18,0.213664
150,18,0.208796
152,18,0.203928
154,18,0.199082
156,18,0.194243
158,18,0.189414
160,18,0.184596
162,18,0.179790
164,18,0.174997
166,18,0.170218
168,18,0.165454
170,18,0.160704
172,18,0.155972
174,18,0.151256
176,18,0.146558
178,18,0.141878
180,18,0.137211
182,18,0.131732
184,18,0.127153
186,18,0.122580
188,18,0.118014
190,18,0.113455
192,18,0.108904
194,18,0.104362
196,18,0.099828
198,18,0.095302
200,18,0.090786
202,18,0.086279
204,18,0.081780
206,18,0.077291
208,18,0.072811
210,18,0.068340
212,18,0.063874
214,18,0.059415
216,18,0.054965
218,18,0.050526
220,18,0.046102
222,18,0.041699
224,18,0.037326
226,18,0.033000
228,18,0.028744
230,18,0.024597
232,18,0.020610
234,18,0.016850
236,18,0.013393
238,18,0.010332
240,18,0.007769
242,18,0.006953
244,18,0.006188
246,18,0.005475
248,18,0.004813
250,18,0.004202
252,18,0.003643
254,18,0.003133
256,18,0.002671
258,18,0.002256
260,18,0.001887
262,18,0.001561
264,18,0.001275
266,18,0.001027
268,18,0.000814
270,18,0.000633
272,18,0.000481
274,18,0.000357
276,18,0.000258
278,18,0.000179
280,18,0.000120
282,18,0.000076
284,18,0.000045
286,18,0.000024
288,18,0.000011
290,18,0.000005
292,18,0.000001
294,18,0.000000
296,18,0.000000
298,18,0.000000
0,20,0.597864
2,20,0.592195
4,20,0.586853
6,20,0.581532
8,20,0.576231
10,20,0.570949
12,20,0.565683
14,20,0.560431
16,20,0.555188
18,20,0.549963
20,20,0.544745
22,20,0.539537
24,20,0.534338
26,20,0.529143
28,20,0.523954
30,20,0.518749
32,20,0.513563
34,20,0.508399
36,20,0.503234
38,20,0.498070
40,20,0.492904
42,20,0.487743
44,20,0.482584
46,20,0.477416
48,20,0.472259
50,20,0.467098
52,20,0.461939
54,20,0.456781
56,20,0.451619
58,20,0.446458
60,20,0.441268
62,20,0.435477
64,20,0.430399
66,20,0.425316
68,20,0.420231
70,20,0.415144
72,20,0.410056
74,20,0.404966
76,20,0.399870
78,20,0.394781
80,20,0.389687
82,20,0.384593
84,20,0.379501
86,20,0.374404
88,20,0.369307
90,20,0.364197
92,20,0.359083
94,20,0.354000
96,20,0.348913
98,20,0.343824
100,20,0.338731
102,20,0.333643
104,20,0.328556
106,20,0.323465
108,20,0.318382
110,20,0.313297
112,20,0.308215
114,20,0.303137
116,20,0.298060
118,20,0.292987
120,20,0.287914
122,20,0.281832
124,20,0.276861
126,20,0.271886
128,20,0.266909
130,20,0.261929
132,20,0.256950
134,20,0.251970
136,20,0.246993
138,20,0.242018
140,20,0.237044
142,20,0.232075
144,20,0.227109
146,20,0.222149
148,20,0.217194
150,20,0.212248
152,20,0.207300
154,20,0.202372
156,20,0.197451
158,20,0.192538
160,20,0.187635
162,20,0.182744
164,20,0.177865
166,20,0.173000
168,20,0.168150
170,20,0.163314
172,20,0.158495
174,20,0.153693
176,20,0.148909
178,20,0.144144
180,20,0.139391
182,20,0.133845
184,20,0.129180
186,20,0.124521
188,20,0.119868
190,20,0.115223
192,20,0.110586
194,20,0.105959
196,20,0.101342
198,20,0.096733
200,20,0.092136
202,20,0.087548
204,20,0.082972
206,20,0.078406
208,20,0.073851
210,20,0.069306
212,20,0.064768
214,20,0.060240
216,20,0.055722
218,20,0.051218
220,20,0.046731
222,20,0.042268
224,20,0.037838
226,20,0.033457
228,20,0.029149
230,20,0.024954
232,20,0.020921
234,20,0.017117
236,20,0.013619
238,20,0.010520
240,20,0.007918
242,20,0.007081
244,20,0.006298
246,20,0.005568
248,20,0.004892
250,20,0.004268
252,20,0.003697
254,20,0.003177
256,20,0.002707
258,20,0.002285
260,20,0.001910
262,20,0.001578
264,20,0.001288
266,20,0.001037
268,20,0.000821
270,20,0.000638
272,20,0.000485
274,20,0.000360
276,20,0.000259
278,20,0.000180
280,20,0.000120
282,20,0.000076
284,20,0.000045
286,20,0.000024
288,20,0.000011
290,20,0.000005
292,20,0.000001
294,20,0.000000
296,20,0.000000
298,20,0.000000
0,22,0.602969
2,22,0.597317
4,22,0.591992
6,22,0.586687
8,22,0.581401
10,22,0.576135
12,22,0.570884
14,22,0.565646
16,22,0.560417
18,22,0.555205
20,22,0.549999
22,22,0.544804
24,22,0.539617
26,22,0.534432
28,22,0.529253
30,22,0.524056
32,22,0.518879
34,22,0.513722
36,22,0.508565
38,22,0.503407
40,22,0.498245
42,22,0.493089
44,22,0.487933
46,22,0.482767
48,22,0.477611
50,22,0.472449
52,22,0.467289
54,22,0.462128
56,22,0.456963
58,22,0.451796
60,22,0.446597
62,22,0.440804
64,22,0.435719
66,22,0.430628
68,22,0.425532
70,22,0.420434
72,22,0.415333
74,22,0.410229
76,22,0.405117
78,22,0.400010
80,22,0.394897
82,22,0.389782
84,22,0.384667
86,22,0.379546
88,22,0.374423
90,22,0.369284
92,22,0.364142
94,22,0.359029
96,22,0.353909
98,22,0.348787
100,22,0.343657
102,22,0.338532
104,22,0.333404
106,22,0.328272
108,22,0.323145
110,22,0.318015
112,22,0.312887
114,22,0.307760
116,22,0.302633
118,22,0.297508
120,22,0.292383
122,22,0.286260
124,22,0.281234
126,22,0.276200
128,22,0.271163
130,22,0.266122
132,22,0.261078
134,22,0.256032
136,22,0.250987
138,22,0.245942
140,22,0.240896
142,22,0.235853
144,22,0.230812
146,22,0.225774
148,22,0.220742
150,22,0.215716
152,22,0.210688
154,22,0.205678
156,22,0.200674
158,22,0.195677
160,22,0.190688
162,22,0.185711
164,22,0.180746
166,22,0.175794
168,22,0.170856
170,22,0.165932
172,22,0.161026
174,22,0.156137
176,22,0.151266
178,22,0.146414
180,22,0.141575
182,22,0.135962
184,22,0.131209
186,22,0.126462
188,22,0.121721
190,22,0.116989
192,22,0.112266
194,22,0.107554
196,22,0.102851
198,22,0.098159
200,22,0.093479
202,22,0.088811
204,22,0.084156
206,22,0.079513
208,22,0.074883
210,22,0.070264
212,22,0.065655
214,22,0.061057
216,22,0.056472
218,22,0.051903
220,22,0.047354
222,22,0.042830
224,22,0.038342
226,22,0.033906
228,22,0.029546
230,22,0.025301
232,22,0.021221
234,22,0.017372
236,22,0.013833
238,22,0.010697
240,22,0.008054
242,22,0.007198
244,22,0.006397
246,22,0.005651
248,22,0.004960
250,22,0.004325
252,22,0.003743
254,22,0.003214
256,22,0.002737
258,22,0.002309
260,22,0.001928
262,22,0.001592
264,22,0.001299
266,22,0.001045
268,22,0.000827
270,22,0.000642
272,22,0.000488
274,22,0.000362
276,22,0.000260
278,22,0.000181
280,22,0.000121
282,22,0.000076
284,22,0.000045
286,22,0.000024
288,22,0.000011
290,22,0.000005
292,22,0.000001
294,22,0.000000
296,22,0.000000
298,22,0.000000
0,24,0.608049
2,24,0.602415
4,24,0.597106
6,24,0.591818
8,24,0.586549
10,24,0.581298
12,24,0.576063
14,24,0.570841
16,24,0.565625
18,24,0.560428
20,24,0.555236
22,24,0.550053
24,24,0.544878
26,24,0.539705
28,24,0.534537
30,24,0.529348
32,24,0.524181
34,24,0.519033
36,24,0.513883
38,24,0.508732
40,24,0.503576
42,24,0.498424
44,24,0.493273
46,24,0.488108
48,24,0.482954
50,24,0.477793
52,24,0.472631
54,24,0.467469
56,24,0.462300
58,24,0.457129
60,24,0.451921
62,24,0.446127
64,24,0.441035
66,24,0.435936
68,24,0.430831
70,24,0.425721
72,24,0.420607
74,24,0.415489
76,24,0.410360
78,24,0.405237
80,24,0.400104
82,24,0.394968
84,24,0.389830
86,24,0.384684
88,24,0.379534
90,24,0.374366
92,24,0.369197
94,24,0.364052
96,24,0.358899
98,24,0.353741
100,24,0.348575
102,24,0.343410
104,24,0.338241
106,24,0.333066
108,24,0.327894
110,24,0.322717
112,24,0.317541
114,24,0.312364
116,24,0.307184
118,24,0.302005
120,24,0.296826
122,24,0.290661
124,24,0.285576
126,24,0.280482
128,24,0.275382
130,24,0.270275
132,24,0.265164
134,24,0.260048
136,24,0.254932
138,24,0.249814
140,24,0.244693
142,24,0.239572
144,24,0.234453
146,24,0.229335
148,24,0.224221
150,24,0.219113
152,24,0.214002
154,24,0.208908
156,24,0.203817
158,24,0.198733
160,24,0.193657
162,24,0.188592
164,24,0.183537
166,24,0.178497
168,24,0.173470
170,24,0.168458
172,24,0.163464
174,24,0.158486
176,24,0.153528
178,24,0.148590
180,24,0.143664
182,24,0.137982
184,24,0.133142
186,24,0.128309
188,24,0.123483
190,24,0.118665
192,24,0.113858
194,24,0.109063
196,24,0.104278
198,24,0.099506
200,24,0.094748
202,24,0.090003
204,24,0.085272
206,24,0.080555
208,24,0.075853
210,24,0.071164
212,24,0.066487
214,24,0.061822
216,24,0.057173
218,24,0.052541
220,24,0.047930
222,24,0.043347
224,24,0.038802
226,24,0.034310
228,24,0.029897
230,24,0.025601
232,24,0.021472
234,24,0.017577
236,24,0.013996
238,24,0.010822
240,24,0.008144
242,24,0.007275
244,24,0.006462
246,24,0.005706
248,24,0.005006
250,24,0.004362
252,24,0.003774
254,24,0.003239
256,24,0.002757
258,24,0.002325
260,24,0.001940
262,24,0.001602
264,24,0.001306
266,24,0.001050
268,24,0.000831
270,24,0.000645
272,24,0.000490
274,24,0.000363
276,24,0.000261
278,24,0.000181
280,24,0.000121
282,24,0.000076
284,24,0.000045
286,24,0.000024
288,24,0.000011
290,24,0.000005
292,24,0.000001
294,24,0.000000
296,24,0.000000
298,24,0.000000
0,26,0.613104
2,26,0.607488
4,26,0.602197
6,26,0.596926
8,26,0.591674
10,26,0.586441
12,26,0.581222
14,26,0.576016
16,26,0.570816
18,26,0.565633
20,26,0.560456
22,26,0.555286
24,26,0.550125
26,26,0.544965
28,26,0.539808
30,26,0.534628
32,26,0.529472
34,26,0.524334
36,26,0.519193
38,26,0.514050
40,26,0.508899
42,26,0.503754
44,26,0.498608
46,26,0.493446
48,26,0.488295
50,26,0.483135
52,26,0.477973
54,26,0.472811
56,26,0.467639
58,26,0.462464
60,26,0.457248
62,26,0.451454
64,26,0.446358
66,26,0.441251
68,26,0.436138
70,26,0.431019
72,26,0.425893
74,26,0.420762
76,26,0.415619
78,26,0.410479
80,26,0.405328
82,26,0.400172
84,26,0.395014
86,26,0.389845
88,26,0.384670
90,26,0.379473
92,26,0.374278
94,26,0.369104
96,26,0.363920
98,26,0.358729
100,26,0.353526
102,26,0.348324
104,26,0.343116
106,26,0.337900
108,26,0.332685
110,26,0.327463
112,26,0.322240
114,26,0.317015
116,26,0.311785
118,26,0.306555
120,26,0.301324
122,26,0.295119
124,26,0.289979
126,26,0.284827
128,26,0.279668
130,26,0.274498
132,26,0.269322
134,26,0.264140
136,26,0.258955
138,26,0.253766
140,26,0.248572
142,26,0.243377
144,26,0.238181
146,26,0.232985
148,26,0.227792
150,26,0.222604
152,26,0.217412
154,26,0.212234
156,26,0.207058
158,26,0.201888
160,26,0.196725
162,26,0.191573
164,26,0.186430
166,26,0.181301
168,26,0.176186
170,26,0.171085
172,26,0.166002
174,26,0.160937
176,26,0.155891
178,26,0.150865
180,26,0.145852
182,26,0.140101
184,26,0.135173
186,26,0.130251
188,26,0.125336
190,26,0.120431
192,26,0.115537
194,26,0.110655
196,26,0.105786
198,26,0.100930
200,26,0.096089
202,26,0.091263
204,26,0.086454
206,26,0.081660
208,26,0.076883
210,26,0.072122
212,26,0.067374
214,26,0.062640
216,26,0.057924
218,26,0.053228
220,26,0.048556
222,26,0.043913
224,26,0.039312
226,26,0.034766
228,26,0.030303
230,26,0.025958
232,26,0.021783
234,26,0.017845
236,26,0.014223
238,26,0.011010
240,26,0.008292
242,26,0.007402
244,26,0.006570
246,26,0.005797
248,26,0.005082
250,26,0.004426
252,26,0.003826
254,26,0.003282
256,26,0.002791
258,26,0.002352
260,26,0.001961
262,26,0.001618
264,26,0.001318
266,26,0.001059
268,26,0.000837
270,26,0.000649
272,26,0.000493
274,26,0.000365
276,26,0.000263
278,26,0.000182
280,26,0.000121
282,26,0.000077
284,26,0.000045
286,26,0.000024
288,26,0.000012
290,26,0.000005
292,26,0.000001
294,26,0.000000
296,26,0.000000
298,26,0.000000
0,28,0.618134
2,28,0.612538
4,28,0.607265
6,28,0.602013
8,28,0.596779
10,28,0.591563
12,28,0.586361
14,28,0.581172
16,28,0.575988
18,28,0.570821
20,28,0.565659
22,28,0.560504
24,28,0.555357
26,28,0.550210
28,28,0.545066
30,28,0.539896
32,28,0.534751
34,28,0.529624
36,28,0.524493
38,28,0.519359
40,28,0.514216
42,28,0.509078
44,28,0.503937
46,28,0.498779
48,28,0.493631
50,28,0.488473
52,28,0.483313
54,28,0.478151
56,28,0.472978
58,28,0.467800
60,28,0.462575
62,28,0.456783
64,28,0.451682
66,28,0.446570
68,28,0.441449
70,28,0.436321
72,28,0.431185
74,28,0.426042
76,28,0.420884
78,28,0.415729
80,28,0.410561
82,28,0.405387
84,28,0.400207
86,28,0.395015
88,28,0.389816
90,28,0.384592
92,28,0.379370
94,28,0.374169
96,28,0.368953
98,28,0.363729
100,28,0.358491
102,28,0.353252
104,28,0.348004
106,28,0.342747
108,28,0.337489
110,28,0.332222
112,28,0.326952
114,28,0.321678
116,28,0.316398
118,28,0.311116
120,28,0.305833
122,28,0.299589
124,28,0.294394
126,28,0.289184
128,28,0.283964
130,28,0.278732
132,28,0.273490
134,28,0.268240
136,28,0.262986
138,28,0.257725
140,28,0.252457
142,28,0.247186
144,28,0.241913
146,28,0.236638
148,28,0.231364
150,28,0.226095
152,28,0.220820
154,28,0.215558
156,28,0.210296
158,28,0.205039
160,28,0.199788
162,28,0.194547
164,28,0.189316
166,28,0.184097
168,28,0.178892
170,28,0.173702
172,28,0.168530
174,28,0.163375
176,28,0.158241
178,28,0.153127
180,28,0.148027
182,28,0.142206
184,28,0.137189
186,28,0.132178
188,28,0.127175
190,28,0.122182
192,28,0.117200
194,28,0.112233
196,28,0.107278
198,28,0.102339
200,28,0.097416
202,28,0.092510
204,28,0.087623
206,28,0.082753
208,28,0.077902
210,28,0.073068
212,28,0.068250
214,28,0.063448
216,28,0.058666
218,28,0.053906
220,28,0.049173
222,28,0.044472
224,28,0.039814
226,28,0.035216
228,28,0.030701
230,28,0.026308
232,28,0.022088
234,28,0.018106
236,28,0.014442
238,28,0.011191
240,28,0.008434
242,28,0.007523
244,28,0.006673
246,28,0.005884
248,28,0.005155
250,28,0.004487
252,28,0.003876
254,28,0.003322
256,28,0.002824
258,28,0.002378
260,28,0.001982
262,28,0.001634
264,28,0.001330
266,28,0.001068
268,28,0.000844
270,28,0.000654
272,28,0.000496
274,28,0.000367
276,28,0.000264
278,28,0.000183
280,28,0.000122
282,28,0.000077
284,28,0.000045
286,28,0.000024
288,28,0.000012
290,28,0.000005
292,28,0.000001
294,28,0.000000
296,28,0.000000
298,28,0.000000
0,30,0.623144
2,30,0.617568
4,30,0.612315
6,30,0.607081
8,30,0.601867
10,30,0.596669
12,30,0.591486
14,30,0.586315
16,30,0.581148
18,30,0.575998
20,30,0.570852
22,30,0.565713
24,30,0.560582
26,30,0.555449
28,30,0.550319
30,30,0.545161
32,30,0.540029
34,30,0.534914
36,30,0.529794
38,30,0.524670
40,30,0.519536
42,30,0.514407
44,30,0.509274
46,30,0.504123
48,30,0.498982
50,30,0.493829
52,30,0.488673
54,30,0.483515
56,30,0.478344
58,30,0.473169
60,30,0.467931
62,30,0.462144
64,30,0.457043
66,30,0.451929
68,30,0.446805
70,30,0.441673
72,30,0.436532
74,30,0.431383
76,30,0.426217
78,30,0.421055
80,30,0.415877
82,30,0.410693
84,30,0.405504
86,30,0.400301
88,30,0.395090
90,30,0.389839
92,30,0.384605
94,30,0.379389
96,30,0.374158
98,30,0.368917
100,30,0.363658
102,30,0.358401
104,30,0.353137
106,30,0.347851
108,30,0.342572
110,30,0.337279
112,30,0.331981
114,30,0.326681
116,30,0.321368
118,30,0.316051
120,30,0.310737
122,30,0.304490
124,30,0.299275
126,30,0.294042
128,30,0.288799
130,30,0.283542
132,30,0.278275
134,30,0.272998
136,30,0.267719
138,30,0.262430
140,30,0.257132
142,30,0.251829
144,30,0.246522
146,30,0.241209
148,30,0.235895
150,30,0.230588
152,30,0.225280
154,30,0.219979
156,30,0.214676
158,30,0.209373
160,30,0.204073
162,30,0.198781
164,30,0.193492
166,30,0.188219
168,30,0.182954
170,30,0.177702
172,30,0.172467
174,30,0.167249
176,30,0.162052
178,30,0.156880
180,30,0.151723
182,30,0.145877
184,30,0.140796
186,30,0.135715
188,30,0.130636
190,30,0.125560
192,30,0.120491
194,30,0.115433
196,30,0.110382
198,30,0.105342
200,30,0.100315
202,30,0.095304
204,30,0.090310
206,30,0.085337
208,30,0.080386
210,30,0.075456
212,30,0.070544
214,30,0.065654
216,30,0.060790
218,30,0.055960
220,30,0.051172
222,30,0.046432
224,30,0.041757
226,30,0.037163
228,30,0.032677
230,30,0.028332
232,30,0.024171
234,30,0.020244
236,30,0.016607
238,30,0.013322
240,30,0.010446
242,30,0.009361
244,30,0.008340
246,30,0.007386
248,30,0.006498
250,30,0.005677
252,30,0.004924
254,30,0.004236
256,30,0.003612
258,30,0.003052
260,30,0.002553
262,30,0.002112
264,30,0.001725
266,30,0.001390
268,30,0.001102
270,30,0.000857
272,30,0.000652
274,30,0.000484
276,30,0.000349
278,30,0.000243
280,30,0.000162
282,30,0.000102
284,30,0.000060
286,30,0.000032
288,30,0.000015
290,30,0.000006
292,30,0.000002
294,30,0.000000
296,30,0.000000
298,30,0.000000
0,32,0.628139
2,32,0.622584
4,32,0.617351
6,32,0.612137
8,32,0.606942
10,32,0.601764
12,32,0.596599
14,32,0.591446
16,32,0.586297
18,32,0.581165
20,32,0.576036
22,32,0.570913
24,32,0.565797
26,32,0.560680
28,32,0.555564
30,32,0.550417
32,32,0.545299
34,32,0.540196
36,32,0.535087
38,32,0.529973
40,32,0.524848
42,32,0.519727
44,32,0.514602
46,32,0.509455
48,32,0.504319
50,32,0.499170
52,32,0.494016
54,32,0.488859
56,32,0.483689
58,32,0.478512
60,32,0.473265
62,32,0.467481
64,32,0.462376
66,32,0.457257
68,32,0.452127
70,32,0.446987
72,32,0.441836
74,32,0.436675
76,32,0.431495
78,32,0.426318
80,32,0.421124
82,32,0.415921
84,32,0.410712
86,32,0.405486
88,32,0.400250
90,32,0.394971
92,32,0.389711
94,32,0.384466
96,32,0.379204
98,32,0.373929
100,32,0.368633
102,32,0.363338
104,32,0.358034
106,32,0.352705
108,32,0.347382
110,32,0.342042
112,32,0.336695
114,32,0.331345
116,32,0.325979
118,32,0.320607
120,32,0.315239
122,32,0.308951
124,32,0.303678
126,32,0.298385
128,32,0.293079
130,32,0.287756
132,32,0.282421
134,32,0.277073
136,32,0.271722
138,32,0.266359
140,32,0.260984
142,32,0.255602
144,32,0.250214
146,32,0.244819
148,32,0.239420
150,32,0.234029
152,32,0.228635
154,32,0.223247
156,32,0.217855
158,32,0.212462
160,32,0.207071
162,32,0.201687
164,32,0.196306
166,32,0.190942
168,32,0.185585
170,32,0.180240
172,32,0.174914
174,32,0.169605
176,32,0.164318
178,32,0.159057
180,32,0.153812
182,32,0.147893
184,32,0.142723
186,32,0.137554
188,32,0.132387
190,32,0.127224
192,32,0.122069
194,32,0.116926
196,32,0.111792
198,32,0.106669
200,32,0.101563
202,32,0.096473
204,32,0.091403
206,32,0.086355
208,32,0.081332
210,32,0.076332
212,32,0.071351
214,32,0.066394
216,32,0.061465
218,32,0.056572
220,32,0.051722
222,32,0.046922
224,32,0.042189
226,32,0.037539
228,32,0.032998
230,32,0.028601
232,32,0.024391
234,32,0.020417
236,32,0.016736
238,32,0.013413
240,32,0.010504
242,32,0.009409
244,32,0.008380
246,32,0.007418
248,32,0.006524
250,32,0.005698
252,32,0.004940
254,32,0.004249
256,32,0.003623
258,32,0.003060
260,32,0.002559
262,32,0.002116
264,32,0.001728
266,32,0.001392
268,32,0.001103
270,32,0.000858
272,32,0.000653
274,32,0.000484
276,32,0.000349
278,32,0.000243
280,32,0.000162
282,32,0.000102
284,32,0.000060
286,32,0.000033
288,32,0.000015
290,32,0.000006
292,32,0.000002
294,32,0.000000
296,32,0.000000
298,32,0.000000
0,34,0.633088
2,34,0.627555
4,34,0.622343
6,34,0.617150
8,34,0.611974
10,34,0.606816
12,34,0.601672
14,34,0.596538
16,34,0.591407
18,34,0.586294
20,34,0.581183
22,34,0.576077
24,34,0.570978
26,34,0.565877
28,34,0.560776
30,34,0.555641
32,34,0.550537
34,34,0.545448
36,34,0.540352
38,34,0.535250
40,34,0.530134
42,34,0.525023
44,34,0.519907
46,34,0.514766
48,34,0.509637
50,34,0.504492
52,34,0.499342
54,34,0.494188
56,34,0.489018
58,34,0.483840
60,34,0.478585
62,34,0.472806
64,34,0.467700
66,34,0.462578
68,34,0.457443
70,34,0.452296
72,34,0.447138
74,34,0.441967
76,34,0.436774
78,34,0.431584
80,34,0.426375
82,34,0.421155
84,34,0.415927
86,34,0.410680
88,34,0.405421
90,34,0.400114
92,34,0.394830
94,34,0.389558
96,34,0.384266
98,34,0.378959
100,34,0.373628
102,34,0.368298
104,34,0.362954
106,34,0.357584
108,34,0.352219
110,34,0.346833
112,34,0.341440
114,34,0.336040
116,34,0.330622
118,34,0.325196
120,34,0.319776
122,34,0.313449
124,34,0.308121
126,34,0.302769
128,34,0.297402
130,34,0.292015
132,34,0.286613
134,34,0.281196
136,34,0.275774
138,34,0.270337
140,34,0.264886
142,34,0.259427
144,34,0.253958
146,34,0.248481
148,34,0.242999
150,34,0.237524
152,34,0.232045
154,34,0.226570
156,34,0.221089
158,34,0.215606
160,34,0.210125
162,34,0.204649
164,34,0.199176
166,34,0.193719
168,34,0.188270
170,34,0.182833
172,34,0.177415
174,34,0.172015
176,34,0.166637
178,34,0.161286
180,34,0.155953
182,34,0.149961
184,34,0.144701
186,34,0.139443
188,34,0.134186
190,34,0.128935
192,34,0.123693
194,34,0.118463
196,34,0.113244
198,34,0.108039
200,34,0.102851
202,34,0.097681
204,34,0.092534
206,34,0.087410
208,34,0.082313
210,34,0.077242
212,34,0.072191
214,34,0.067166
216,34,0.062172
218,34,0.057216
220,34,0.052304
222,34,0.047445
224,34,0.042654
226,34,0.037948
228,34,0.033353
230,34,0.028905
232,34,0.024644
234,34,0.020623
236,34,0.016900
238,34,0.013537
240,34,0.010592
242,34,0.009484
244,34,0.008443
246,34,0.007471
248,34,0.006568
250,34,0.005735
252,34,0.004970
254,34,0.004273
256,34,0.003642
258,34,0.003075
260,34,0.002571
262,34,0.002125
264,34,0.001735
266,34,0.001397
268,34,0.001107
270,34,0.000861
272,34,0.000654
274,34,0.000485
276,34,0.000350
278,34,0.000243
280,34,0.000162
282,34,0.000102
284,34,0.000060
286,34,0.000033
288,34,0.000015
290,34,0.000006
292,34,0.000002
294,34,0.000000
296,34,0.000000
298,34,0.000000
0,36,0.638014
2,36,0.632504
4,36,0.627313
6,36,0.622142
8,36,0.616988
10,36,0.611851
12,36,0.606727
14,36,0.601614
16,36,0.596502
18,36,0.591409
20,36,0.586316
22,36,0.581229
24,36,0.576148
26,36,0.571064
28,36,0.565980
30,36,0.560856
32,36,0.555769
34,36,0.550694
36,36,0.545612
38,36,0.540522
40,36,0.535418
42,36,0.530317
44,36,0.525211
46,36,0.520077
48,36,0.514956
50,36,0.509817
52,36,0.504672
54,36,0.499522
56,36,0.494354
58,36,0.489178
60,36,0.483914
62,36,0.478141
64,36,0.473036
66,36,0.467912
68,36,0.462773
70,36,0.457622
72,36,0.452456
74,36,0.447278
76,36,0.442073
78,36,0.436873
80,36,0.431650
82,36,0.426414
84,36,0.421169
86,36,0.415903
88,36,0.410623
90,36,0.405288
92,36,0.399982
94,36,0.394685
96,36,0.389366
98,36,0.384028
100,36,0.378664
102,36,0.373299
104,36,0.367918
106,36,0.362508
108,36,0.357102
110,36,0.351672
112,36,0.346233
114,36,0.340785
116,36,0.335318
118,36,0.329840
120,36,0.324368
122,36,0.318005
124,36,0.312624
126,36,0.307215
128,36,0.301789
130,36,0.296340
132,36,0.290874
134,36,0.285389
136,36,0.279898
138,36,0.274388
140,36,0.268863
142,36,0.263327
144,36,0.257779
146,36,0.252222
148,36,0.246656
150,36,0.241098
152,36,0.235535
154,36,0.229974
156,36,0.224404
158,36,0.218831
160,36,0.213259
162,36,0.207692
164,36,0.202126
166,36,0.196577
168,36,0.191034
170,36,0.185504
172,36,0.179994
174,36,0.174501
176,36,0.169033
178,36,0.163592
180,36,0.158169
182,36,0.152103
184,36,0.146752
186,36,0.141402
188,36,0.136055
190,36,0.130713
192,36,0.125382
194,36,0.120063
196,36,0.114757
198,36,0.109466
200,36,0.104194
202,36,0.098942
204,36,0.093715
206,36,0.088513
208,36,0.083340
210,36,0.078195
212,36,0.073073
214,36,0.067979
216,36,0.062918
218,36,0.057897
220,36,0.052922
222,36,0.048003
224,36,0.043154
226,36,0.038392
228,36,0.033744
230,36,0.029244
232,36,0.024934
234,36,0.020865
236,36,0.017097
238,36,0.013693
240,36,0.010710
242,36,0.009585
244,36,0.008529
246,36,0.007543
248,36,0.006628
250,36,0.005784
252,36,0.005011
254,36,0.004306
256,36,0.003668
258,36,0.003096
260,36,0.002587
262,36,0.002138
264,36,0.001745
266,36,0.001405
268,36,0.001112
270,36,0.000864
272,36,0.000657
274,36,0.000487
276,36,0.000351
278,36,0.000244
280,36,0.000162
282,36,0.000103
284,36,0.000060
286,36,0.000033
288,36,0.000015
290,36,0.000006
292,36,0.000002
294,36,0.000000
296,36,0.000000
298,36,0.000000
0,38,0.642916
2,38,0.637430
4,38,0.632262
6,38,0.627113
8,38,0.621981
10,38,0.616866
12,38,0.611763
14,38,0.606672
16,38,0.601580
18,38,0.596508
20,38,0.591435
22,38,0.586367
24,38,0.581305
26,38,0.576239
28,38,0.571172
30,38,0.566063
32,38,0.560992
34,38,0.555933
36,38,0.550866
38,38,0.545790
40,38,0.540697
42,38,0.535609
44,38,0.530514
46,38,0.525389
48,38,0.520276
50,38,0.515144
52,38,0.510005
54,38,0.504861
56,38,0.499697
58,38,0.494522
60,38,0.489250
62,38,0.483485
64,38,0.478382
66,38,0.473257
68,38,0.468117
70,38,0.462962
72,38,0.457792
74,38,0.452607
76,38,0.447392
78,38,0.442183
80,38,0.436948
82,38,0.431697
84,38,0.426438
86,38,0.421154
88,38,0.415854
90,38,0.410493
92,38,0.405167
94,38,0.399847
96,38,0.394502
98,38,0.389136
100,38,0.383739
102,38,0.378342
104,38,0.372926
106,38,0.367478
108,38,0.362032
110,38,0.356560
112,38,0.351077
114,38,0.345583
116,38,0.340067
118,38,0.334538
120,38,0.329018
122,38,0.322623
124,38,0.317191
126,38,0.311729
128,38,0.306247
130,38,0.300738
132,38,0.295209
134,38,0.289659
136,38,0.284101
138,38,0.278523
140,38,0.272925
142,38,0.267314
144,38,0.261689
146,38,0.256052
148,38,0.250406
150,38,0.244767
152,38,0.239122
154,38,0.233475
156,38,0.227818
158,38,0.222156
160,38,0.216493
162,38,0.210835
164,38,0.205177
166,38,0.199536
168,38,0.193900
170,38,0.188278
172,38,0.182674
174,38,0.177090
176,38,0.171530
178,38,0.165998
180,38,0.160486
182,38,0.154346
184,38,0.148904
186,38,0.143461
188,38,0.138021
190,38,0.132586
192,38,0.127163
194,38,0.121753
196,38,0.116357
198,38,0.110977
200,38,0.105617
202,38,0.100280
204,38,0.094969
206,38,0.089686
208,38,0.084435
210,38,0.079213
212,38,0.074017
214,38,0.068850
216,38,0.063720
218,38,0.058632
220,38,0.053593
222,38,0.048613
224,38,0.043705
226,38,0.038887
228,38,0.034185
230,38,0.029634
232,38,0.025274
234,38,0.021158
236,38,0.017345
238,38,0.013897
240,38,0.010870
242,38,0.009722
244,38,0.008645
246,38,0.007641
248,38,0.006709
250,38,0.005851
252,38,0.005066
254,38,0.004350
256,38,0.003704
258,38,0.003124
260,38,0.002609
262,38,0.002155
264,38,0.001758
266,38,0.001414
268,38,0.001119
270,38,0.000869
272,38,0.000660
274,38,0.000489
276,38,0.000352
278,38,0.000245
280,38,0.000163
282,38,0.000103
284,38,0.000061
286,38,0.000033
288,38,0.000015
290,38,0.000006
292,38,0.000002
294,38,0.000000
296,38,0.000000
298,38,0.000000
0,40,0.647795
2,40,0.642333
4,40,0.637189
6,40,0.632063
8,40,0.626954
10,40,0.621862
12,40,0.616783
14,40,0.611714
16,40,0.606643
18,40,0.601592
20,40,0.596540
22,40,0.591493
24,40,0.586451
26,40,0.581404
28,40,0.576357
30,40,0.571262
32,40,0.566209
34,40,0.561168
36,40,0.556116
38,40,0.551055
40,40,0.545976
42,40,0.540902
44,40,0.535819
46,40,0.530704
48,40,0.525602
50,40,0.520479
52,40,0.515347
54,40,0.510210
56,40,0.505052
58,40,0.499882
60,40,0.494599
62,40,0.488845
64,40,0.483745
66,40,0.478622
68,40,0.473481
70,40,0.468326
72,40,0.463153
74,40,0.457963
76,40,0.452742
78,40,0.447525
80,40,0.442281
82,40,0.437020
84,40,0.431750
86,40,0.426451
88,40,0.421136
90,40,0.415747
92,40,0.410406
94,40,0.405067
96,40,0.399700
98,40,0.394311
100,40,0.388886
102,40,0.383462
104,40,0.378018
106,40,0.372532
108,40,0.367053
110,40,0.361543
112,40,0.356020
114,40,0.350487
116,40,0.344925
118,40,0.339349
120,40,0.333783
122,40,0.327364
124,40,0.321892
126,40,0.316383
128,40,0.310854
130,40,0.305295
132,40,0.299712
134,40,0.294106
136,40,0.288492
138,40,0.282854
140,40,0.277194
142,40,0.271518
144,40,0.265826
146,40,0.260119
148,40,0.254400
150,40,0.248689
152,40,0.242974
154,40,0.237253
156,40,0.231520
158,40,0.225779
160,40,0.220035
162,40,0.214295
164,40,0.208552
166,40,0.202828
168,40,0.197107
170,40,0.191399
172,40,0.185711
174,40,0.180041
176,40,0.174398
178,40,0.168785
180,40,0.163194
182,40,0.156993
184,40,0.151468
186,40,0.145941
188,40,0.140415
190,40,0.134894
192,40,0.129382
194,40,0.123885
196,40,0.118400
198,40,0.112931
200,40,0.107482
202,40,0.102058
204,40,0.096660
206,40,0.091294
208,40,0.085961
210,40,0.080661
212,40,0.075388
214,40,0.070147
216,40,0.064946
218,40,0.059791
220,40,0.054692
222,40,0.049655
224,40,0.044699
226,40,0.039838
228,40,0.035099
230,40,0.030516
232,40,0.026127
234,40,0.021980
236,40,0.018129
238,40,0.014634
240,40,0.011547
242,40,0.010342
244,40,0.009210
246,40,0.008153
248,40,0.007170
250,40,0.006263
252,40,0.005431
254,40,0.004672
256,40,0.003984
258,40,0.003367
260,40,0.002816
262,40,0.002330
264,40,0.001905
266,40,0.001535
268,40,0.001218
270,40,0.000948
272,40,0.000721
274,40,0.000536
276,40,0.000386
278,40,0.000269
280,40,0.000180
282,40,0.000114
284,40,0.000067
286,40,0.000036
288,40,0.000017
290,40,0.000007
292,40,0.000002
294,40,0.000000
296,40,0.000000
298,40,0.000000
0,42,0.652651
2,42,0.647214
4,42,0.642094
6,42,0.636993
8,42,0.631908
10,42,0.626839
12,42,0.621783
14,42,0.616737
16,42,0.611689
18,42,0.606661
20,42,0.601631
22,42,0.596605
24,42,0.591585
26,42,0.586558
28,42,0.581530
30,42,0.576450
32,42,0.571416
34,42,0.566393
36,42,0.561358
38,42,0.556313
40,42,0.551249
42,42,0.546189
44,42,0.541120
46,42,0.536014
48,42,0.530924
50,42,0.525810
52,42,0.520687
54,42,0.515558
56,42,0.510405
58,42,0.505239
60,42,0.499947
62,42,0.494204
64,42,0.489109
66,42,0.483988
68,42,0.478848
70,42,0.473692
72,42,0.468516
74,42,0.463323
76,42,0.458093
78,42,0.452870
80,42,0.447616
82,42,0.442343
84,42,0.437060
86,42,0.431745
88,42,0.426412
90,42,0.420997
92,42,0.415639
94,42,0.410279
96,42,0.404887
98,42,0.399471
100,42,0.394015
102,42,0.388560
104,42,0.383081
106,42,0.377558
108,42,0.372041
110,42,0.366489
112,42,0.360921
114,42,0.355342
116,42,0.349731
118,42,0.344104
120,42,0.338490
122,42,0.332040
124,42,0.326518
126,42,0.320956
128,42,0.315370
130,42,0.309750
132,42,0.304105
134,42,0.298432
136,42,0.292751
138,42,0.287041
140,42,0.281307
142,42,0.275554
144,42,0.269782
146,42,0.263994
148,42,0.258192
150,42,0.252398
152,42,0.246598
154,42,0.240789
156,42,0.234965
158,42,0.229132
160,42,0.223296
162,42,0.217462
164,42,0.211623
166,42,0.205804
168,42,0.199988
170,42,0.194184
172,42,0.188400
174,42,0.182636
176,42,0.176899
178,42,0.171194
180,42,0.165510
182,42,0.159233
184,42,0.153613
186,42,0.147993
188,42,0.142372
190,42,0.136756
192,42,0.131151
194,42,0.125561
196,42,0.119985
198,42,0.114426
200,42,0.108890
202,42,0.103379
204,42,0.097898
206,42,0.092451
208,42,0.087039
210,42,0.081663
212,42,0.076315
214,42,0.071002
216,42,0.065732
218,42,0.060510
220,42,0.055347
222,42,0.050249
224,42,0.045233
226,42,0.040316
228,42,0.035523
230,42,0.030888
232,42,0.026449
234,42,0.022254
236,42,0.018358
238,42,0.014820
240,42,0.011691
242,42,0.010466
244,42,0.009315
246,42,0.008241
248,42,0.007244
250,42,0.006324
252,42,0.005481
254,42,0.004712
256,42,0.004016
258,42,0.003392
260,42,0.002836
262,42,0.002345
264,42,0.001916
266,42,0.001544
268,42,0.001224
270,42,0.000952
272,42,0.000724
274,42,0.000538
276,42,0.000388
278,42,0.000270
280,42,0.000180
282,42,0.000114
284,42,0.000067
286,42,0.000036
288,42,0.000017
290,42,0.000007
292,42,0.000002
294,42,0.000000
296,42,0.000000
298,42,0.000000
0,44,0.657480
2,44,0.652071
4,44,0.646976
6,44,0.641899
8,44,0.636839
10,44,0.631796
12,44,0.626764
14,44,0.621743
16,44,0.616718
18,44,0.611713
20,44,0.606706
22,44,0.601702
24,44,0.596704
26,44,0.591699
28,44,0.586692
30,44,0.581628
32,44,0.576615
34,44,0.571611
36,44,0.566594
38,44,0.561567
40,44,0.556517
42,44,0.551473
44,44,0.546419
46,44,0.541325
48,44,0.536247
50,44,0.531144
52,44,0.526030
54,44,0.520911
56,44,0.515764
58,44,0.510604
60,44,0.505302
62,44,0.499573
64,44,0.494483
66,44,0.489366
68,44,0.484228
70,44,0.479072
72,44,0.473896
74,44,0.468700
76,44,0.463463
78,44,0.458235
80,44,0.452972
82,44,0.447688
84,44,0.442394
86,44,0.437064
88,44,0.431714
90,44,0.426274
92,44,0.420899
94,44,0.415520
96,44,0.410105
98,44,0.404662
100,44,0.399176
102,44,0.393690
104,44,0.388179
106,44,0.382618
108,44,0.377063
110,44,0.371469
112,44,0.365858
114,44,0.360233
116,44,0.354574
118,44,0.348896
120,44,0.343233
122,44,0.336754
124,44,0.331182
126,44,0.325567
128,44,0.319924
130,44,0.314245
132,44,0.308535
134,44,0.302796
136,44,0.297047
138,44,0.291265
140,44,0.285456
142,44,0.279625
144,44,0.273773
146,44,0.267902
148,44,0.262015
150,44,0.256137
152,44,0.250251
154,44,0.244353
156,44,0.238438
158,44,0.232511
160,44,0.226580
162,44,0.220650
164,44,0.214715
166,44,0.208800
168,44,0.202886
170,44,0.196985
172,44,0.191105
174,44,0.185245
176,44,0.179413
178,44,0.173613
180,44,0.167837
182,44,0.161481
184,44,0.155766
186,44,0.150050
188,44,0.144333
190,44,0.138622
192,44,0.132922
194,44,0.127239
196,44,0.121571
198,44,0.115921
200,44,0.110296
202,44,0.104700
204,44,0.099135
206,44,0.093605
208,44,0.088115
210,44,0.082662
212,44,0.077239
214,44,0.071855
216,44,0.066515
218,44,0.061227
220,44,0.055999
222,44,0.050840
224,44,0.045765
226,44,0.040791
228,44,0.035944
230,44,0.031257
232,44,0.026768
234,44,0.022526
236,44,0.018585
238,44,0.015004
240,44,0.011833
242,44,0.010587
244,44,0.009418
246,44,0.008328
248,44,0.007316
250,44,0.006384
252,44,0.005530
254,44,0.004752
256,44,0.004048
258,44,0.003417
260,44,0.002856
262,44,0.002361
264,44,0.001927
266,44,0.001552
268,44,0.001230
270,44,0.000956
272,44,0.000727
274,44,0.000540
276,44,0.000389
278,44,0.000271
280,44,0.000180
282,44,0.000114
284,44,0.000067
286,44,0.000036
288,44,0.000017
290,44,0.000007
292,44,0.000002
294,44,0.000000
296,44,0.000000
298,44,0.000000
0,46,0.662289
2,46,0.656907
4,46,0.651838
6,46,0.646788
8,46,0.641754
10,46,0.636736
12,46,0.631730
14,46,0.626734
16,46,0.621733
18,46,0.616753
20,46,0.611770
22,46,0.606790
24,46,0.601816
26,46,0.596833
28,46,0.591848
30,46,0.586801
32,46,0.581810
34,46,0.576826
36,46,0.571829
38,46,0.566820
40,46,0.561788
42,46,0.556761
44,46,0.551724
46,46,0.546643
48,46,0.541580
50,46,0.536490
52,46,0.531389
54,46,0.526281
56,46,0.521145
58,46,0.515995
60,46,0.510678
62,46,0.504964
64,46,0.499882
66,46,0.494772
68,46,0.489639
70,46,0.484487
72,46,0.479313
74,46,0.474119
76,46,0.468879
78,46,0.463650
80,46,0.458385
82,46,0.453097
84,46,0.447799
86,46,0.442464
88,46,0.437107
90,46,0.431635
92,46,0.426253
94,46,0.420864
96,46,0.415437
98,46,0.409979
100,46,0.404471
102,46,0.398969
104,46,0.393440
106,46,0.387845
108,46,0.382267
110,46,0.376642
112,46,0.370998
114,46,0.365342
116,46,0.359642
118,46,0.353920
120,46,0.348219
122,46,0.341732
124,46,0.336135
126,46,0.330488
128,46,0.324813
130,46,0.319097
132,46,0.313349
134,46,0.307568
136,46,0.301778
138,46,0.295952
140,46,0.290095
142,46,0.284212
144,46,0.278305
146,46,0.272375
148,46,0.266424
150,46,0.260487
152,46,0.254545
154,46,0.248587
156,46,0.242606
158,46,0.236610
160,46,0.230606
162,46,0.224601
164,46,0.218586
166,46,0.212594
168,46,0.206599
170,46,0.200616
172,46,0.194654
174,46,0.188711
176,46,0.182800
178,46,0.176925
180,46,0.171076
182,46,0.164667
184,46,0.158873
186,46,0.153073
188,46,0.147270
190,46,0.141466
192,46,0.135672
194,46,0.129893
196,46,0.124126
198,46,0.118376
200,46,0.112648
202,46,0.106949
204,46,0.101282
206,46,0.095654
208,46,0.090067
210,46,0.084521
212,46,0.079007
214,46,0.073533
216,46,0.068107
218,46,0.062738
220,46,0.057436
222,46,0.052210
224,46,0.047076
226,46,0.042050
228,46,0.037159
230,46,0.032434
232,46,0.027910
234,46,0.023632
236,46,0.019647
238,46,0.016004
240,46,0.012746
242,46,0.011411
244,46,0.010157
246,46,0.008985
248,46,0.007897
250,46,0.006893
252,46,0.005972
254,46,0.005132
256,46,0.004373
258,46,0.003691
260,46,0.003085
262,46,0.002549
264,46,0.002082
266,46,0.001676
268,46,0.001328
270,46,0.001033
272,46,0.000785
274,46,0.000582
276,46,0.000420
278,46,0.000292
280,46,0.000195
282,46,0.000123
284,46,0.000072
286,46,0.000039
288,46,0.000019
290,46,0.000007
292,46,0.000002
294,46,0.000000
296,46,0.000000
298,46,0.000000
0,48,0.667070
2,48,0.661717
4,48,0.656675
6,48,0.651651
8,48,0.646644
10,48,0.641653
12,48,0.636673
14,48,0.631703
16,48,0.626728
18,48,0.621774
20,48,0.616816
22,48,0.611860
24,48,0.606910
26,48,0.601951
28,48,0.596989
30,48,0.591960
32,48,0.586992
34,48,0.582030
36,48,0.577054
38,48,0.572064
40,48,0.567050
42,48,0.562041
44,48,0.557021
46,48,0.551955
48,48,0.546907
50,48,0.541830
52,48,0.536741
54,48,0.531645
56,48,0.526519
58,48,0.521377
60,48,0.516048
62,48,0.510351
64,48,0.505277
66,48,0.500174
68,48,0.495046
70,48,0.489898
72,48,0.484727
74,48,0.479533
76,48,0.474289
78,48,0.469058
80,48,0.463788
82,48,0.458493
84,48,0.453188
86,48,0.447840
88,48,0.442471
90,48,0.436972
92,48,0.431578
94,48,0.426173
96,48,0.420727
98,48,0.415247
100,48,0.409711
102,48,0.404183
104,48,0.398625
106,48,0.392994
108,48,0.387381
110,48,0.381717
112,48,0.376031
114,48,0.370333
116,48,0.364585
118,48,0.358814
120,48,0.353066
122,48,0.346555
124,48,0.340914
126,48,0.335218
128,48,0.329491
130,48,0.323719
132,48,0.317912
134,48,0.312068
136,48,0.306214
138,48,0.300320
140,48,0.294392
142,48,0.288434
144,48,0.282450
146,48,0.276439
148,48,0.270406
150,48,0.264387
152,48,0.258363
154,48,0.252319
156,48,0.246249
158,48,0.240161
160,48,0.234065
162,48,0.227965
164,48,0.221854
166,48,0.215767
168,48,0.209676
170,48,0.203596
172,48,0.197538
174,48,0.191501
176,48,0.185496
178,48,0.179528
180,48,0.173589
182,48,0.167104
184,48,0.161216
186,48,0.155321
188,48,0.149422
190,48,0.143524
192,48,0.137635
194,48,0.131761
196,48,0.125901
198,48,0.120058
200,48,0.114239
202,48,0.108451
204,48,0.102698
206,48,0.096985
208,48,0.091317
210,48,0.085693
212,48,0.080102
214,48,0.074554
216,48,0.069056
218,48,0.063619
220,48,0.058253
222,48,0.052965
224,48,0.047773
226,48,0.042693
228,48,0.037751
230,48,0.032977
232,48,0.028407
234,48,0.024084
236,48,0.020054
238,48,0.016365
240,48,0.013061
242,48,0.011696
244,48,0.010412
246,48,0.009213
248,48,0.008099
250,48,0.007071
252,48,0.006128
254,48,0.005269
256,48,0.004491
258,48,0.003792
260,48,0.003170
262,48,0.002622
264,48,0.002142
266,48,0.001726
268,48,0.001368
270,48,0.001064
272,48,0.000810
274,48,0.000601
276,48,0.000433
278,48,0.000302
280,48,0.000201
282,48,0.000127
284,48,0.000075
286,48,0.000040
288,48,0.000019
290,48,0.000008
292,48,0.000002
294,48,0.000000
296,48,0.000000
298,48,0.000000
0,50,0.671827
2,50,0.666504
4,50,0.661490
6,50,0.656494
8,50,0.651514
10,50,0.646551
12,50,0.641599
14,50,0.636657
16,50,0.631708
18,50,0.626780
20,50,0.621849
22,50,0.616918
24,50,0.611994
26,50,0.607060
28,50,0.602122
30,50,0.597112
32,50,0.592168
34,50,0.587229
36,50,0.582275
38,50,0.577307
40,50,0.572311
42,50,0.567323
44,50,0.562322
46,50,0.557271
48,50,0.552240
50,50,0.547178
52,50,0.542103
54,50,0.537022
56,50,0.531908
58,50,0.526777
60,50,0.521433
62,50,0.515754
64,50,0.510692
66,50,0.505597
68,50,0.500476
70,50,0.495335
72,50,0.490168
74,50,0.484978
76,50,0.479732
78,50,0.474503
80,50,0.469231
82,50,0.463932
84,50,0.458624
86,50,0.453270
88,50,0.447893
90,50,0.442363
92,50,0.436962
94,50,0.431546
96,50,0.426086
98,50,0.420590
100,50,0.415030
102,50,0.409482
104,50,0.403904
106,50,0.398235
108,50,0.392595
110,50,0.386895
112,50,0.381172
114,50,0.375438
116,50,0.369645
118,50,0.363826
120,50,0.358034
122,50,0.351508
124,50,0.345834
126,50,0.340097
128,50,0.334328
130,50,0.328509
132,50,0.322651
134,50,0.316754
136,50,0.310847
138,50,0.304894
140,50,0.298904
142,50,0.292881
144,50,0.286827
146,50,0.280743
148,50,0.274633
150,50,0.268540
152,50,0.262445
154,50,0.256324
156,50,0.250173
158,50,0.244001
160,50,0.237817
162,50,0.231630
164,50,0.225425
166,50,0.219249
168,50,0.213065
170,50,0.206892
172,50,0.200742
174,50,0.194612
176,50,0.188517
178,50,0.182463
180,50,0.176439
182,50,0.169885
184,50,0.163907
186,50,0.157922
188,50,0.151929
190,50,0.145934
192,50,0.139948
194,50,0.133978
196,50,0.128020
198,50,0.122079
200,50,0.116162
202,50,0.110277
204,50,0.104429
206,50,0.098624
208,50,0.092867
210,50,0.087156
212,50,0.081480
214,50,0.075848
216,50,0.070270
218,50,0.064757
220,50,0.059318
222,50,0.053962
224,50,0.048708
226,50,0.043569
228,50,0.038572
230,50,0.033747
232,50,0.029129
234,50,0.024757
236,50,0.020677
238,50,0.016934
240,50,0.013567
242,50,0.012150
244,50,0.010818
246,50,0.009572
248,50,0.008415
250,50,0.007347
252,50,0.006367
254,50,0.005473
256,50,0.004665
258,50,0.003939
260,50,0.003292
262,50,0.002722
264,50,0.002223
266,50,0.001791
268,50,0.001420
270,50,0.001104
272,50,0.000840
274,50,0.000623
276,50,0.000449
278,50,0.000312
280,50,0.000208
282,50,0.000132
284,50,0.000078
286,50,0.000042
288,50,0.000020
290,50,0.000008
292,50,0.000002
294,50,0.000000
296,50,0.000000
298,50,0.000000
0,52,0.676559
2,52,0.671266
4,52,0.666281
6,52,0.661314
8,52,0.656363
10,52,0.651429
12,52,0.646505
14,52,0.641591
16,52,0.636669
18,52,0.631770
20,52,0.626866
22,52,0.621962
24,52,0.617065
26,52,0.612156
28,52,0.607244
30,52,0.602254
32,52,0.597335
34,52,0.592420
36,52,0.587490
38,52,0.582543
40,52,0.577569
42,52,0.572601
44,52,0.567621
46,52,0.562586
48,52,0.557574
50,52,0.552529
52,52,0.547469
54,52,0.542403
56,52,0.537303
58,52,0.532185
60,52,0.526824
62,52,0.521165
64,52,0.516115
66,52,0.511031
68,52,0.505919
70,52,0.500785
72,52,0.495625
74,52,0.490440
76,52,0.485193
78,52,0.479967
80,52,0.474695
82,52,0.469395
84,52,0.464085
86,52,0.458726
88,52,0.453343
90,52,0.447782
92,52,0.442375
94,52,0.436951
96,52,0.431479
98,52,0.425968
100,52,0.420385
102,52,0.414819
104,52,0.409220
106,52,0.403515
108,52,0.397849
110,52,0.392114
112,52,0.386355
114,52,0.380585
116,52,0.374747
118,52,0.368881
120,52,0.363046
122,52,0.356508
124,52,0.350802
126,52,0.345026
128,52,0.339216
130,52,0.333350
132,52,0.327443
134,52,0.321493
136,52,0.315533
138,52,0.309522
140,52,0.303470
142,52,0.297381
144,52,0.291258
146,52,0.285100
148,52,0.278913
150,52,0.272746
152,52,0.266578
154,52,0.260379
156,52,0.254147
158,52,0.247889
160,52,0.241617
162,52,0.235339
164,52,0.229040
166,52,0.222774
168,52,0.216495
170,52,0.210226
172,52,0.203982
174,52,0.197758
176,52,0.191572
178,52,0.185429
180,52,0.179319
182,52,0.172693
184,52,0.166623
186,52,0.160543
188,52,0.154453
190,52,0.148359
192,52,0.142274
194,52,0.136203
196,52,0.130144
198,52,0.124102
200,52,0.118085
202,52,0.112101
204,52,0.106156
206,52,0.100256
208,52,0.094408
210,52,0.088609
212,52,0.082846
214,52,0.077130
216,52,0.071471
218,52,0.065879
220,52,0.060368
222,52,0.054943
224,52,0.049624
226,52,0.044425
228,52,0.039373
230,52,0.034497
232,52,0.029829
234,52,0.025409
236,52,0.021279
238,52,0.017481
240,52,0.014051
242,52,0.012584
244,52,0.011204
246,52,0.009914
248,52,0.008716
250,52,0.007609
252,52,0.006594
254,52,0.005668
256,52,0.004831
258,52,0.004079
260,52,0.003409
262,52,0.002819
264,52,0.002302
266,52,0.001855
268,52,0.001470
270,52,0.001143
272,52,0.000870
274,52,0.000645
276,52,0.000465
278,52,0.000324
280,52,0.000216
282,52,0.000136
284,52,0.000080
286,52,0.000043
288,52,0.000021
290,52,0.000008
292,52,0.000002
294,52,0.000000
296,52,0.000000
298,52,0.000000
0,54,0.681267
2,54,0.676006
4,54,0.671050
6,54,0.666113
8,54,0.661192
10,54,0.656287
12,54,0.651393
14,54,0.646509
16,54,0.641615
18,54,0.636745
20,54,0.631869
22,54,0.626993
24,54,0.622124
26,54,0.617242
28,54,0.612356
30,54,0.607387
32,54,0.602494
34,54,0.597605
36,54,0.592699
38,54,0.587777
40,54,0.582823
42,54,0.577878
44,54,0.572919
46,54,0.567902
48,54,0.562909
50,54,0.557882
52,54,0.552839
54,54,0.547790
56,54,0.542703
58,54,0.537600
60,54,0.532221
62,54,0.526585
64,54,0.521548
66,54,0.516476
68,54,0.511373
70,54,0.506248
72,54,0.501095
74,54,0.495917
76,54,0.490670
78,54,0.485447
80,54,0.480175
82,54,0.474873
84,54,0.469562
86,54,0.464197
88,54,0.458807
90,54,0.453215
92,54,0.447803
94,54,0.442369
96,54,0.436884
98,54,0.431356
100,54,0.425749
102,54,0.420162
104,54,0.414540
106,54,0.408799
108,54,0.403104
110,54,0.397331
112,54,0.391532
114,54,0.385725
116,54,0.379838
118,54,0.373923
120,54,0.368043
122,54,0.361487
124,54,0.355745
126,54,0.349923
128,54,0.344066
130,54,0.338148
132,54,0.332185
134,54,0.326174
136,54,0.320154
138,54,0.314078
140,54,0.307956
142,54,0.301793
144,54,0.295593
146,54,0.289355
148,54,0.283083
150,54,0.276835
152,54,0.270586
154,54,0.264302
156,54,0.257979
158,54,0.251628
160,54,0.245261
162,54,0.238887
164,54,0.232489
166,54,0.226126
168,54,0.219748
170,54,0.213379
172,54,0.207036
174,54,0.200715
176,54,0.194433
178,54,0.188196
180,54,0.181994
182,54,0.175291
184,54,0.169125
186,54,0.162948
188,54,0.156760
190,54,0.150567
192,54,0.144383
194,54,0.138215
196,54,0.132058
198,54,0.125919
200,54,0.119806
202,54,0.113729
204,54,0.107692
206,54,0.101703
208,54,0.095769
210,54,0.089887
212,54,0.084043
214,54,0.078248
216,54,0.072513
218,54,0.066850
220,54,0.061269
222,54,0.055779
224,54,0.050399
226,54,0.045142
228,54,0.040035
230,54,0.035107
232,54,0.030389
234,54,0.025921
236,54,0.021743
238,54,0.017895
240,54,0.014414
242,54,0.012911
244,54,0.011497
246,54,0.010175
248,54,0.008946
250,54,0.007811
252,54,0.006770
254,54,0.005821
256,54,0.004961
258,54,0.004190
260,54,0.003503
262,54,0.002897
264,54,0.002366
266,54,0.001907
268,54,0.001512
270,54,0.001176
272,54,0.000895
274,54,0.000664
276,54,0.000479
278,54,0.000333
280,54,0.000222
282,54,0.000140
284,54,0.000083
286,54,0.000045
288,54,0.000021
290,54,0.000008
292,54,0.000002
294,54,0.000000
296,54,0.000000
298,54,0.000000
0,56,0.685949
2,56,0.680722
4,56,0.675797
6,56,0.670890
8,56,0.666000
10,56,0.661126
12,56,0.656262
14,56,0.651409
16,56,0.646544
18,56,0.641704
20,56,0.636857
22,56,0.632011
24,56,0.627171
26,56,0.622317
28,56,0.617459
30,56,0.612512
32,56,0.607647
34,56,0.602785
36,56,0.597905
38,56,0.593007
40,56,0.588077
42,56,0.583155
44,56,0.578219
46,56,0.573222
48,56,0.568251
50,56,0.563243
52,56,0.558219
54,56,0.553189
56,56,0.548120
58,56,0.543032
60,56,0.537632
62,56,0.532019
64,56,0.526999
66,56,0.521940
68,56,0.516849
70,56,0.511736
72,56,0.506593
74,56,0.501424
76,56,0.496180
78,56,0.490965
80,56,0.485697
82,56,0.480397
84,56,0.475089
86,56,0.469725
88,56,0.464334
90,56,0.458705
92,56,0.453293
94,56,0.447855
96,56,0.442364
98,56,0.436826
100,56,0.431197
102,56,0.425599
104,56,0.419963
106,56,0.414183
108,56,0.408467
110,56,0.402660
112,56,0.396828
114,56,0.390988
116,56,0.385056
118,56,0.379094
120,56,0.373171
122,56,0.366609
124,56,0.360843
126,56,0.354986
128,56,0.349092
130,56,0.343132
132,56,0.337123
134,56,0.331063
136,56,0.324994
138,56,0.318863
140,56,0.312682
142,56,0.306454
144,56,0.300187
146,56,0.293874
148,56,0.287525
150,56,0.281204
152,56,0.274885
154,56,0.268525
156,56,0.262121
158,56,0.255684
160,56,0.249228
162,56,0.242762
164,56,0.236267
166,56,0.229812
168,56,0.223338
170,56,0.216872
172,56,0.210433
174,56,0.204016
176,56,0.197641
178,56,0.191316
180,56,0.185028
182,56,0.178254
184,56,0.171994
186,56,0.165721
188,56,0.159435
190,56,0.153141
192,56,0.146854
194,56,0.140582
196,56,0.134322
198,56,0.128077
200,56,0.121860
202,56,0.115679
204,56,0.109540
206,56,0.103453
208,56,0.097424
210,56,0.091449
212,56,0.085514
214,56,0.079630
216,56,0.073809
218,56,0.068064
220,56,0.062405
222,56,0.056841
224,56,0.051393
226,56,0.046073
228,56,0.040906
230,56,0.035922
232,56,0.031151
234,56,0.026631
236,56,0.022399
238,56,0.018493
240,56,0.014946
242,56,0.013389
244,56,0.011924
246,56,0.010553
248,56,0.009279
250,56,0.008102
252,56,0.007023
254,56,0.006038
256,56,0.005146
258,56,0.004346
260,56,0.003633
262,56,0.003004
264,56,0.002454
266,56,0.001978
268,56,0.001568
270,56,0.001220
272,56,0.000928
274,56,0.000689
276,56,0.000497
278,56,0.000346
280,56,0.000231
282,56,0.000146
284,56,0.000086
286,56,0.000046
288,56,0.000022
290,56,0.000009
292,56,0.000002
294,56,0.000000
296,56,0.000000
298,56,0.000000
0,58,0.690607
2,58,0.685413
4,58,0.680520
6,58,0.675646
8,58,0.670787
10,58,0.665944
12,58,0.661113
14,58,0.656290
16,58,0.651456
18,58,0.646648
20,58,0.641832
22,58,0.637015
24,58,0.632205
26,58,0.627381
28,58,0.622552
30,58,0.617627
32,58,0.612792
34,58,0.607958
36,58,0.603105
38,58,0.598233
40,58,0.593328
42,58,0.588431
44,58,0.583520
46,58,0.578544
48,58,0.573595
50,58,0.568608
52,58,0.563605
54,58,0.558595
56,58,0.553545
58,58,0.548475
60,58,0.543052
62,58,0.537465
64,58,0.532461
66,58,0.527418
68,58,0.522341
70,58,0.517241
72,58,0.512109
74,58,0.506951
76,58,0.501711
78,58,0.496505
80,58,0.491243
82,58,0.485947
84,58,0.480644
86,58,0.475281
88,58,0.469891
90,58,0.464225
92,58,0.458813
94,58,0.453374
96,58,0.447876
98,58,0.442331
100,58,0.436681
102,58,0.431071
104,58,0.425424
106,58,0.419604
108,58,0.413869
110,58,0.408027
112,58,0.402160
114,58,0.396289
116,58,0.390311
118,58,0.384301
120,58,0.378334
122,58,0.371768
124,58,0.365977
126,58,0.360085
128,58,0.354155
130,58,0.348152
132,58,0.342096
134,58,0.335986
136,58,0.329866
138,58,0.323679
140,58,0.317438
142,58,0.311143
144,58,0.304806
146,58,0.298418
148,58,0.291988
150,58,0.285592
152,58,0.279201
154,58,0.272763
156,58,0.266275
158,58,0.259750
160,58,0.253202
162,58,0.246642
164,58,0.240048
166,58,0.233500
168,58,0.226927
170,58,0.220361
172,58,0.213826
174,58,0.207311
176,58,0.200842
178,58,0.194425
180,58,0.188050
182,58,0.181201
184,58,0.174847
186,58,0.168477
188,58,0.162090
190,58,0.155693
192,58,0.149302
194,58,0.142927
196,58,0.136562
198,58,0.130212
200,58,0.123890
202,58,0.117605
204,58,0.111365
206,58,0.105179
208,58,0.099055
210,58,0.092989
212,58,0.086963
214,58,0.080991
216,58,0.075084
218,58,0.069256
220,58,0.063521
222,58,0.057883
224,58,0.052367
226,58,0.046982
228,58,0.041755
230,58,0.036715
232,58,0.031890
234,58,0.027317
236,58,0.023032
238,58,0.019068
240,58,0.015457
242,58,0.013848
244,58,0.012334
246,58,0.010917
248,58,0.009600
250,58,0.008383
252,58,0.007266
254,58,0.006248
256,58,0.005325
258,58,0.004497
260,58,0.003760
262,58,0.003109
264,58,0.002540
266,58,0.002047
268,58,0.001624
270,58,0.001263
272,58,0.000961
274,58,0.000713
276,58,0.000514
278,58,0.000358
280,58,0.000239
282,58,0.000151
284,58,0.000089
286,58,0.000048
288,58,0.000023
290,58,0.000009
292,58,0.000003
294,58,0.000000
296,58,0.000000
298,58,0.000000
0,60,0.695244
2,60,0.690086
4,60,0.685226
6,60,0.680384
8,60,0.675558
10,60,0.670749
12,60,0.665950
14,60,0.661161
16,60,0.656358
18,60,0.651582
20,60,0.646798
22,60,0.642013
24,60,0.637235
26,60,0.632441
28,60,0.627643
30,60,0.622742
32,60,0.617938
34,60,0.613133
36,60,0.608308
38,60,0.603464
40,60,0.598584
42,60,0.593714
44,60,0.588828
46,60,0.583874
48,60,0.578949
50,60,0.573984
52,60,0.569001
54,60,0.564013
56,60,0.558982
58,60,0.553931
60,60,0.548532
62,60,0.542976
64,60,0.537994
66,60,0.532973
68,60,0.527916
70,60,0.522836
72,60,0.517724
74,60,0.512584
76,60,0.507363
78,60,0.502176
80,60,0.496932
82,60,0.491655
84,60,0.486371
86,60,0.481028
88,60,0.475658
90,60,0.470062
92,60,0.464678
94,60,0.459268
96,60,0.453804
98,60,0.448296
100,60,0.442705
102,60,0.437140
104,60,0.431542
106,60,0.425826
108,60,0.420160
110,60,0.414423
112,60,0.408665
114,60,0.402901
116,60,0.397071
118,60,0.391218
120,60,0.384967
122,60,0.378515
124,60,0.372831
126,60,0.367079
128,60,0.361283
130,60,0.355448
132,60,0.349572
134,60,0.343661
136,60,0.337680
138,60,0.331725
140,60,0.325710
142,60,0.319668
144,60,0.313619
146,60,0.307520
148,60,0.301403
150,60,0.295018
152,60,0.288953
154,60,0.282845
156,60,0.276692
158,60,0.270511
160,60,0.264221
162,60,0.258020
164,60,0.251800
166,60,0.245449
168,60,0.239186
170,60,0.232859
172,60,0.226540
174,60,0.220236
176,60,0.213875
178,60,0.207510
180,60,0.201305
182,60,0.194918
184,60,0.189009
186,60,0.183035
188,60,0.177055
190,60,0.171028
192,60,0.164983
194,60,0.158910
196,60,0.152883
198,60,0.146822
200,60,0.140746
202,60,0.134663
204,60,0.128580
206,60,0.122503
208,60,0.116440
210,60,0.110497
212,60,0.104632
214,60,0.098767
216,60,0.092915
218,60,0.087092
220,60,0.081337
222,60,0.075664
224,60,0.070049
226,60,0.064597
228,60,0.059248
230,60,0.054063
232,60,0.049084
234,60,0.044327
236,60,0.039844
238,60,0.035667
240,60,0.031787
242,60,0.029573
244,60,0.027379
246,60,0.025233
248,60,0.023134
250,60,0.021095
252,60,0.019128
254,60,0.017246
256,60,0.015442
258,60,0.013724
260,60,0.012104
262,60,0.010586
264,60,0.009177
266,60,0.007882
268,60,0.006703
270,60,0.005634
272,60,0.004657
274,60,0.003776
276,60,0.002996
278,60,0.002320
280,60,0.001747
282,60,0.001264
284,60,0.000872
286,60,0.000565
288,60,0.000336
290,60,0.000177
292,60,0.000076
294,60,0.000022
296,60,0.000002
298,60,0.000000
0,62,0.700481
2,62,0.695361
4,62,0.690536
6,62,0.685729
8,62,0.680939
10,62,0.676165
12,62,0.671402
14,62,0.666648
16,62,0.661879
18,62,0.657138
20,62,0.652388
22,62,0.647636
24,62,0.642892
26,62,0.638130
28,62,0.633363
30,62,0.628485
32,62,0.623712
34,62,0.618937
36,62,0.614141
38,62,0.609323
40,62,0.604467
42,62,0.599623
44,62,0.594761
46,62,0.589824
48,62,0.584921
50,62,0.579974
52,62,0.575007
54,62,0.570036
56,62,0.565017
58,62,0.559978
60,62,0.554554
62,62,0.549029
64,62,0.544060
66,62,0.539048
68,62,0.533998
70,62,0.528923
72,62,0.523814
74,62,0.518675
76,62,0.513446
78,62,0.508256
80,62,0.503005
82,62,0.497717
84,62,0.492423
86,62,0.487064
88,62,0.481676
90,62,0.476042
92,62,0.470643
94,62,0.465212
96,62,0.459722
98,62,0.454184
100,62,0.448557
102,62,0.442959
104,62,0.437323
106,62,0.431561
108,62,0.425852
110,62,0.420067
112,62,0.414257
114,62,0.408443
116,62,0.402556
118,62,0.396645
120,62,0.390307
122,62,0.383821
124,62,0.378084
126,62,0.372274
128,62,0.366415
130,62,0.360514
132,62,0.354568
134,62,0.348583
136,62,0.342525
138,62,0.336492
140,62,0.330394
142,62,0.324266
144,62,0.318130
146,62,0.311940
148,62,0.305731
150,62,0.299244
152,62,0.293087
154,62,0.286885
156,62,0.280633
158,62,0.274351
160,62,0.267958
162,62,0.261654
164,62,0.255330
166,62,0.248872
168,62,0.242503
170,62,0.236070
172,62,0.229644
174,62,0.223233
176,62,0.216766
178,62,0.210293
180,62,0.203986
182,62,0.197517
184,62,0.191509
186,62,0.185434
188,62,0.179352
190,62,0.173224
192,62,0.167078
194,62,0.160905
196,62,0.154778
198,62,0.148618
200,62,0.142444
202,62,0.136265
204,62,0.130086
206,62,0.123915
208,62,0.117761
210,62,0.111727
212,62,0.105775
214,62,0.099825
216,62,0.093890
218,62,0.087985
220,62,0.082150
222,62,0.076400
224,62,0.070710
226,62,0.065186
228,62,0.059768
230,62,0.054516
232,62,0.049474
234,62,0.044658
236,62,0.040120
238,62,0.035892
240,62,0.031968
242,62,0.029732
244,62,0.027519
246,62,0.025355
248,62,0.023240
250,62,0.021186
252,62,0.019207
254,62,0.017312
256,62,0.015497
258,62,0.013770
260,62,0.012142
262,62,0.010617
264,62,0.009202
266,62,0.007901
268,62,0.006718
270,62,0.005646
272,62,0.004665
274,62,0.003782
276,62,0.003001
278,62,0.002324
280,62,0.001749
282,62,0.001265
284,62,0.000873
286,62,0.000565
288,62,0.000336
290,62,0.000177
292,62,0.000076
294,62,0.000022
296,62,0.000002
298,62,0.000000
0,64,0.705000
2,64,0.699917
4,64,0.695126
6,64,0.690354
8,64,0.685598
10,64,0.680859
12,64,0.676131
14,64,0.671411
16,64,0.666676
18,64,0.661969
20,64,0.657252
22,64,0.652534
24,64,0.647823
26,64,0.643094
28,64,0.638359
30,64,0.633504
32,64,0.628764
34,64,0.624020
36,64,0.619254
38,64,0.614466
40,64,0.609637
42,64,0.604820
44,64,0.599986
46,64,0.595071
48,64,0.590193
50,64,0.585268
52,64,0.580323
54,64,0.575374
56,64,0.570373
58,64,0.565352
60,64,0.559912
62,64,0.554416
64,64,0.549467
66,64,0.544473
68,64,0.539437
70,64,0.534377
72,64,0.529279
74,64,0.524151
76,64,0.518926
78,64,0.513744
80,64,0.508497
82,64,0.503210
84,64,0.497918
86,64,0.492555
88,64,0.487162
90,64,0.481502
92,64,0.476100
94,64,0.470662
96,64,0.465161
98,64,0.459607
100,64,0.453959
102,64,0.448340
104,64,0.442681
106,64,0.436886
108,64,0.431148
110,64,0.425329
112,64,0.419483
114,64,0.413631
116,64,0.407702
118,64,0.401746
120,64,0.395333
122,64,0.388828
124,64,0.383052
126,64,0.377197
128,64,0.371288
130,64,0.365334
132,64,0.359331
134,64,0.353284
136,64,0.347159
138,64,0.341060
140,64,0.334890
142,64,0.328686
144,64,0.322473
146,64,0.316202
148,64,0.309909
150,64,0.303327
152,64,0.297088
154,64,0.290798
156,64,0.284455
158,64,0.278079
160,64,0.271586
162,64,0.265186
164,64,0.258763
166,64,0.252202
168,64,0.245732
170,64,0.239194
172,64,0.232665
174,64,0.226150
176,64,0.219577
178,64,0.213000
180,64,0.206593
182,64,0.200041
184,64,0.193936
186,64,0.187763
188,64,0.181582
190,64,0.175354
192,64,0.169108
194,64,0.162836
196,64,0.156611
198,64,0.150354
200,64,0.144084
202,64,0.137810
204,64,0.131538
206,64,0.125275
208,64,0.119030
210,64,0.112909
212,64,0.106873
214,64,0.100840
216,64,0.094824
218,64,0.088841
220,64,0.082931
222,64,0.077108
224,64,0.071347
226,64,0.065756
228,64,0.060273
230,64,0.054959
232,64,0.049859
234,64,0.044987
236,64,0.040397
238,64,0.036123
240,64,0.032156
242,64,0.029898
244,64,0.027664
246,64,0.025481
248,64,0.023349
250,64,0.021279
252,64,0.019286
254,64,0.017379
256,64,0.015553
258,64,0.013816
260,64,0.012180
262,64,0.010647
264,64,0.009226
266,64,0.007921
268,64,0.006734
270,64,0.005657
272,64,0.004674
274,64,0.003789
276,64,0.003005
278,64,0.002327
280,64,0.001751
282,64,0.001266
284,64,0.000874
286,64,0.000566
288,64,0.000336
290,64,0.000177
292,64,0.000076
294,64,0.000022
296,64,0.000002
298,64,0.000000
0,66,0.709494
2,66,0.704448
4,66,0.699693
6,66,0.694957
8,66,0.690236
10,66,0.685533
12,66,0.680841
14,66,0.676157
16,66,0.671456
18,66,0.666784
20,66,0.662103
22,66,0.657419
24,66,0.652743
26,66,0.648048
28,66,0.643346
30,66,0.638517
32,66,0.633810
34,66,0.629099
36,66,0.624365
38,66,0.619608
40,66,0.614807
42,66,0.610020
44,66,0.605215
46,66,0.600324
48,66,0.595473
50,66,0.590572
52,66,0.585650
54,66,0.580725
56,66,0.575746
58,66,0.570745
60,66,0.565285
62,66,0.559821
64,66,0.554894
66,66,0.549919
68,66,0.544901
70,66,0.539857
72,66,0.534775
74,66,0.529660
76,66,0.524441
78,66,0.519270
80,66,0.514030
82,66,0.508747
84,66,0.503461
86,66,0.498099
88,66,0.492705
90,66,0.487017
92,66,0.481617
94,66,0.476176
96,66,0.470667
98,66,0.465102
100,66,0.459434
102,66,0.453800
104,66,0.448124
106,66,0.442297
108,66,0.436535
110,66,0.430684
112,66,0.424804
114,66,0.418919
116,66,0.412948
118,66,0.406949
120,66,0.400460
122,66,0.393941
124,66,0.388133
126,66,0.382238
128,66,0.376286
130,66,0.370284
132,66,0.364229
134,66,0.358127
136,66,0.351938
138,66,0.345777
140,66,0.339539
142,66,0.333263
144,66,0.326976
146,66,0.320626
148,66,0.314250
150,66,0.307575
152,66,0.301257
154,66,0.294882
156,66,0.288449
158,66,0.281980
160,66,0.275389
162,66,0.268891
164,66,0.262367
166,66,0.255703
168,66,0.249130
170,66,0.242488
172,66,0.235854
174,66,0.229234
176,66,0.222555
178,66,0.215872
180,66,0.209366
182,66,0.202732
184,66,0.196529
186,66,0.190255
188,66,0.183973
190,66,0.177642
192,66,0.171292
194,66,0.164915
196,66,0.158588
198,66,0.152227
200,66,0.145855
202,66,0.139481
204,66,0.133110
206,66,0.126750
208,66,0.120410
210,66,0.114198
212,66,0.108072
214,66,0.101951
216,66,0.095849
218,66,0.089783
220,66,0.083793
222,66,0.077893
224,66,0.072058
226,66,0.066395
228,66,0.060845
230,66,0.055466
232,66,0.050304
234,66,0.045373
236,66,0.040729
238,66,0.036403
240,66,0.032388
242,66,0.030101
244,66,0.027841
246,66,0.025635
248,66,0.023481
250,66,0.021392
252,66,0.019382
254,66,0.017460
256,66,0.015620
258,66,0.013872
260,66,0.012225
262,66,0.010684
264,66,0.009255
266,66,0.007943
268,66,0.006751
270,66,0.005671
272,66,0.004684
274,66,0.003796
276,66,0.003010
278,66,0.002330
280,66,0.001753
282,66,0.001268
284,66,0.000875
286,66,0.000566
288,66,0.000337
290,66,0.000177
292,66,0.000076
294,66,0.000022
296,66,0.000002
298,66,0.000000
0,68,0.713961
2,68,0.708955
4,68,0.704236
6,68,0.699536
8,68,0.694853
10,68,0.690187
12,68,0.685531
14,68,0.680884
16,68,0.676218
18,68,0.671584
20,68,0.666938
22,68,0.662290
24,68,0.657650
26,68,0.652990
28,68,0.648324
30,68,0.643520
32,68,0.638849
34,68,0.634172
36,68,0.629471
38,68,0.624746
40,68,0.619975
42,68,0.615219
44,68,0.610445
46,68,0.605578
48,68,0.600756
50,68,0.595881
52,68,0.590985
54,68,0.586086
56,68,0.581129
58,68,0.576150
60,68,0.570670
62,68,0.565240
64,68,0.560337
66,68,0.555384
68,68,0.550385
70,68,0.545360
72,68,0.540295
74,68,0.535197
76,68,0.529984
78,68,0.524828
80,68,0.519596
82,68,0.514321
84,68,0.509043
86,68,0.503684
88,68,0.498291
90,68,0.492578
92,68,0.487183
94,68,0.481743
96,68,0.476229
98,68,0.470656
100,68,0.464973
102,68,0.459327
104,68,0.453636
106,68,0.447782
108,68,0.442000
110,68,0.436122
112,68,0.430212
114,68,0.424298
116,68,0.418292
118,68,0.412256
120,68,0.405687
122,68,0.399160
124,68,0.393326
126,68,0.387400
128,68,0.381409
130,68,0.375366
132,68,0.369265
134,68,0.363112
136,68,0.356868
138,68,0.350651
140,68,0.344352
142,68,0.338010
144,68,0.331656
146,68,0.325233
148,68,0.318782
150,68,0.312018
152,68,0.305628
154,68,0.299175
156,68,0.292658
158,68,0.286101
160,68,0.279416
162,68,0.272825
164,68,0.266206
166,68,0.259443
168,68,0.252770
170,68,0.246025
172,68,0.239288
174,68,0.232565
176,68,0.225781
178,68,0.218991
180,68,0.212388
182,68,0.205674
184,68,0.199375
186,68,0.193001
188,68,0.186617
190,68,0.180181
192,68,0.173725
194,68,0.167242
196,68,0.160808
198,68,0.154340
200,68,0.147861
202,68,0.141381
204,68,0.134905
206,68,0.128442
208,68,0.122000
210,68,0.115688
212,68,0.109465
214,68,0.103248
216,68,0.097053
218,68,0.090897
220,68,0.084819
222,68,0.078834
224,68,0.072918
226,68,0.067177
228,68,0.061553
230,68,0.056102
232,68,0.050871
234,68,0.045875
236,68,0.041166
238,68,0.036779
240,68,0.032705
242,68,0.030379
244,68,0.028083
246,68,0.025843
248,68,0.023660
250,68,0.021545
252,68,0.019510
254,68,0.017567
256,68,0.015709
258,68,0.013944
260,68,0.012284
262,68,0.010731
264,68,0.009292
266,68,0.007972
268,68,0.006773
270,68,0.005687
272,68,0.004696
274,68,0.003804
276,68,0.003016
278,68,0.002334
280,68,0.001756
282,68,0.001269
284,68,0.000876
286,68,0.000567
288,68,0.000337
290,68,0.000177
292,68,0.000076
294,68,0.000022
296,68,0.000002
298,68,0.000000
0,70,0.718403
2,70,0.713436
4,70,0.708755
6,70,0.704093
8,70,0.699447
10,70,0.694819
12,70,0.690201
14,70,0.685593
16,70,0.680963
18,70,0.676367
20,70,0.671759
22,70,0.667148
24,70,0.662545
26,70,0.657922
28,70,0.653292
30,70,0.648514
32,70,0.643880
34,70,0.639239
36,70,0.634573
38,70,0.629882
40,70,0.625141
42,70,0.620419
44,70,0.615677
46,70,0.610836
48,70,0.606045
50,70,0.601198
52,70,0.596328
54,70,0.591457
56,70,0.586524
58,70,0.581569
60,70,0.576066
62,70,0.570672
64,70,0.565795
66,70,0.560865
68,70,0.555888
70,70,0.550885
72,70,0.545839
74,70,0.540759
76,70,0.535555
78,70,0.530415
80,70,0.525194
82,70,0.519928
84,70,0.514661
86,70,0.509306
88,70,0.503917
90,70,0.498175
92,70,0.492787
94,70,0.487349
96,70,0.481833
98,70,0.476253
100,70,0.470555
102,70,0.464899
104,70,0.459194
106,70,0.453310
108,70,0.447508
110,70,0.441601
112,70,0.435661
114,70,0.429717
116,70,0.423672
118,70,0.417595
120,70,0.410946
122,70,0.404413
124,70,0.398552
126,70,0.392591
128,70,0.386561
130,70,0.380475
132,70,0.374326
134,70,0.368121
136,70,0.361814
138,70,0.355539
140,70,0.349174
142,70,0.342762
144,70,0.336336
146,70,0.329833
148,70,0.323300
150,70,0.316442
152,70,0.309976
154,70,0.303439
156,70,0.296832
158,70,0.290181
160,70,0.283396
162,70,0.276707
164,70,0.269986
166,70,0.263118
168,70,0.256340
170,70,0.249489
172,70,0.242644
174,70,0.235814
176,70,0.228921
178,70,0.222024
180,70,0.215319
182,70,0.208522
184,70,0.202123
186,70,0.195646
188,70,0.189157
190,70,0.182614
192,70,0.176050
194,70,0.169457
196,70,0.162916
198,70,0.156341
200,70,0.149756
202,70,0.143170
204,70,0.136590
206,70,0.130026
208,70,0.123485
210,70,0.117077
212,70,0.110758
214,70,0.104449
216,70,0.098164
218,70,0.091920
220,70,0.085758
222,70,0.079693
224,70,0.073699
226,70,0.067884
228,70,0.062189
230,70,0.056670
232,70,0.051375
234,70,0.046317
236,70,0.041549
238,70,0.037106
240,70,0.032978
242,70,0.030619
244,70,0.028292
246,70,0.026024
248,70,0.023816
250,70,0.021677
252,70,0.019623
254,70,0.017661
256,70,0.015787
258,70,0.014009
260,70,0.012336
262,70,0.010773
264,70,0.009326
266,70,0.007998
268,70,0.006792
270,70,0.005702
272,70,0.004707
274,70,0.003812
276,70,0.003021
278,70,0.002338
280,70,0.001758
282,70,0.001270
284,70,0.000876
286,70,0.000567
288,70,0.000337
290,70,0.000177
292,70,0.000076
294,70,0.000022
296,70,0.000002
298,70,0.000000
0,72,0.722817
2,72,0.717892
4,72,0.713249
6,72,0.708626
8,72,0.704019
10,72,0.699430
12,72,0.694851
14,72,0.690282
16,72,0.685690
18,72,0.681133
20,72,0.676564
22,72,0.671991
24,72,0.667427
26,72,0.662841
28,72,0.658249
30,72,0.653499
32,72,0.648902
34,72,0.644299
36,72,0.639669
38,72,0.635013
40,72,0.630305
42,72,0.625617
44,72,0.620910
46,72,0.616096
48,72,0.611337
50,72,0.606519
52,72,0.601678
54,72,0.596837
56,72,0.591931
58,72,0.587002
60,72,0.581473
62,72,0.576116
64,72,0.571268
66,72,0.566364
68,72,0.561410
70,72,0.556431
72,72,0.551407
74,72,0.546347
76,72,0.541153
78,72,0.536032
80,72,0.530825
82,72,0.525570
84,72,0.520317
86,72,0.514969
88,72,0.509587
90,72,0.503815
92,72,0.498438
94,72,0.493006
96,72,0.487491
98,72,0.481906
100,72,0.476196
102,72,0.470532
104,72,0.464818
106,72,0.458905
108,72,0.453087
110,72,0.447153
112,72,0.441184
114,72,0.435214
116,72,0.429133
118,72,0.423018
120,72,0.416286
122,72,0.409750
124,72,0.403868
126,72,0.397878
128,72,0.391812
130,72,0.385686
132,72,0.379492
134,72,0.373238
136,72,0.366873
138,72,0.360543
140,72,0.354116
142,72,0.347635
144,72,0.341139
146,72,0.334560
148,72,0.327947
150,72,0.320996
152,72,0.314456
154,72,0.307838
156,72,0.301142
158,72,0.294398
160,72,0.287515
162,72,0.280726
164,72,0.273904
166,72,0.266931
168,72,0.260048
170,72,0.253089
172,72,0.246136
174,72,0.239198
176,72,0.232196
178,72,0.225189
180,72,0.218383
182,72,0.211501
184,72,0.205002
186,72,0.198420
188,72,0.191823
190,72,0.185170
192,72,0.178495
194,72,0.171791
196,72,0.165139
198,72,0.158452
200,72,0.151755
202,72,0.145060
204,72,0.138372
206,72,0.131702
208,72,0.125057
210,72,0.118548
212,72,0.112131
214,72,0.105724
216,72,0.099345
218,72,0.093010
220,72,0.086759
222,72,0.080609
224,72,0.074535
226,72,0.068643
228,72,0.062873
230,72,0.057284
232,72,0.051921
234,72,0.046798
236,72,0.041968
238,72,0.037465
240,72,0.033280
242,72,0.030883
244,72,0.028522
246,72,0.026223
248,72,0.023986
250,72,0.021822
252,72,0.019745
254,72,0.017763
256,72,0.015872
258,72,0.014078
260,72,0.012392
262,72,0.010818
264,72,0.009361
266,72,0.008025
268,72,0.006813
270,72,0.005717
272,72,0.004718
274,72,0.003820
276,72,0.003027
278,72,0.002341
280,72,0.001760
282,72,0.001272
284,72,0.000877
286,72,0.000567
288,72,0.000337
290,72,0.000177
292,72,0.000076
294,72,0.000022
296,72,0.000002
298,72,0.000000
0,74,0.727205
2,74,0.722322
4,74,0.717718
6,74,0.713135
8,74,0.708568
10,74,0.704019
12,74,0.699481
14,74,0.694952
16,74,0.690399
18,74,0.685882
20,74,0.681353
22,74,0.676819
24,74,0.672295
26,74,0.667748
28,74,0.663195
30,74,0.658474
32,74,0.653917
34,74,0.649352
36,74,0.644760
38,74,0.640140
40,74,0.635466
42,74,0.630814
44,74,0.626143
46,74,0.621359
48,74,0.616633
50,74,0.611846
52,74,0.607036
54,74,0.602226
56,74,0.597348
58,74,0.592447
60,74,0.586890
62,74,0.581573
64,74,0.576755
66,74,0.571879
68,74,0.566951
70,74,0.561997
72,74,0.556997
74,74,0.551961
76,74,0.546778
78,74,0.541679
80,74,0.536488
82,74,0.531246
84,74,0.526009
86,74,0.520671
88,74,0.515297
90,74,0.509495
92,74,0.504131
94,74,0.498708
96,74,0.493196
98,74,0.487609
100,74,0.481887
102,74,0.476218
104,74,0.470495
106,74,0.464554
108,74,0.458720
110,74,0.452762
112,74,0.446765
114,74,0.440769
116,74,0.434651
118,74,0.428500
120,74,0.421683
122,74,0.415147
124,74,0.409245
126,74,0.403226
128,74,0.397125
130,74,0.390961
132,74,0.384722
134,74,0.378419
136,74,0.371995
138,74,0.365610
140,74,0.359119
142,74,0.352569
144,74,0.346003
146,74,0.339344
148,74,0.332650
150,74,0.325605
152,74,0.318990
154,74,0.312289
156,74,0.305501
158,74,0.298662
160,74,0.291678
162,74,0.284788
164,74,0.277862
166,74,0.270782
168,74,0.263791
170,74,0.256722
172,74,0.249659
174,74,0.242610
176,74,0.235495
178,74,0.228376
180,74,0.221467
182,74,0.214499
184,74,0.207896
186,74,0.201207
188,74,0.194501
190,74,0.187736
192,74,0.180947
194,74,0.174129
196,74,0.167364
198,74,0.160564
200,74,0.153754
202,74,0.146947
204,74,0.140150
206,74,0.133373
208,74,0.126624
210,74,0.120013
212,74,0.113496
214,74,0.106992
216,74,0.100517
218,74,0.094091
220,74,0.087752
222,74,0.081518
224,74,0.075362
226,74,0.069393
228,74,0.063549
230,74,0.057890
232,74,0.052459
234,74,0.047271
236,74,0.042380
238,74,0.037817
240,74,0.033576
242,74,0.031142
244,74,0.028747
246,74,0.026417
248,74,0.024152
250,74,0.021964
252,74,0.019864
254,74,0.017863
256,74,0.015955
258,74,0.014146
260,74,0.012447
262,74,0.010862
264,74,0.009396
266,74,0.008052
268,74,0.006834
270,74,0.005732
272,74,0.004729
274,74,0.003828
276,74,0.003033
278,74,0.002345
280,74,0.001763
282,74,0.001273
284,74,0.000878
286,74,0.000568
288,74,0.000337
290,74,0.000177
292,74,0.000076
294,74,0.000022
296,74,0.000002
298,74,0.000000
0,76,0.731569
2,76,0.726729
4,76,0.722166
6,76,0.717624
8,76,0.713097
10,76,0.708590
12,76,0.704093
14,76,0.699606
16,76,0.695092
18,76,0.690617
20,76,0.686129
22,76,0.681635
24,76,0.677153
26,76,0.672646
28,76,0.668133
30,76,0.663441
32,76,0.658925
34,76,0.654400
36,76,0.649847
38,76,0.645265
40,76,0.640626
42,76,0.636012
44,76,0.631377
46,76,0.626623
48,76,0.621933
50,76,0.617178
52,76,0.612399
54,76,0.607622
56,76,0.602774
58,76,0.597901
60,76,0.592322
62,76,0.587048
64,76,0.582261
66,76,0.577416
68,76,0.572516
70,76,0.567590
72,76,0.562616
74,76,0.557606
76,76,0.552440
78,76,0.547365
80,76,0.542195
82,76,0.536971
84,76,0.531755
86,76,0.526433
88,76,0.521075
90,76,0.515251
92,76,0.509908
94,76,0.504501
96,76,0.499003
98,76,0.493427
100,76,0.487704
102,76,0.482046
104,76,0.476333
106,76,0.470378
108,76,0.464549
110,76,0.458583
112,76,0.452579
114,76,0.446582
116,76,0.440448
118,76,0.434278
120,76,0.427349
122,76,0.420837
124,76,0.414943
126,76,0.408924
128,76,0.402823
130,76,0.396657
132,76,0.390415
134,76,0.384108
136,76,0.377652
138,76,0.371263
140,76,0.364750
142,76,0.358177
144,76,0.351596
146,76,0.344901
148,76,0.338165
150,76,0.331042
152,76,0.324415
154,76,0.317690
156,76,0.310864
158,76,0.303976
160,76,0.296935
162,76,0.289991
164,76,0.282996
166,76,0.275847
168,76,0.268785
170,76,0.261635
172,76,0.254487
174,76,0.247353
176,76,0.240149
178,76,0.232940
180,76,0.225965
182,76,0.218970
184,76,0.212315
186,76,0.205564
188,76,0.198788
190,76,0.191942
192,76,0.185063
194,76,0.178145
196,76,0.171286
198,76,0.164376
200,76,0.157450
202,76,0.150523
204,76,0.143600
206,76,0.136698
208,76,0.129826
210,76,0.123097
212,76,0.116457
214,76,0.109823
216,76,0.103217
218,76,0.096659
220,76,0.090191
222,76,0.083828
224,76,0.077551
226,76,0.071462
228,76,0.065505
230,76,0.059737
232,76,0.054200
234,76,0.048907
236,76,0.043907
238,76,0.039231
240,76,0.034868
242,76,0.032319
244,76,0.029811
246,76,0.027371
248,76,0.025000
250,76,0.022712
252,76,0.020518
254,76,0.018429
256,76,0.016440
258,76,0.014558
260,76,0.012794
262,76,0.011149
264,76,0.009632
266,76,0.008243
268,76,0.006985
270,76,0.005850
272,76,0.004818
274,76,0.003893
276,76,0.003079
278,76,0.002377
280,76,0.001784
282,76,0.001286
284,76,0.000885
286,76,0.000572
288,76,0.000339
290,76,0.000178
292,76,0.000076
294,76,0.000022
296,76,0.000002
298,76,0.000000
0,78,0.735902
2,78,0.731106
4,78,0.726585
6,78,0.722084
8,78,0.717600
10,78,0.713135
12,78,0.708680
14,78,0.704236
16,78,0.699763
18,78,0.695331
20,78,0.690884
22,78,0.686433
24,78,0.681993
26,78,0.677527
28,78,0.673056
30,78,0.668394
32,78,0.663920
34,78,0.659436
36,78,0.654924
38,78,0.650381
40,78,0.645779
42,78,0.641204
44,78,0.636608
46,78,0.631886
48,78,0.627232
50,78,0.622512
52,78,0.617766
54,78,0.613024
56,78,0.608207
58,78,0.603366
60,78,0.597754
62,78,0.592523
64,78,0.587771
66,78,0.582957
68,78,0.578086
70,78,0.573190
72,78,0.568244
74,78,0.563261
76,78,0.558109
78,78,0.553059
80,78,0.547909
82,78,0.542702
84,78,0.537507
86,78,0.532198
88,78,0.526853
90,78,0.520996
92,78,0.515671
94,78,0.510277
96,78,0.504785
98,78,0.499211
100,78,0.493479
102,78,0.487818
104,78,0.482101
106,78,0.476119
108,78,0.470277
110,78,0.464288
112,78,0.458257
114,78,0.452237
116,78,0.446067
118,78,0.439859
120,78,0.432838
122,78,0.426329
124,78,0.420420
126,78,0.414376
128,78,0.408241
130,78,0.402039
132,78,0.395753
134,78,0.389398
136,78,0.382883
138,78,0.376439
140,78,0.369862
142,78,0.363218
144,78,0.356566
146,78,0.349790
148,78,0.342971
150,78,0.335750
152,78,0.329046
154,78,0.322236
156,78,0.315316
158,78,0.308329
160,78,0.301183
162,78,0.294134
164,78,0.287030
166,78,0.279770
168,78,0.272596
170,78,0.265331
172,78,0.258067
174,78,0.250818
176,78,0.243497
178,78,0.236171
180,78,0.229089
182,78,0.222004
184,78,0.215241
186,78,0.208379
188,78,0.201489
190,78,0.194527
192,78,0.187529
194,78,0.180493
196,78,0.173517
198,78,0.166490
200,78,0.159447
202,78,0.152405
204,78,0.145369
206,78,0.138356
208,78,0.131376
210,78,0.124543
212,78,0.117801
214,78,0.111067
216,78,0.104364
218,78,0.097713
220,78,0.091156
222,78,0.084708
224,78,0.078349
226,78,0.072181
228,78,0.066149
230,78,0.060310
232,78,0.054705
234,78,0.049348
236,78,0.044287
238,78,0.039554
240,78,0.035136
242,78,0.032553
244,78,0.030014
246,78,0.027545
248,78,0.025149
250,78,0.022838
252,78,0.020624
254,78,0.018518
256,78,0.016513
258,78,0.014618
260,78,0.012842
262,78,0.011188
264,78,0.009662
266,78,0.008267
268,78,0.007003
270,78,0.005863
272,78,0.004827
274,78,0.003900
276,78,0.003084
278,78,0.002380
280,78,0.001786
282,78,0.001288
284,78,0.000886
286,78,0.000572
288,78,0.000339
290,78,0.000178
292,78,0.000076
294,78,0.000022
296,78,0.000002
298,78,0.000000
0,80,0.740209
2,80,0.735458
4,80,0.730980
6,80,0.726522
8,80,0.722080
10,80,0.717659
12,80,0.713248
14,80,0.708847
16,80,0.704417
18,80,0.700028
20,80,0.695625
22,80,0.691216
24,80,0.686820
26,80,0.682397
28,80,0.677968
30,80,0.673338
32,80,0.668908
34,80,0.664467
36,80,0.659996
38,80,0.655494
40,80,0.650930
42,80,0.646396
44,80,0.641841
46,80,0.637151
48,80,0.632537
50,80,0.627852
52,80,0.623141
54,80,0.618436
56,80,0.613653
58,80,0.608845
60,80,0.603200
62,80,0.598015
64,80,0.593298
66,80,0.588519
68,80,0.583679
70,80,0.578815
72,80,0.573900
74,80,0.568946
76,80,0.563813
78,80,0.558792
80,80,0.553665
82,80,0.548480
84,80,0.543310
86,80,0.538019
88,80,0.532692
90,80,0.526802
92,80,0.521499
94,80,0.516125
96,80,0.510647
98,80,0.505082
100,80,0.499345
102,80,0.493692
104,80,0.487982
106,80,0.481974
108,80,0.476130
110,80,0.470124
112,80,0.464075
114,80,0.458043
116,80,0.451844
118,80,0.445606
120,80,0.438481
122,80,0.431989
124,80,0.426077
126,80,0.420020
128,80,0.413868
130,80,0.407645
132,80,0.401334
134,80,0.394950
136,80,0.388384
138,80,0.381907
140,80,0.375281
142,80,0.368583
144,80,0.361882
146,80,0.355038
148,80,0.348146
150,80,0.340834
152,80,0.334080
154,80,0.327208
156,80,0.320213
158,80,0.313142
160,80,0.305907
162,80,0.298768
164,80,0.291566
166,80,0.284209
168,80,0.276935
170,80,0.269566
172,80,0.262195
174,80,0.254841
176,80,0.247412
178,80,0.239980
180,80,0.232807
182,80,0.225654
184,80,0.218803
186,80,0.211847
188,80,0.204857
190,80,0.197790
192,80,0.190682
194,80,0.183532
196,80,0.176445
198,80,0.169301
200,80,0.162140
202,80,0.154979
204,80,0.147824
206,80,0.140695
208,80,0.133602
210,80,0.126659
212,80,0.119805
214,80,0.112960
216,80,0.106145
218,80,0.099386
220,80,0.092723
222,80,0.086172
224,80,0.079715
226,80,0.073452
228,80,0.067330
230,80,0.061404
232,80,0.055716
234,80,0.050277
236,80,0.045137
238,80,0.040325
240,80,0.035827
242,80,0.033178
244,80,0.030577
246,80,0.028047
248,80,0.025594
250,80,0.023229
252,80,0.020965
254,80,0.018813
256,80,0.016766
258,80,0.014832
260,80,0.013022
262,80,0.011338
264,80,0.009785
266,80,0.008366
268,80,0.007083
270,80,0.005925
272,80,0.004874
274,80,0.003935
276,80,0.003109
278,80,0.002398
280,80,0.001797
282,80,0.001295
284,80,0.000890
286,80,0.000574
288,80,0.000340
290,80,0.000178
292,80,0.000076
294,80,0.000022
296,80,0.000002
298,80,0.000000
0,82,0.744488
2,82,0.739783
4,82,0.735348
6,82,0.730934
8,82,0.726537
10,82,0.722160
12,82,0.717793
14,82,0.713438
16,82,0.709050
18,82,0.704706
20,82,0.700347
22,82,0.695983
24,82,0.691631
26,82,0.687253
28,82,0.682868
30,82,0.678270
32,82,0.673884
34,82,0.669487
36,82,0.665059
38,82,0.660600
40,82,0.656075
42,82,0.651583
44,82,0.647070
46,82,0.642416
48,82,0.637841
50,82,0.633194
52,82,0.628520
54,82,0.623854
56,82,0.619106
58,82,0.614334
60,82,0.608653
62,82,0.603515
64,82,0.598836
66,82,0.594093
68,82,0.589287
70,82,0.584457
72,82,0.579575
74,82,0.574654
76,82,0.569540
78,82,0.564551
80,82,0.559450
82,82,0.554289
84,82,0.549147
86,82,0.543878
88,82,0.538572
90,82,0.532647
92,82,0.527371
94,82,0.522019
96,82,0.516559
98,82,0.511008
100,82,0.505268
102,82,0.499628
104,82,0.493928
106,82,0.487896
108,82,0.482055
110,82,0.476035
112,82,0.469971
114,82,0.463932
116,82,0.457706
118,82,0.451439
120,82,0.444202
122,82,0.437732
124,82,0.431826
126,82,0.425761
128,82,0.419598
130,82,0.413360
132,82,0.407029
134,82,0.400621
136,82,0.394008
138,82,0.387504
140,82,0.380835
142,82,0.374087
144,82,0.367342
146,82,0.360433
148,82,0.353474
150,82,0.346069
152,82,0.339268
154,82,0.332339
156,82,0.325272
158,82,0.318121
160,82,0.310797
162,82,0.303571
164,82,0.296271
166,82,0.288816
168,82,0.281440
170,82,0.273965
172,82,0.266486
174,82,0.259023
176,82,0.251483
178,82,0.243940
180,82,0.236675
182,82,0.229454
184,82,0.222515
186,82,0.215462
188,82,0.208369
190,82,0.201192
192,82,0.193968
194,82,0.186699
196,82,0.179495
198,82,0.172227
200,82,0.164938
202,82,0.157650
204,82,0.150367
206,82,0.143112
208,82,0.135895
210,82,0.128834
212,82,0.121860
214,82,0.114895
216,82,0.107960
218,82,0.101085
220,82,0.094309
222,82,0.087648
224,82,0.081087
226,82,0.074723
228,82,0.068504
230,82,0.062486
232,82,0.056709
234,82,0.051185
236,82,0.045960
238,82,0.041064
240,82,0.036482
242,82,0.033765
244,82,0.031099
246,82,0.028508
248,82,0.025997
250,82,0.023579
252,82,0.021267
254,82,0.019070
256,82,0.016983
258,82,0.015014
260,82,0.013172
262,82,0.011461
264,82,0.009884
266,82,0.008445
268,82,0.007144
270,82,0.005972
272,82,0.004909
274,82,0.003960
276,82,0.003127
278,82,0.002410
280,82,0.001805
282,82,0.001300
284,82,0.000893
286,82,0.000576
288,82,0.000341
290,82,0.000179
292,82,0.000076
294,82,0.000022
296,82,0.000002
298,82,0.000000
0,84,0.748739
2,84,0.744081
4,84,0.739691
6,84,0.735322
8,84,0.730969
10,84,0.726638
12,84,0.722317
14,84,0.718007
16,84,0.713663
18,84,0.709366
20,84,0.705052
22,84,0.700733
24,84,0.696428
26,84,0.692094
28,84,0.687754
30,84,0.683190
32,84,0.678850
34,84,0.674498
36,84,0.670115
38,84,0.665700
40,84,0.661216
42,84,0.656767
44,84,0.652298
46,84,0.647679
48,84,0.643147
50,84,0.638539
52,84,0.633904
54,84,0.629278
56,84,0.624568
58,84,0.619833
60,84,0.614110
62,84,0.609022
64,84,0.604383
66,84,0.599678
68,84,0.594907
70,84,0.590114
72,84,0.585266
74,84,0.580380
76,84,0.575286
78,84,0.570330
80,84,0.565256
82,84,0.560120
84,84,0.555007
86,84,0.549760
88,84,0.544476
90,84,0.538511
92,84,0.533264
94,84,0.527935
96,84,0.522492
98,84,0.516951
100,84,0.511207
102,84,0.505576
104,84,0.499883
106,84,0.493823
108,84,0.487980
110,84,0.481941
112,84,0.475856
114,84,0.469801
116,84,0.463543
118,84,0.457242
120,84,0.449898
122,84,0.443445
124,84,0.437535
126,84,0.431455
128,84,0.425270
130,84,0.419005
132,84,0.412640
134,84,0.406194
136,84,0.399523
138,84,0.392974
140,84,0.386246
142,84,0.379431
144,84,0.372623
146,84,0.365635
148,84,0.358592
150,84,0.351088
152,84,0.344220
154,84,0.337212
156,84,0.330053
158,84,0.322804
160,84,0.315375
162,84,0.308044
164,84,0.300633
166,84,0.293067
168,84,0.285578
170,84,0.277985
172,84,0.270388
174,84,0.262808
176,84,0.255149
178,84,0.247489
180,84,0.240118
182,84,0.232810
184,84,0.225765
186,84,0.218600
188,84,0.211394
190,84,0.204097
192,84,0.196753
194,84,0.189361
196,84,0.182036
198,84,0.174645
200,84,0.167234
202,84,0.159825
204,84,0.152423
206,84,0.145050
208,84,0.137720
210,84,0.130549
212,84,0.123467
214,84,0.116394
216,84,0.109355
218,84,0.102379
220,84,0.095506
222,84,0.088751
224,84,0.082101
226,84,0.075651
228,84,0.069350
230,84,0.063255
232,84,0.057404
234,84,0.051808
236,84,0.046515
238,84,0.041554
240,84,0.036909
242,84,0.034146
244,84,0.031437
246,84,0.028806
248,84,0.026258
250,84,0.023806
252,84,0.021463
254,84,0.019238
256,84,0.017125
258,84,0.015133
260,84,0.013272
262,84,0.011543
264,84,0.009951
266,84,0.008499
268,84,0.007186
270,84,0.006004
272,84,0.004934
274,84,0.003978
276,84,0.003140
278,84,0.002419
280,84,0.001811
282,84,0.001303
284,84,0.000895
286,84,0.000577
288,84,0.000342
290,84,0.000179
292,84,0.000076
294,84,0.000022
296,84,0.000002
298,84,0.000000
0,86,0.752962
2,86,0.748353
4,86,0.744008
6,86,0.739685
8,86,0.735379
10,86,0.731094
12,86,0.726819
14,86,0.722556
16,86,0.718258
18,86,0.714008
20,86,0.709740
22,86,0.705467
24,86,0.701209
26,86,0.696922
28,86,0.692628
30,86,0.688099
32,86,0.683806
34,86,0.679501
36,86,0.675164
38,86,0.670793
40,86,0.666351
42,86,0.661948
44,86,0.657523
46,86,0.652943
48,86,0.648454
50,86,0.643887
52,86,0.639293
54,86,0.634710
56,86,0.630038
58,86,0.625343
60,86,0.619578
62,86,0.614541
64,86,0.609944
66,86,0.605279
68,86,0.600546
70,86,0.595791
72,86,0.590981
74,86,0.586132
76,86,0.581062
78,86,0.576144
80,86,0.571101
82,86,0.565995
84,86,0.560916
86,86,0.555697
88,86,0.550441
90,86,0.544435
92,86,0.539220
94,86,0.533921
96,86,0.528503
98,86,0.522983
100,86,0.517240
102,86,0.511630
104,86,0.505957
106,86,0.499869
108,86,0.494038
110,86,0.487987
112,86,0.481890
114,86,0.475835
116,86,0.469551
118,86,0.463224
120,86,0.455754
122,86,0.449333
124,86,0.443438
126,86,0.437358
128,86,0.431169
130,86,0.424896
132,86,0.418518
134,86,0.412057
136,86,0.405337
138,86,0.398769
140,86,0.392001
142,86,0.385138
144,86,0.378293
146,86,0.371238
148,86,0.364126
150,86,0.356527
152,86,0.349620
154,86,0.342560
156,86,0.335330
158,86,0.327998
160,86,0.320481
162,86,0.313060
164,86,0.305548
166,86,0.297883
168,86,0.290290
170,86,0.282588
172,86,0.274879
174,86,0.267188
176,86,0.259415
178,86,0.251644
180,86,0.244181
182,86,0.236808
184,86,0.229674
186,86,0.222412
188,86,0.215101
190,86,0.207692
192,86,0.200228
194,86,0.192712
196,86,0.185267
198,86,0.177747
200,86,0.170203
202,86,0.162662
204,86,0.155125
206,86,0.147622
208,86,0.140164
210,86,0.132870
212,86,0.125664
214,86,0.118464
216,86,0.111299
218,86,0.104201
220,86,0.097209
222,86,0.090338
224,86,0.083578
226,86,0.077022
228,86,0.070620
230,86,0.064428
232,86,0.058483
234,86,0.052797
236,86,0.047416
238,86,0.042367
240,86,0.037634
242,86,0.034799
244,86,0.032021
246,86,0.029323
248,86,0.026713
250,86,0.024203
252,86,0.021806
254,86,0.019532
256,86,0.017375
258,86,0.015344
260,86,0.013447
262,86,0.011687
264,86,0.010068
266,86,0.008593
268,86,0.007261
270,86,0.006061
272,86,0.004977
274,86,0.004010
276,86,0.003162
278,86,0.002434
280,86,0.001821
282,86,0.001309
284,86,0.000899
286,86,0.000579
288,86,0.000342
290,86,0.000179
292,86,0.000077
294,86,0.000022
296,86,0.000002
298,86,0.000000
0,88,0.757159
2,88,0.752599
4,88,0.748301
6,88,0.744024
8,88,0.739765
10,88,0.735527
12,88,0.731300
14,88,0.727085
16,88,0.722833
18,88,0.718631
20,88,0.714411
22,88,0.710185
24,88,0.705975
26,88,0.701735
28,88,0.697489
30,88,0.692995
32,88,0.688752
34,88,0.684494
36,88,0.680204
38,88,0.675880
40,88,0.671482
42,88,0.667124
44,88,0.662746
46,88,0.658205
48,88,0.653762
50,88,0.649238
52,88,0.644686
54,88,0.640146
56,88,0.635516
58,88,0.630863
60,88,0.625052
62,88,0.620068
64,88,0.615515
66,88,0.610892
68,88,0.606198
70,88,0.601484
72,88,0.596713
74,88,0.591904
76,88,0.586860
78,88,0.581981
80,88,0.576972
82,88,0.571898
84,88,0.566856
86,88,0.561667
88,88,0.556442
90,88,0.550390
92,88,0.545212
94,88,0.539945
96,88,0.534555
98,88,0.529059
100,88,0.523317
102,88,0.517730
104,88,0.512080
106,88,0.505963
108,88,0.500145
110,88,0.494081
112,88,0.487974
114,88,0.481920
116,88,0.475607
118,88,0.469254
120,88,0.461653
122,88,0.455267
124,88,0.449390
126,88,0.443310
128,88,0.437119
130,88,0.430837
132,88,0.424446
134,88,0.417970
136,88,0.411200
138,88,0.404612
140,88,0.397801
142,88,0.390887
144,88,0.384003
146,88,0.376877
148,88,0.369692
150,88,0.361996
152,88,0.355048
154,88,0.347934
156,88,0.340628
158,88,0.333210
160,88,0.325600
162,88,0.318085
164,88,0.310468
166,88,0.302700
168,88,0.295000
170,88,0.287185
172,88,0.279361
174,88,0.271557
176,88,0.263667
178,88,0.255781
180,88,0.248225
182,88,0.240782
184,88,0.233555
186,88,0.226193
188,88,0.218774
190,88,0.211248
192,88,0.203662
194,88,0.196019
196,88,0.188451
198,88,0.180800
200,88,0.173123
202,88,0.165447
204,88,0.157776
206,88,0.150141
208,88,0.142556
210,88,0.135139
212,88,0.127808
214,88,0.120482
216,88,0.113192
218,88,0.105973
220,88,0.098863
222,88,0.091879
224,88,0.085010
226,88,0.078349
228,88,0.071846
230,88,0.065559
232,88,0.059522
234,88,0.053748
236,88,0.048281
238,88,0.043147
240,88,0.038329
242,88,0.035426
244,88,0.032580
246,88,0.029820
248,88,0.027150
250,88,0.024584
252,88,0.022136
254,88,0.019816
256,88,0.017616
258,88,0.015546
260,88,0.013616
262,88,0.011826
264,88,0.010182
266,88,0.008684
268,88,0.007333
270,88,0.006117
272,88,0.005018
274,88,0.004040
276,88,0.003184
278,88,0.002449
280,88,0.001830
282,88,0.001315
284,88,0.000902
286,88,0.000581
288,88,0.000343
290,88,0.000179
292,88,0.000077
294,88,0.000022
296,88,0.000002
298,88,0.000000
0,90,0.761331
2,90,0.756821
4,90,0.752570
6,90,0.748342
8,90,0.744130
10,90,0.739941
12,90,0.735763
14,90,0.731597
16,90,0.727392
18,90,0.723239
20,90,0.719068
22,90,0.714891
24,90,0.710730
26,90,0.706539
28,90,0.702341
30,90,0.697884
32,90,0.693690
34,90,0.689481
36,90,0.685239
38,90,0.680962
40,90,0.676609
42,90,0.672299
44,90,0.667969
46,90,0.663468
48,90,0.659071
50,90,0.654590
52,90,0.650081
54,90,0.645587
56,90,0.640998
58,90,0.636387
60,90,0.630558
62,90,0.625629
64,90,0.621122
66,90,0.616544
68,90,0.611893
70,90,0.607223
72,90,0.602494
74,90,0.597727
76,90,0.592716
78,90,0.587879
80,90,0.582908
82,90,0.577871
84,90,0.572869
86,90,0.567717
88,90,0.562529
90,90,0.556525
92,90,0.551392
94,90,0.546168
96,90,0.540820
98,90,0.535366
100,90,0.529684
102,90,0.524142
104,90,0.518539
106,90,0.512516
108,90,0.506758
110,90,0.500789
112,90,0.494778
114,90,0.488812
116,90,0.482632
118,90,0.476419
120,90,0.468293
122,90,0.461989
124,90,0.456183
126,90,0.450201
128,90,0.444092
130,90,0.437923
132,90,0.431650
134,90,0.425302
136,90,0.418618
138,90,0.412178
140,90,0.405527
142,90,0.398791
144,90,0.392101
146,90,0.385206
148,90,0.378271
150,90,0.370161
152,90,0.363433
154,90,0.356541
156,90,0.349475
158,90,0.342294
160,90,0.334715
162,90,0.327466
164,90,0.320149
166,90,0.312235
168,90,0.304728
170,90,0.296919
172,90,0.289123
174,90,0.281396
176,90,0.273386
178,90,0.265350
180,90,0.257717
182,90,0.250583
184,90,0.243672
186,90,0.236501
188,90,0.229311
190,90,0.221953
192,90,0.214523
194,90,0.206995
196,90,0.199578
198,90,0.192033
200,90,0.184419
202,90,0.176744
204,90,0.169039
206,90,0.161306
208,90,0.153568
210,90,0.146086
212,90,0.138752
214,90,0.131363
216,90,0.123947
218,90,0.116535
220,90,0.109209
222,90,0.101993
224,90,0.094812
226,90,0.087903
228,90,0.081091
230,90,0.074484
232,90,0.068148
234,90,0.062075
236,90,0.056338
238,90,0.050970
240,90,0.045936
242,90,0.042729
244,90,0.039531
246,90,0.036401
248,90,0.033331
250,90,0.030347
252,90,0.027471
254,90,0.024722
256,90,0.022089
258,90,0.019584
260,90,0.017227
262,90,0.015023
264,90,0.012985
266,90,0.011120
268,90,0.009433
270,90,0.007912
272,90,0.006522
274,90,0.005273
276,90,0.004170
278,90,0.003219
280,90,0.002416
282,90,0.001742
284,90,0.001198
286,90,0.000773
288,90,0.000458
290,90,0.000240
292,90,0.000103
294,90,0.000030
296,90,0.000003
298,90,0.000000
0,92,0.765507
2,92,0.761049
4,92,0.756846
6,92,0.752666
8,92,0.748503
10,92,0.744363
12,92,0.740234
14,92,0.736117
16,92,0.731960
18,92,0.727857
20,92,0.723735
22,92,0.719607
24,92,0.715496
26,92,0.711354
28,92,0.707205
30,92,0.702784
32,92,0.698640
34,92,0.694481
36,92,0.690288
38,92,0.686059
40,92,0.681751
42,92,0.677490
44,92,0.673207
46,92,0.668747
48,92,0.664396
50,92,0.659959
52,92,0.655493
54,92,0.651045
56,92,0.646499
58,92,0.641929
60,92,0.636053
62,92,0.631179
64,92,0.626717
66,92,0.622182
68,92,0.617572
70,92,0.612944
72,92,0.608256
74,92,0.603529
76,92,0.598542
78,92,0.593744
80,92,0.588807
82,92,0.583799
84,92,0.578833
86,92,0.573708
88,92,0.568546
90,92,0.562502
92,92,0.557403
94,92,0.552208
96,92,0.546882
98,92,0.541444
100,92,0.535762
102,92,0.530234
104,92,0.524642
106,92,0.518594
108,92,0.512838
110,92,0.506854
112,92,0.500825
114,92,0.494849
116,92,0.488642
118,92,0.482400
120,92,0.474120
122,92,0.467836
124,92,0.462032
126,92,0.456040
128,92,0.449909
130,92,0.443718
132,92,0.437413
134,92,0.431029
136,92,0.424279
138,92,0.417796
140,92,0.411084
142,92,0.404278
144,92,0.397524
146,92,0.390544
148,92,0.383523
150,92,0.375294
152,92,0.368498
154,92,0.361524
156,92,0.354360
158,92,0.347074
160,92,0.339381
162,92,0.332018
164,92,0.324584
166,92,0.316546
168,92,0.308915
170,92,0.300979
172,92,0.293054
174,92,0.285199
176,92,0.277057
178,92,0.268888
180,92,0.261139
182,92,0.253909
184,92,0.246884
186,92,0.239592
188,92,0.232278
190,92,0.224792
192,92,0.217232
194,92,0.209571
196,92,0.202025
198,92,0.194350
200,92,0.186605
202,92,0.178802
204,92,0.170971
206,92,0.163115
208,92,0.155257
210,92,0.147659
212,92,0.140211
214,92,0.132710
216,92,0.125186
218,92,0.117671
220,92,0.110245
222,92,0.102934
224,92,0.095664
226,92,0.088668
228,92,0.081774
230,92,0.075090
232,92,0.068682
234,92,0.062540
236,92,0.056739
238,92,0.051310
240,92,0.046221
242,92,0.042978
244,92,0.039746
246,92,0.036585
248,92,0.033489
250,92,0.030480
252,92,0.027583
254,92,0.024815
256,92,0.022166
258,92,0.019647
260,92,0.017277
262,92,0.015063
264,92,0.013016
266,92,0.011144
268,92,0.009451
270,92,0.007925
272,92,0.006532
274,92,0.005280
276,92,0.004175
278,92,0.003222
280,92,0.002418
282,92,0.001743
284,92,0.001199
286,92,0.000773
288,92,0.000458
290,92,0.000240
292,92,0.000103
294,92,0.000030
296,92,0.000003
298,92,0.000000
0,94,0.769614
2,94,0.765208
4,94,0.761054
6,94,0.756924
8,94,0.752810
10,94,0.748720
12,94,0.744642
14,94,0.740576
16,94,0.736467
18,94,0.732416
20,94,0.728344
22,94,0.724266
24,94,0.720207
26,94,0.716115
28,94,0.712018
30,94,0.707634
32,94,0.703542
34,94,0.699434
36,94,0.695292
38,94,0.691113
40,94,0.686851
42,94,0.682640
44,94,0.678408
46,94,0.673990
48,94,0.669688
50,94,0.665297
52,94,0.660877
54,94,0.656477
56,94,0.651975
58,94,0.647450
60,94,0.641526
62,94,0.636709
64,94,0.632296
66,94,0.627807
68,94,0.623241
70,94,0.618658
72,94,0.614014
74,94,0.609330
76,94,0.604371
78,94,0.599617
80,94,0.594716
82,94,0.589743
84,94,0.584817
86,94,0.579724
88,94,0.574594
90,94,0.568510
92,94,0.563451
94,94,0.558290
96,94,0.552993
98,94,0.547577
100,94,0.541900
102,94,0.536393
104,94,0.530820
106,94,0.524751
108,94,0.519004
110,94,0.513012
112,94,0.506973
114,94,0.500995
116,94,0.494765
118,94,0.488501
120,94,0.480054
122,94,0.473800
124,94,0.468008
126,94,0.462015
128,94,0.455874
130,94,0.449670
132,94,0.443346
134,94,0.436937
136,94,0.430127
138,94,0.423613
140,94,0.416849
142,94,0.409983
144,94,0.403176
146,94,0.396120
148,94,0.389019
150,94,0.380670
152,94,0.373820
154,94,0.366776
156,94,0.359524
158,94,0.352137
160,94,0.344338
162,94,0.336868
164,94,0.329318
166,94,0.321163
168,94,0.313412
170,94,0.305352
172,94,0.297299
174,94,0.289317
176,94,0.281044
178,94,0.272743
180,94,0.264884
182,94,0.257567
184,94,0.250432
186,94,0.243024
188,94,0.235589
190,94,0.227977
192,94,0.220285
194,94,0.212490
196,94,0.204814
198,94,0.197003
200,94,0.189122
202,94,0.181185
204,94,0.173221
206,94,0.165236
208,94,0.157253
210,94,0.149533
212,94,0.141962
214,94,0.134339
216,94,0.126698
218,94,0.119070
220,94,0.111535
222,94,0.104118
224,94,0.096749
226,94,0.089656
228,94,0.082672
230,94,0.075902
232,94,0.069411
234,94,0.063191
236,94,0.057316
238,94,0.051817
240,94,0.046660
242,94,0.043368
244,94,0.040091
246,94,0.036888
248,94,0.033753
250,94,0.030708
252,94,0.027779
254,94,0.024982
256,94,0.022307
258,94,0.019765
260,94,0.017376
262,94,0.015144
264,94,0.013082
266,94,0.011197
268,94,0.009493
270,94,0.007957
272,94,0.006556
274,94,0.005297
276,94,0.004187
278,94,0.003231
280,94,0.002424
282,94,0.001746
284,94,0.001201
286,94,0.000774
288,94,0.000459
290,94,0.000241
292,94,0.000103
294,94,0.000030
296,94,0.000003
298,94,0.000000
0,96,0.773694
2,96,0.769341
4,96,0.765237
6,96,0.761157
8,96,0.757094
10,96,0.753056
12,96,0.749029
14,96,0.745015
16,96,0.740956
18,96,0.736956
20,96,0.732936
22,96,0.728910
24,96,0.724903
26,96,0.720862
28,96,0.716816
30,96,0.712472
32,96,0.708433
34,96,0.704377
36,96,0.700287
38,96,0.696159
40,96,0.691945
42,96,0.687786
44,96,0.683606
46,96,0.679231
48,96,0.674980
50,96,0.670637
52,96,0.666264
54,96,0.661914
56,96,0.657459
58,96,0.652981
60,96,0.647008
62,96,0.642250
64,96,0.637886
66,96,0.633447
68,96,0.628927
70,96,0.624391
72,96,0.619793
74,96,0.615157
76,96,0.610228
78,96,0.605521
80,96,0.600660
82,96,0.595726
84,96,0.590844
86,96,0.585787
88,96,0.580695
90,96,0.574572
92,96,0.569557
94,96,0.564436
96,96,0.559174
98,96,0.553787
100,96,0.548120
102,96,0.542643
104,96,0.537099
106,96,0.531011
108,96,0.525284
110,96,0.519290
112,96,0.513248
114,96,0.507277
116,96,0.501031
118,96,0.494751
120,96,0.486112
122,96,0.479899
124,96,0.474131
126,96,0.468148
128,96,0.462010
130,96,0.455807
132,96,0.449477
134,96,0.443060
136,96,0.436194
138,96,0.429667
140,96,0.422864
142,96,0.415949
144,96,0.409107
146,96,0.401983
148,96,0.394810
150,96,0.386332
152,96,0.379448
154,96,0.372352
156,96,0.365024
158,96,0.357547
160,96,0.349647
162,96,0.342079
164,96,0.334420
166,96,0.326149
168,96,0.318283
170,96,0.310101
172,96,0.301919
174,96,0.293812
176,96,0.285406
178,96,0.276972
180,96,0.269007
182,96,0.261616
184,96,0.254383
186,96,0.246866
188,96,0.239314
190,96,0.231577
192,96,0.223753
194,96,0.215821
196,96,0.208014
198,96,0.200061
200,96,0.192037
202,96,0.183957
204,96,0.175848
206,96,0.167723
208,96,0.159604
210,96,0.151752
212,96,0.144048
214,96,0.136293
216,96,0.128519
218,96,0.120764
220,96,0.113106
222,96,0.105570
224,96,0.098088
226,96,0.090885
228,96,0.083797
230,96,0.076929
232,96,0.070344
234,96,0.064035
236,96,0.058075
238,96,0.052494
240,96,0.047257
242,96,0.043901
244,96,0.040565
246,96,0.037306
248,96,0.034118
250,96,0.031026
252,96,0.028053
254,96,0.025217
256,96,0.022505
258,96,0.019931
260,96,0.017514
262,96,0.015258
264,96,0.013175
266,96,0.011272
268,96,0.009551
270,96,0.008002
272,96,0.006589
274,96,0.005322
276,96,0.004205
278,96,0.003243
280,96,0.002432
282,96,0.001751
284,96,0.001204
286,96,0.000776
288,96,0.000459
290,96,0.000241
292,96,0.000103
294,96,0.000030
296,96,0.000003
298,96,0.000000
0,98,0.777746
2,98,0.773447
4,98,0.769394
6,98,0.765365
8,98,0.761354
10,98,0.757367
12,98,0.753393
14,98,0.749431
16,98,0.745423
18,98,0.741476
20,98,0.737509
22,98,0.733535
24,98,0.729581
26,98,0.725593
28,98,0.721600
30,98,0.717296
32,98,0.713310
34,98,0.709308
36,98,0.705271
38,98,0.701196
40,98,0.697031
42,98,0.692925
44,98,0.688798
46,98,0.684468
48,98,0.680270
50,98,0.675975
52,98,0.671652
54,98,0.667353
56,98,0.662947
58,98,0.658518
60,98,0.652495
62,98,0.647797
64,98,0.643485
66,98,0.639096
68,98,0.634624
70,98,0.630138
72,98,0.625589
74,98,0.621001
76,98,0.616106
78,98,0.611448
80,98,0.606631
82,98,0.601738
84,98,0.596903
86,98,0.591887
88,98,0.586836
90,98,0.580674
92,98,0.575707
94,98,0.570631
96,98,0.565409
98,98,0.560058
100,98,0.554404
102,98,0.548962
104,98,0.543455
106,98,0.537352
108,98,0.531652
110,98,0.525661
112,98,0.519623
114,98,0.513670
116,98,0.507413
118,98,0.501122
120,98,0.492267
122,98,0.486103
124,98,0.480369
126,98,0.474405
128,98,0.468282
130,98,0.462092
132,98,0.455770
134,98,0.449359
136,98,0.442441
138,98,0.435920
140,98,0.429087
142,98,0.422137
144,98,0.415280
146,98,0.408097
148,98,0.400862
150,98,0.392247
152,98,0.385349
154,98,0.378222
156,98,0.370833
158,98,0.363277
160,98,0.355287
162,98,0.347634
164,98,0.339872
166,98,0.331491
168,98,0.323520
170,98,0.315219
172,98,0.306911
174,98,0.298684
176,98,0.290146
178,98,0.281580
180,98,0.273517
182,98,0.266072
184,98,0.258756
186,98,0.251143
188,98,0.243486
190,98,0.235632
192,98,0.227681
194,98,0.219613
196,98,0.211679
198,98,0.203585
200,98,0.195413
202,98,0.187185
204,98,0.178924
206,98,0.170650
208,98,0.162385
210,98,0.154396
212,98,0.146551
214,98,0.138650
216,98,0.130730
218,98,0.122833
220,98,0.115035
222,98,0.107363
224,98,0.099752
226,98,0.092424
228,98,0.085216
230,98,0.078235
232,98,0.071541
234,98,0.065129
236,98,0.059068
238,98,0.053390
240,98,0.048057
242,98,0.044621
244,98,0.041207
246,98,0.037873
248,98,0.034616
250,98,0.031459
252,98,0.028426
254,98,0.025536
256,98,0.022774
258,98,0.020156
260,98,0.017700
262,98,0.015411
264,98,0.013299
266,98,0.011370
268,98,0.009628
270,98,0.008060
272,98,0.006633
274,98,0.005353
276,98,0.004227
278,98,0.003258
280,98,0.002441
282,98,0.001757
284,98,0.001207
286,98,0.000778
288,98,0.000460
290,98,0.000241
292,98,0.000103
294,98,0.000030
296,98,0.000003
298,98,0.000000
0,100,0.781771
2,100,0.777526
4,100,0.773525
6,100,0.769549
8,100,0.765590
10,100,0.761657
12,100,0.757735
14,100,0.753827
16,100,0.749870
18,100,0.745978
20,100,0.742063
22,100,0.738143
24,100,0.734243
26,100,0.730309
28,100,0.726370
30,100,0.722106
32,100,0.718176
34,100,0.714228
36,100,0.710245
38,100,0.706223
40,100,0.702110
42,100,0.698057
44,100,0.693984
46,100,0.689702
48,100,0.685556
50,100,0.681313
52,100,0.677041
54,100,0.672795
56,100,0.668439
58,100,0.664061
60,100,0.657993
62,100,0.653357
64,100,0.649099
66,100,0.644762
68,100,0.640341
70,100,0.635907
72,100,0.631409
74,100,0.626872
76,100,0.622014
78,100,0.617407
80,100,0.612636
82,100,0.607788
84,100,0.603004
86,100,0.598031
88,100,0.593024
90,100,0.586849
92,100,0.581935
94,100,0.576907
96,100,0.571729
98,100,0.566418
100,100,0.560796
102,100,0.555396
104,100,0.549930
106,100,0.543846
108,100,0.538185
110,100,0.532227
112,100,0.526222
114,100,0.520306
116,100,0.514084
118,100,0.507829
120,100,0.498631
122,100,0.492526
124,100,0.486835
126,100,0.480912
128,100,0.474816
130,100,0.468661
132,100,0.462370
134,100,0.455991
136,100,0.449070
138,100,0.442580
140,100,0.435773
142,100,0.428844
144,100,0.422017
146,100,0.414861
148,100,0.407658
150,100,0.398754
152,100,0.391891
154,100,0.384789
156,100,0.377420
158,100,0.369878
160,100,0.361795
162,100,0.354160
164,100,0.346424
166,100,0.337860
168,100,0.329871
170,100,0.321454
172,100,0.313055
174,100,0.304768
176,100,0.296075
178,100,0.287354
180,100,0.279153
182,100,0.271748
184,100,0.264466
186,100,0.256816
188,100,0.249139
190,100,0.241230
192,100,0.233224
194,100,0.225087
196,100,0.217096
198,100,0.208930
200,100,0.200671
202,100,0.192333
204,100,0.183956
206,100,0.175543
208,100,0.167127
210,100,0.159025
212,100,0.151091
214,100,0.143083
216,100,0.135039
218,100,0.126996
220,100,0.119051
222,100,0.111231
224,100,0.103449
226,100,0.095978
228,100,0.088609
230,100,0.081467
232,100,0.074624
234,100,0.068065
236,100,0.061873
238,100,0.056080
240,100,0.050649
242,100,0.047105
244,100,0.043568
246,100,0.040109
248,100,0.036719
250,100,0.033424
252,100,0.030251
254,100,0.027222
256,100,0.024321
258,100,0.021562
260,100,0.018967
262,100,0.016543
264,100,0.014301
266,100,0.012251
268,100,0.010398
270,100,0.008726
272,100,0.007199
274,100,0.005824
276,100,0.004610
278,100,0.003562
280,100,0.002677
282,100,0.001932
284,100,0.001331
286,100,0.000860
288,100,0.000511
290,100,0.000268
292,100,0.000115
294,100,0.000034
296,100,0.000003
298,100,0.000000
0,102,0.785768
2,102,0.781579
4,102,0.777631
6,102,0.773707
8,102,0.769802
10,102,0.765922
12,102,0.762054
14,102,0.758200
16,102,0.754296
18,102,0.750458
20,102,0.746598
22,102,0.742731
24,102,0.738887
26,102,0.735007
28,102,0.731122
30,102,0.726901
32,102,0.723027
34,102,0.719134
36,102,0.715206
38,102,0.711239
40,102,0.707177
42,102,0.703179
44,102,0.699162
46,102,0.694927
48,102,0.690836
50,102,0.686645
52,102,0.682425
54,102,0.678234
56,102,0.673929
58,102,0.669604
60,102,0.663483
62,102,0.658910
64,102,0.654707
66,102,0.650424
68,102,0.646054
70,102,0.641673
72,102,0.637227
74,102,0.632744
76,102,0.627923
78,102,0.623370
80,102,0.618646
82,102,0.613844
84,102,0.609112
86,102,0.604185
88,102,0.599224
90,102,0.593008
92,102,0.588147
94,102,0.583169
96,102,0.578037
98,102,0.572766
100,102,0.567160
102,102,0.561802
104,102,0.556378
106,102,0.550280
108,102,0.544651
110,102,0.538699
112,102,0.532701
114,102,0.526806
116,102,0.520575
118,102,0.514312
120,102,0.504874
122,102,0.498823
124,102,0.493171
126,102,0.487272
128,102,0.481195
130,102,0.475056
132,102,0.468775
134,102,0.462404
136,102,0.455427
138,102,0.448944
140,102,0.442106
142,102,0.435139
144,102,0.428296
146,102,0.421076
148,102,0.413806
150,102,0.404753
152,102,0.397875
154,102,0.390739
156,102,0.383304
158,102,0.375675
160,102,0.367494
162,102,0.359765
164,102,0.351920
166,102,0.343237
168,102,0.335134
170,102,0.326591
172,102,0.318058
174,102,0.309644
176,102,0.300811
178,102,0.291950
180,102,0.283644
182,102,0.276177
184,102,0.268803
186,102,0.261047
188,102,0.253255
190,102,0.245221
192,102,0.237079
194,102,0.228798
196,102,0.220673
198,102,0.212358
200,102,0.203946
202,102,0.195454
204,102,0.186921
206,102,0.178356
208,102,0.169792
210,102,0.161549
212,102,0.153472
214,102,0.145318
216,102,0.137127
218,102,0.128944
220,102,0.120861
222,102,0.112908
224,102,0.105000
226,102,0.097407
228,102,0.089922
230,102,0.082670
232,102,0.075722
234,102,0.069064
236,102,0.062776
238,102,0.056892
240,102,0.051371
242,102,0.047753
244,102,0.044145
246,102,0.040619
248,102,0.037165
250,102,0.033812
252,102,0.030586
254,102,0.027508
256,102,0.024563
258,102,0.021764
260,102,0.019135
262,102,0.016680
264,102,0.014413
266,102,0.012340
268,102,0.010468
270,102,0.008780
272,102,0.007238
274,102,0.005853
276,102,0.004630
278,102,0.003576
280,102,0.002686
282,102,0.001937
284,102,0.001334
286,102,0.000862
288,102,0.000511
290,102,0.000269
292,102,0.000115
294,102,0.000034
296,102,0.000003
298,102,0.000000
0,104,0.789735
2,104,0.785603
4,104,0.781708
6,104,0.777838
8,104,0.773987
10,104,0.770161
12,104,0.766349
14,104,0.762549
16,104,0.758699
18,104,0.754916
20,104,0.751111
22,104,0.747299
24,104,0.743511
26,104,0.739686
28,104,0.735857
30,104,0.731679
32,104,0.727861
34,104,0.724025
36,104,0.720153
38,104,0.716241
40,104,0.712232
42,104,0.708291
44,104,0.704330
46,104,0.700145
48,104,0.696110
50,104,0.691972
52,104,0.687806
54,104,0.683671
56,104,0.679420
58,104,0.675149
60,104,0.668973
62,104,0.664465
64,104,0.660319
66,104,0.656091
68,104,0.651775
70,104,0.647449
72,104,0.643058
74,104,0.638629
76,104,0.633849
78,104,0.629351
80,104,0.624678
82,104,0.619926
84,104,0.615248
86,104,0.610370
88,104,0.605459
90,104,0.599199
92,104,0.594395
94,104,0.589470
96,104,0.584388
98,104,0.579164
100,104,0.573575
102,104,0.568264
104,104,0.562888
106,104,0.556772
108,104,0.551180
110,104,0.545235
112,104,0.539246
114,104,0.533377
116,104,0.527137
118,104,0.520867
120,104,0.511175
122,104,0.505184
124,104,0.499578
126,104,0.493707
128,104,0.487654
130,104,0.481535
132,104,0.475270
134,104,0.468915
136,104,0.461874
138,104,0.455404
140,104,0.448535
142,104,0.441526
144,104,0.434673
146,104,0.427384
148,104,0.420044
150,104,0.410840
152,104,0.403952
154,104,0.396786
156,104,0.389282
158,104,0.381561
160,104,0.373281
162,104,0.365455
164,104,0.357496
166,104,0.348693
168,104,0.340472
170,104,0.331801
172,104,0.323129
174,104,0.314587
176,104,0.305611
178,104,0.296609
180,104,0.288199
182,104,0.280669
184,104,0.273199
186,104,0.265335
188,104,0.257425
190,104,0.249261
192,104,0.240978
194,104,0.232549
196,104,0.224286
198,104,0.215817
200,104,0.207247
202,104,0.198599
204,104,0.189906
206,104,0.181187
208,104,0.172473
210,104,0.164088
212,104,0.155864
214,104,0.147560
216,104,0.139221
218,104,0.130895
220,104,0.122673
222,104,0.114585
224,104,0.106550
226,104,0.098833
228,104,0.091232
230,104,0.083870
232,104,0.076817
234,104,0.070059
236,104,0.063676
238,104,0.057700
240,104,0.052089
242,104,0.048397
244,104,0.044719
246,104,0.041125
248,104,0.037609
250,104,0.034197
252,104,0.030918
254,104,0.027792
256,104,0.024802
258,104,0.021965
260,104,0.019302
262,104,0.016817
264,104,0.014524
266,104,0.012429
268,104,0.010537
270,104,0.008833
272,104,0.007278
274,104,0.005882
276,104,0.004651
278,104,0.003590
280,104,0.002695
282,104,0.001943
284,104,0.001337
286,104,0.000863
288,104,0.000512
290,104,0.000269
292,104,0.000115
294,104,0.000034
296,104,0.000003
298,104,0.000000
0,106,0.793677
2,106,0.789602
4,106,0.785761
6,106,0.781946
8,106,0.778150
10,106,0.774379
12,106,0.770622
14,106,0.766879
16,106,0.763082
18,106,0.759356
20,106,0.755606
22,106,0.751850
24,106,0.748119
26,106,0.744349
28,106,0.740577
30,106,0.736443
32,106,0.732683
34,106,0.728904
36,106,0.725089
38,106,0.721233
40,106,0.717278
42,106,0.713394
44,106,0.709490
46,106,0.705355
48,106,0.701377
50,106,0.697293
52,106,0.693182
54,106,0.689103
56,106,0.684906
58,106,0.680689
60,106,0.674474
62,106,0.670032
64,106,0.665943
66,106,0.661773
68,106,0.657511
70,106,0.653242
72,106,0.648907
74,106,0.644535
76,106,0.639796
78,106,0.635356
80,106,0.630735
82,106,0.626033
84,106,0.621411
86,106,0.616583
88,106,0.611722
90,106,0.605476
92,106,0.600731
94,106,0.595862
96,106,0.590833
98,106,0.585659
100,106,0.580122
102,106,0.574864
104,106,0.569540
106,106,0.563484
108,106,0.557949
110,106,0.552073
112,106,0.546154
114,106,0.540354
116,106,0.534203
118,106,0.528027
120,106,0.517791
122,106,0.511875
124,106,0.506330
126,106,0.500530
128,106,0.494530
130,106,0.488485
132,106,0.482291
134,106,0.476011
136,106,0.469005
138,106,0.462618
140,106,0.455836
142,106,0.448921
144,106,0.442169
146,106,0.435006
148,106,0.427805
150,106,0.418104
152,106,0.411330
154,106,0.404271
156,106,0.396885
158,106,0.389276
160,106,0.380907
162,106,0.373213
164,106,0.365414
166,106,0.356330
168,106,0.348183
170,106,0.339385
172,106,0.330634
174,106,0.322075
176,106,0.312896
178,106,0.303697
180,106,0.295110
182,106,0.287734
184,106,0.280423
186,106,0.272581
188,106,0.264728
190,106,0.256561
192,106,0.248275
194,106,0.239820
196,106,0.231549
198,106,0.223043
200,106,0.214412
202,106,0.205651
204,106,0.196835
206,106,0.187943
208,106,0.179028
210,106,0.170510
212,106,0.162199
214,106,0.153771
216,106,0.145272
218,106,0.136744
220,106,0.128313
222,106,0.120012
224,106,0.111717
226,106,0.103795
228,106,0.095953
230,106,0.088352
232,106,0.081081
234,106,0.074111
236,106,0.067540
238,106,0.061400
240,106,0.055642
242,106,0.051781
244,106,0.047907
246,106,0.044115
248,106,0.040389
250,106,0.036760
252,106,0.033265
254,106,0.029926
256,106,0.026726
258,106,0.023680
260,106,0.020814
262,106,0.018137
264,106,0.015665
266,106,0.013406
268,106,0.011369
270,106,0.009535
272,106,0.007859
274,106,0.006351
276,106,0.005020
278,106,0.003873
280,106,0.002907
282,106,0.002095
284,106,0.001441
286,106,0.000929
288,106,0.000551
290,106,0.000289
292,106,0.000123
294,106,0.000036
296,106,0.000004
298,106,0.000000
0,108,0.797587
2,108,0.793570
4,108,0.789785
6,108,0.786025
8,108,0.782284
10,108,0.778570
12,108,0.774869
14,108,0.771182
16,108,0.767440
18,108,0.763771
20,108,0.760077
22,108,0.756378
24,108,0.752704
26,108,0.748991
28,108,0.745275
30,108,0.741187
32,108,0.737485
34,108,0.733764
36,108,0.730007
38,108,0.726208
40,108,0.722308
42,108,0.718481
44,108,0.714637
46,108,0.710553
48,108,0.706633
50,108,0.702605
52,108,0.698549
54,108,0.694528
56,108,0.690387
58,108,0.686227
60,108,0.679964
62,108,0.675588
64,108,0.671558
66,108,0.667446
68,108,0.663241
70,108,0.659030
72,108,0.654752
74,108,0.650438
76,108,0.645743
78,108,0.641362
80,108,0.636794
82,108,0.632145
84,108,0.627581
86,108,0.622805
88,108,0.617999
90,108,0.611725
92,108,0.607041
94,108,0.602230
96,108,0.597255
98,108,0.592131
100,108,0.586623
102,108,0.581416
104,108,0.576145
106,108,0.570091
108,108,0.564601
110,108,0.558747
112,108,0.552851
114,108,0.547086
116,108,0.540947
118,108,0.534782
120,108,0.524221
122,108,0.518370
124,108,0.512876
126,108,0.507116
128,108,0.501148
130,108,0.495135
132,108,0.488969
134,108,0.482716
136,108,0.475670
138,108,0.469309
140,108,0.462518
142,108,0.455586
144,108,0.448841
146,108,0.441639
148,108,0.434398
150,108,0.424477
152,108,0.417713
154,108,0.410646
156,108,0.403221
158,108,0.395554
160,108,0.387080
162,108,0.379322
164,108,0.371447
166,108,0.362212
168,108,0.353974
170,108,0.345041
172,108,0.336158
174,108,0.327488
176,108,0.318152
178,108,0.308798
180,108,0.300086
182,108,0.292682
184,108,0.285316
186,108,0.277382
188,108,0.269436
190,108,0.261153
192,108,0.252745
194,108,0.244160
196,108,0.235768
198,108,0.227126
200,108,0.218351
202,108,0.209438
204,108,0.200470
206,108,0.191422
208,108,0.182353
210,108,0.173698
212,108,0.165253
214,108,0.156684
216,108,0.148039
218,108,0.139365
220,108,0.130791
222,108,0.122349
224,108,0.113914
226,108,0.105862
228,108,0.097889
230,108,0.090164
232,108,0.082775
234,108,0.075693
236,108,0.069018
238,108,0.062782
240,108,0.056936
242,108,0.052994
244,108,0.049038
246,108,0.045166
248,108,0.041359
250,108,0.037652
252,108,0.034080
254,108,0.030668
256,108,0.027397
258,108,0.024282
260,108,0.021352
262,108,0.018613
264,108,0.016083
266,108,0.013772
268,108,0.011685
270,108,0.009806
272,108,0.008088
274,108,0.006540
276,108,0.005173
278,108,0.003995
280,108,0.003001
282,108,0.002165
284,108,0.001491
286,108,0.000962
288,108,0.000571
290,108,0.000300
292,108,0.000128
294,108,0.000037
296,108,0.000004
298,108,0.000000
0,110,0.801471
2,110,0.797513
4,110,0.793783
6,110,0.790079
8,110,0.786395
10,110,0.782737
12,110,0.779093
14,110,0.775463
16,110,0.771777
18,110,0.768165
20,110,0.764528
22,110,0.760886
24,110,0.757270
26,110,0.753615
28,110,0.749957
30,110,0.745915
32,110,0.742272
34,110,0.738610
36,110,0.734911
38,110,0.731170
40,110,0.727325
42,110,0.723558
44,110,0.719772
46,110,0.715741
48,110,0.711880
50,110,0.707909
52,110,0.703910
54,110,0.699948
56,110,0.695864
58,110,0.691762
60,110,0.685456
62,110,0.681148
64,110,0.677179
66,110,0.673127
68,110,0.668979
70,110,0.664829
72,110,0.660610
74,110,0.656356
76,110,0.651706
78,110,0.647387
80,110,0.642875
82,110,0.638280
84,110,0.633777
86,110,0.629056
88,110,0.624306
90,110,0.618028
92,110,0.613408
94,110,0.608658
96,110,0.603741
98,110,0.598672
100,110,0.593209
102,110,0.588060
104,110,0.582846
106,110,0.576828
108,110,0.571394
110,110,0.565591
112,110,0.559748
114,110,0.554043
116,110,0.547960
118,110,0.541857
120,110,0.530804
122,110,0.525027
124,110,0.519594
126,110,0.513894
128,110,0.507972
130,110,0.502017
132,110,0.495904
134,110,0.489706
136,110,0.482657
138,110,0.476353
140,110,0.469604
142,110,0.462713
144,110,0.456025
146,110,0.448872
148,110,0.441687
150,110,0.431345
152,110,0.424643
154,110,0.417626
156,110,0.410241
158,110,0.402602
160,110,0.394011
162,110,0.386292
164,110,0.378467
166,110,0.368968
168,110,0.360725
170,110,0.351634
172,110,0.342635
174,110,0.333898
176,110,0.324359
178,110,0.314817
180,110,0.305927
182,110,0.298583
184,110,0.291271
186,110,0.283285
188,110,0.275308
190,110,0.266947
192,110,0.258461
194,110,0.249785
196,110,0.241312
198,110,0.232568
200,110,0.223678
202,110,0.214618
204,110,0.205501
206,110,0.196271
208,110,0.187009
210,110,0.178206
212,110,0.169642
214,110,0.160931
216,110,0.152126
218,110,0.143271
220,110,0.134514
222,110,0.125891
224,110,0.117251
226,110,0.109030
228,110,0.100871
230,110,0.092965
232,110,0.085409
234,110,0.078167
236,110,0.071349
238,110,0.064985
240,110,0.059024
242,110,0.054966
244,110,0.050880
246,110,0.046881
248,110,0.042942
250,110,0.039101
252,110,0.035399
254,110,0.031860
256,110,0.028465
258,110,0.025229
260,110,0.022182
262,110,0.019334
264,110,0.016702
266,110,0.014299
268,110,0.012131
270,110,0.010181
272,110,0.008395
274,110,0.006787
276,110,0.005366
278,110,0.004142
280,110,0.003111
282,110,0.002242
284,110,0.001543
286,110,0.000995
288,110,0.000590
290,110,0.000310
292,110,0.000132
294,110,0.000039
296,110,0.000004
298,110,0.000000
0,112,0.805326
2,112,0.801427
4,112,0.797754
6,112,0.794107
8,112,0.790479
10,112,0.786879
12,112,0.783292
14,112,0.779720
16,112,0.776090
18,112,0.772536
20,112,0.768958
22,112,0.765373
24,112,0.761815
26,112,0.758218
28,112,0.754619
30,112,0.750624
32,112,0.747041
34,112,0.743438
36,112,0.739798
38,112,0.736116
40,112,0.732327
42,112,0.728620
44,112,0.724894
46,112,0.720917
48,112,0.717115
50,112,0.713201
52,112,0.709260
54,112,0.705358
56,112,0.701332
58,112,0.697288
60,112,0.690943
62,112,0.686704
64,112,0.682797
66,112,0.678805
68,112,0.674717
70,112,0.670627
72,112,0.666469
74,112,0.662276
76,112,0.657674
78,112,0.653417
80,112,0.648962
82,112,0.644425
84,112,0.639984
86,112,0.635320
88,112,0.630627
90,112,0.624346
92,112,0.619792
94,112,0.615105
96,112,0.610249
98,112,0.605238
100,112,0.599820
102,112,0.594731
104,112,0.589580
106,112,0.583595
108,112,0.578220
110,112,0.572468
112,112,0.566676
114,112,0.561031
116,112,0.555000
118,112,0.548951
120,112,0.537418
122,112,0.531718
124,112,0.526349
126,112,0.520710
128,112,0.514840
130,112,0.508944
132,112,0.502887
134,112,0.496747
136,112,0.489694
138,112,0.483452
140,112,0.476742
142,112,0.469889
144,112,0.463260
146,112,0.456142
148,112,0.448996
150,112,0.438256
152,112,0.431618
154,112,0.424652
156,112,0.417300
158,112,0.409679
160,112,0.400975
162,112,0.393280
164,112,0.385480
166,112,0.375737
168,112,0.367475
170,112,0.358226
172,112,0.349104
174,112,0.340293
176,112,0.330555
178,112,0.320829
180,112,0.311770
182,112,0.304481
184,112,0.297209
186,112,0.289168
188,112,0.281149
190,112,0.272699
192,112,0.264125
194,112,0.255346
196,112,0.246783
198,112,0.237924
200,112,0.228905
202,112,0.219689
204,112,0.210413
206,112,0.200998
208,112,0.191544
210,112,0.182591
212,112,0.173896
214,112,0.165036
216,112,0.156063
218,112,0.147025
220,112,0.138083
222,112,0.129279
224,112,0.120441
226,112,0.112052
228,112,0.103711
230,112,0.095630
232,112,0.087912
234,112,0.080515
236,112,0.073557
238,112,0.067067
240,112,0.060991
242,112,0.056819
244,112,0.052607
246,112,0.048484
248,112,0.044419
250,112,0.040452
252,112,0.036626
254,112,0.032969
256,112,0.029458
258,112,0.026110
260,112,0.022957
262,112,0.020009
264,112,0.017286
266,112,0.014798
268,112,0.012556
270,112,0.010540
272,112,0.008693
274,112,0.007029
276,112,0.005558
278,112,0.004290
280,112,0.003223
282,112,0.002323
284,112,0.001599
286,112,0.001031
288,112,0.000612
290,112,0.000321
292,112,0.000137
294,112,0.000040
296,112,0.000004
298,112,0.000000
0,114,0.809153
2,114,0.805314
4,114,0.801698
6,114,0.798109
8,114,0.794538
10,114,0.790996
12,114,0.787467
14,114,0.783953
16,114,0.780380
18,114,0.776885
20,114,0.773365
22,114,0.769838
24,114,0.766340
26,114,0.762802
28,114,0.759261
30,114,0.755314
32,114,0.751791
34,114,0.748248
36,114,0.744668
38,114,0.741046
40,114,0.737314
42,114,0.733667
44,114,0.730002
46,114,0.726079
48,114,0.722337
50,114,0.718482
52,114,0.714599
54,114,0.710759
56,114,0.706791
58,114,0.702806
60,114,0.696425
62,114,0.692255
64,114,0.688410
66,114,0.684481
68,114,0.680453
70,114,0.676425
72,114,0.672329
74,114,0.668198
76,114,0.663646
78,114,0.659452
80,114,0.655056
82,114,0.650577
84,114,0.646199
86,114,0.641593
88,114,0.636960
90,114,0.630673
92,114,0.626186
94,114,0.621564
96,114,0.616770
98,114,0.611817
100,114,0.606441
102,114,0.601413
104,114,0.596323
106,114,0.590363
108,114,0.585043
110,114,0.579333
112,114,0.573584
114,114,0.567990
116,114,0.561994
118,114,0.555982
120,114,0.544007
122,114,0.538382
124,114,0.533075
126,114,0.527490
128,114,0.521666
130,114,0.515820
132,114,0.509809
134,114,0.503714
136,114,0.496634
138,114,0.490439
140,114,0.483741
142,114,0.476893
144,114,0.470295
146,114,0.463167
148,114,0.456012
150,114,0.444948
152,114,0.438344
154,114,0.431396
156,114,0.424033
158,114,0.416381
160,114,0.407558
162,114,0.399831
164,114,0.391991
166,114,0.382043
168,114,0.373715
170,114,0.364311
172,114,0.355051
174,114,0.346139
176,114,0.336216
178,114,0.326314
180,114,0.317099
182,114,0.309813
184,114,0.302522
186,114,0.294393
188,114,0.286294
190,114,0.277729
192,114,0.269038
194,114,0.260133
196,114,0.251453
198,114,0.242459
200,114,0.233297
202,114,0.223921
204,114,0.214486
206,114,0.204899
208,114,0.195273
210,114,0.186176
212,114,0.177346
214,114,0.168339
216,114,0.159212
218,114,0.150012
220,114,0.140912
222,114,0.131951
224,114,0.122952
226,114,0.114419
228,114,0.105930
230,114,0.097706
232,114,0.089855
234,114,0.082331
236,114,0.075257
238,114,0.068663
240,114,0.062492
242,114,0.058231
244,114,0.053924
246,114,0.049708
248,114,0.045548
250,114,0.041488
252,114,0.037571
254,114,0.033827
256,114,0.030230
258,114,0.026799
260,114,0.023567
262,114,0.020544
264,114,0.017751
266,114,0.015200
268,114,0.012901
270,114,0.010833
272,114,0.008937
274,114,0.007228
276,114,0.005717
278,114,0.004414
280,114,0.003317
282,114,0.002392
284,114,0.001647
286,114,0.001062
288,114,0.000630
290,114,0.000331
292,114,0.000141
294,114,0.000041
296,114,0.000004
298,114,0.000000
0,116,0.812952
2,116,0.809175
4,116,0.805616
6,116,0.802085
8,116,0.798573
10,116,0.795089
12,116,0.791619
14,116,0.788164
16,116,0.784648
18,116,0.781212
20,116,0.777751
22,116,0.774283
24,116,0.770845
26,116,0.767366
28,116,0.763885
30,116,0.759986
32,116,0.756524
34,116,0.753041
36,116,0.749522
38,116,0.745960
40,116,0.742285
42,116,0.738699
44,116,0.735096
46,116,0.731227
48,116,0.727546
50,116,0.723750
52,116,0.719926
54,116,0.716147
56,116,0.712239
58,116,0.708314
60,116,0.701905
62,116,0.697806
64,116,0.694025
66,116,0.690159
68,116,0.686192
70,116,0.682228
72,116,0.678195
74,116,0.674128
76,116,0.669626
78,116,0.665498
80,116,0.661162
82,116,0.656743
84,116,0.652430
86,116,0.647884
88,116,0.643311
90,116,0.637044
92,116,0.632627
94,116,0.628073
96,116,0.623344
98,116,0.618454
100,116,0.613137
102,116,0.608175
104,116,0.603151
106,116,0.597250
108,116,0.591999
110,116,0.586358
112,116,0.580681
114,116,0.575161
116,116,0.569246
118,116,0.563316
120,116,0.550740
122,116,0.545198
124,116,0.539961
126,116,0.534450
128,116,0.528685
130,116,0.522911
132,116,0.516969
134,116,0.510947
136,116,0.503891
138,116,0.497773
140,116,0.491141
142,116,0.484363
144,116,0.477846
146,116,0.470797
148,116,0.463728
150,116,0.452124
152,116,0.445604
154,116,0.438730
156,116,0.431439
158,116,0.423852
160,116,0.414891
162,116,0.407239
164,116,0.399484
166,116,0.389203
168,116,0.380900
170,116,0.371302
172,116,0.361919
174,116,0.352954
176,116,0.342793
178,116,0.332685
180,116,0.323251
182,116,0.316062
184,116,0.308863
186,116,0.300685
188,116,0.292563
190,116,0.283907
192,116,0.275137
194,116,0.266143
196,116,0.257375
198,116,0.248270
200,116,0.238986
202,116,0.229443
204,116,0.219847
206,116,0.210052
208,116,0.200212
210,116,0.190956
212,116,0.181998
214,116,0.172838
216,116,0.163535
218,116,0.154136
220,116,0.144835
222,116,0.135677
224,116,0.126454
226,116,0.117740
228,116,0.109049
230,116,0.100630
232,116,0.092601
234,116,0.084906
236,116,0.077681
238,116,0.070953
240,116,0.064663
242,116,0.060281
244,116,0.055839
246,116,0.051491
248,116,0.047193
250,116,0.042995
252,116,0.038942
254,116,0.035067
256,116,0.031342
258,116,0.027788
260,116,0.024436
262,116,0.021301
264,116,0.018403
266,116,0.015758
268,116,0.013376
270,116,0.011234
272,116,0.009269
274,116,0.007497
276,116,0.005929
278,116,0.004578
280,116,0.003441
282,116,0.002481
284,116,0.001708
286,116,0.001102
288,116,0.000653
290,116,0.000343
292,116,0.000147
294,116,0.000043
296,116,0.000004
298,116,0.000000
0,118,0.816724
2,118,0.813008
4,118,0.809508
6,118,0.806036
8,118,0.802582
10,118,0.799157
12,118,0.795746
14,118,0.792350
16,118,0.788893
18,118,0.785516
20,118,0.782114
22,118,0.778706
24,118,0.775328
26,118,0.771909
28,118,0.768488
30,118,0.764638
32,118,0.761237
34,118,0.757815
36,118,0.754357
38,118,0.750855
40,118,0.747239
42,118,0.743714
44,118,0.740173
46,118,0.736359
48,118,0.732740
50,118,0.729003
52,118,0.725239
54,118,0.721522
56,118,0.717672
58,118,0.713808
60,118,0.707379
62,118,0.703351
64,118,0.699635
66,118,0.695833
68,118,0.691929
70,118,0.688029
72,118,0.684060
74,118,0.680058
76,118,0.675608
78,118,0.671546
80,118,0.667272
82,118,0.662913
84,118,0.658666
86,118,0.654181
88,118,0.649671
90,118,0.643431
92,118,0.639085
94,118,0.634600
96,118,0.629938
98,118,0.625112
100,118,0.619857
102,118,0.614962
104,118,0.610007
106,118,0.604168
108,118,0.598986
110,118,0.593417
112,118,0.587811
114,118,0.582367
116,118,0.576529
118,118,0.570679
120,118,0.557498
122,118,0.552040
124,118,0.546875
126,118,0.541438
128,118,0.535732
130,118,0.530031
132,118,0.524157
134,118,0.518204
136,118,0.511180
138,118,0.505138
140,118,0.498571
142,118,0.491858
144,118,0.485418
146,118,0.478438
148,118,0.471443
150,118,0.459302
152,118,0.452858
154,118,0.446055
156,118,0.438827
158,118,0.431300
160,118,0.422196
162,118,0.414608
164,118,0.406919
166,118,0.396309
168,118,0.388022
170,118,0.378221
172,118,0.368713
174,118,0.359688
176,118,0.349291
178,118,0.338980
180,118,0.329321
182,118,0.322221
184,118,0.315107
186,118,0.306872
188,118,0.298718
190,118,0.289955
192,118,0.281099
194,118,0.272010
196,118,0.263144
198,118,0.253921
200,118,0.244508
202,118,0.234793
204,118,0.225035
206,118,0.215031
208,118,0.204980
210,118,0.195567
212,118,0.186477
214,118,0.177165
216,118,0.167687
218,118,0.158092
220,118,0.148597
222,118,0.139246
224,118,0.129809
226,118,0.120919
228,118,0.112034
230,118,0.103428
232,118,0.095228
234,118,0.087370
236,118,0.080000
238,118,0.073143
240,118,0.066739
242,118,0.062243
244,118,0.057672
246,118,0.053198
248,118,0.048770
250,118,0.044440
252,118,0.040259
254,118,0.036260
256,118,0.032414
258,118,0.028740
260,118,0.025274
262,118,0.022032
264,118,0.019036
266,118,0.016300
268,118,0.013838
270,118,0.011625
272,118,0.009594
274,118,0.007760
276,118,0.006138
278,118,0.004740
280,118,0.003563
282,118,0.002569
284,118,0.001769
286,118,0.001141
288,118,0.000677
290,118,0.000356
292,118,0.000152
294,118,0.000044
296,118,0.000005
298,118,0.000000
0,120,0.820472
2,120,0.816818
4,120,0.813377
6,120,0.809964
8,120,0.806570
10,120,0.803205
12,120,0.799854
14,120,0.796518
16,120,0.793120
18,120,0.789804
20,120,0.786462
22,120,0.783114
24,120,0.779797
26,120,0.776438
28,120,0.773079
30,120,0.769278
32,120,0.765939
34,120,0.762580
36,120,0.759183
38,120,0.755743
40,120,0.752186
42,120,0.748723
44,120,0.745245
46,120,0.741487
48,120,0.737931
50,120,0.734254
52,120,0.730550
54,120,0.726895
56,120,0.723106
58,120,0.719302
60,120,0.712841
62,120,0.708885
64,120,0.705233
66,120,0.701495
68,120,0.697654
70,120,0.693818
72,120,0.689912
74,120,0.685975
76,120,0.681574
78,120,0.677577
80,120,0.673361
82,120,0.669061
84,120,0.664879
86,120,0.660451
88,120,0.655998
90,120,0.649769
92,120,0.645491
94,120,0.641070
96,120,0.636468
98,120,0.631699
100,120,0.626496
102,120,0.621661
104,120,0.616764
106,120,0.610973
108,120,0.605851
110,120,0.600342
112,120,0.594796
114,120,0.589415
116,120,0.583646
118,120,0.577867
120,120,0.565990
122,120,0.560651
124,120,0.555611
126,120,0.550311
128,120,0.544763
130,120,0.539215
132,120,0.533508
134,120,0.527729
136,120,0.521018
138,120,0.515168
140,120,0.508853
142,120,0.502425
144,120,0.496227
146,120,0.489581
148,120,0.482929
150,120,0.473163
152,120,0.467056
154,120,0.460653
156,120,0.453938
158,120,0.447015
160,120,0.439250
162,120,0.432320
164,120,0.425326
166,120,0.416987
168,120,0.409695
170,120,0.401853
172,120,0.394096
174,120,0.386575
176,120,0.378571
178,120,0.370603
180,120,0.352668
182,120,0.346358
184,120,0.340079
186,120,0.333415
188,120,0.326484
190,120,0.319542
192,120,0.312466
194,120,0.305322
196,120,0.297047
198,120,0.289970
200,120,0.282256
202,120,0.274593
204,120,0.267183
206,120,0.259320
208,120,0.251509
210,120,0.237937
212,120,0.231077
214,120,0.223787
216,120,0.216137
218,120,0.208336
220,120,0.198337
222,120,0.190690
224,120,0.183004
226,120,0.172536
228,120,0.164052
230,120,0.154494
232,120,0.145319
234,120,0.136389
236,120,0.126568
238,120,0.116688
240,120,0.108540
242,120,0.104955
244,120,0.101174
246,120,0.096607
248,120,0.092246
250,120,0.087365
252,120,0.082493
254,120,0.077358
256,120,0.072657
258,120,0.067720
260,120,0.062695
262,120,0.057596
264,120,0.052475
266,120,0.047371
268,120,0.042335
270,120,0.037935
272,120,0.033944
274,120,0.029955
276,120,0.025976
278,120,0.022043
280,120,0.018439
282,120,0.015171
284,120,0.011964
286,120,0.009209
288,120,0.006674
290,120,0.004476
292,120,0.002711
294,120,0.001323
296,120,0.000407
298,120,0.000000
0,122,0.825317
2,122,0.821721
4,122,0.818337
6,122,0.814982
8,122,0.811646
10,122,0.808340
12,122,0.805049
14,122,0.801773
16,122,0.798431
18,122,0.795176
20,122,0.791893
22,122,0.788604
24,122,0.785347
26,122,0.782048
28,122,0.778748
30,122,0.774981
32,122,0.771703
34,122,0.768403
36,122,0.765066
38,122,0.761683
40,122,0.758177
42,122,0.754773
44,122,0.751353
46,122,0.747639
48,122,0.744139
50,122,0.740513
52,122,0.736861
54,122,0.733261
56,122,0.729522
58,122,0.725768
60,122,0.719179
62,122,0.715289
64,122,0.711695
66,122,0.708012
68,122,0.704222
70,122,0.700440
72,122,0.696587
74,122,0.692702
76,122,0.688329
78,122,0.684386
80,122,0.680214
82,122,0.675956
84,122,0.671824
86,122,0.667436
88,122,0.663025
90,122,0.656718
92,122,0.652493
94,122,0.648120
96,122,0.643560
98,122,0.638824
100,122,0.633627
102,122,0.628826
104,122,0.623964
106,122,0.618142
108,122,0.613042
110,122,0.607529
112,122,0.601977
114,122,0.596607
116,122,0.590818
118,122,0.585020
120,122,0.572755
122,122,0.567472
124,122,0.562463
126,122,0.557179
128,122,0.551633
130,122,0.546090
132,122,0.540379
134,122,0.534593
136,122,0.527804
138,122,0.521943
140,122,0.515582
142,122,0.509096
144,122,0.502862
146,122,0.496137
148,122,0.489403
150,122,0.479411
152,122,0.473268
154,122,0.466808
156,122,0.460010
158,122,0.452984
160,122,0.445089
162,122,0.438052
164,122,0.430941
166,122,0.422441
168,122,0.415025
170,122,0.407035
172,122,0.399132
174,122,0.391476
176,122,0.383317
178,122,0.375198
180,122,0.356990
182,122,0.350613
184,122,0.344245
186,122,0.337471
188,122,0.330412
190,122,0.323339
192,122,0.316119
194,122,0.308824
196,122,0.300406
198,122,0.293183
200,122,0.285320
202,122,0.277508
204,122,0.269949
206,122,0.261942
208,122,0.253990
210,122,0.240266
212,122,0.233274
214,122,0.225848
216,122,0.218064
218,122,0.210135
220,122,0.200007
222,122,0.192238
224,122,0.184436
226,122,0.173848
228,122,0.165252
230,122,0.155585
232,122,0.146306
234,122,0.137273
236,122,0.127352
238,122,0.117376
240,122,0.109145
242,122,0.105509
244,122,0.101678
246,122,0.097063
248,122,0.092659
250,122,0.087737
252,122,0.082827
254,122,0.077655
256,122,0.072920
258,122,0.067952
260,122,0.062899
262,122,0.057772
264,122,0.052626
266,122,0.047498
268,122,0.042439
270,122,0.038021
272,122,0.034016
274,122,0.030014
276,122,0.026022
278,122,0.022079
280,122,0.018466
282,122,0.015191
284,122,0.011978
286,122,0.009218
288,122,0.006680
290,122,0.004478
292,122,0.002713
294,122,0.001324
296,122,0.000407
298,122,0.000000
0,124,0.828914
2,124,0.825382
4,124,0.822059
6,124,0.818764
8,124,0.815489
10,124,0.812244
12,124,0.809014
14,124,0.805800
16,124,0.802518
18,124,0.799324
20,124,0.796103
22,124,0.792875
24,124,0.789681
26,124,0.786444
28,124,0.783206
30,124,0.779492
32,124,0.776277
34,124,0.773041
36,124,0.769767
38,124,0.766448
40,124,0.763003
42,124,0.759664
44,124,0.756309
46,124,0.752655
48,124,0.749219
50,124,0.745657
52,124,0.742068
54,124,0.738535
56,124,0.734860
58,124,0.731172
60,124,0.724528
62,124,0.720711
64,124,0.717184
66,124,0.713567
68,124,0.709842
70,124,0.706127
72,124,0.702340
74,124,0.698523
76,124,0.694201
78,124,0.690326
80,124,0.686217
82,124,0.682020
84,124,0.677956
86,124,0.673629
88,124,0.669281
90,124,0.662934
92,124,0.658779
94,124,0.654473
96,124,0.649975
98,124,0.645296
100,124,0.640128
102,124,0.635385
104,124,0.630580
106,124,0.624752
108,124,0.619698
110,124,0.614203
112,124,0.608670
114,124,0.603335
116,124,0.597547
118,124,0.591752
120,124,0.579144
122,124,0.573926
124,124,0.568968
126,124,0.563721
128,124,0.558200
130,124,0.552682
132,124,0.546988
134,124,0.541216
136,124,0.534371
138,124,0.528521
140,124,0.522133
142,124,0.515609
144,124,0.509360
146,124,0.502572
148,124,0.495773
150,124,0.485579
152,124,0.479420
154,124,0.472922
156,124,0.466055
158,124,0.458942
160,124,0.450934
162,124,0.443802
164,124,0.436583
166,124,0.427942
168,124,0.420411
170,124,0.412285
172,124,0.404246
174,124,0.396464
176,124,0.388161
178,124,0.379901
180,124,0.361415
182,124,0.354983
184,124,0.348535
186,124,0.341655
188,124,0.334475
190,124,0.327275
192,124,0.319913
194,124,0.312465
196,124,0.303910
198,124,0.296537
200,124,0.288525
202,124,0.280561
204,124,0.272850
206,124,0.264697
208,124,0.256603
210,124,0.242728
212,124,0.235597
214,124,0.228028
216,124,0.220104
218,124,0.212042
220,124,0.201780
222,124,0.193884
224,124,0.185960
226,124,0.175250
228,124,0.166539
230,124,0.156759
232,124,0.147372
234,124,0.138232
236,124,0.128208
238,124,0.118133
240,124,0.109816
242,124,0.106116
244,124,0.102227
246,124,0.097558
248,124,0.093103
250,124,0.088134
252,124,0.083180
254,124,0.077969
256,124,0.073196
258,124,0.068194
260,124,0.063109
262,124,0.057954
264,124,0.052781
266,124,0.047629
268,124,0.042546
270,124,0.038108
272,124,0.034088
274,124,0.030073
276,124,0.026069
278,124,0.022114
280,124,0.018493
282,124,0.015210
284,124,0.011991
286,124,0.009227
288,124,0.006685
290,124,0.004481
292,124,0.002714
294,124,0.001324
296,124,0.000407
298,124,0.000000
0,126,0.832486
2,126,0.829017
4,126,0.825755
6,126,0.822522
8,126,0.819308
10,126,0.816125
12,126,0.812956
14,126,0.809803
16,126,0.806582
18,126,0.803451
20,126,0.800291
22,126,0.797126
24,126,0.793994
26,126,0.790819
28,126,0.787644
30,126,0.783984
32,126,0.780833
34,126,0.777661
36,126,0.774451
38,126,0.771197
40,126,0.767814
42,126,0.764540
44,126,0.761252
46,126,0.757658
48,126,0.754288
50,126,0.750791
52,126,0.747268
54,126,0.743802
56,126,0.740192
58,126,0.736571
60,126,0.729877
62,126,0.726134
64,126,0.722675
66,126,0.719127
68,126,0.715468
70,126,0.711822
72,126,0.708104
74,126,0.704357
76,126,0.700087
78,126,0.696284
80,126,0.692240
82,126,0.688108
84,126,0.684115
86,126,0.679852
88,126,0.675569
90,126,0.669198
92,126,0.665118
94,126,0.660882
96,126,0.656451
98,126,0.651833
100,126,0.646707
102,126,0.642028
104,126,0.637287
106,126,0.631475
108,126,0.626479
110,126,0.621023
112,126,0.615530
114,126,0.610246
116,126,0.604492
118,126,0.598732
120,126,0.585665
122,126,0.580520
124,126,0.575624
126,126,0.570428
128,126,0.564943
130,126,0.559468
132,126,0.553809
134,126,0.548071
136,126,0.541187
138,126,0.535369
140,126,0.528984
142,126,0.522454
144,126,0.516220
146,126,0.509415
148,126,0.502600
150,126,0.492088
152,126,0.485941
154,126,0.479436
156,126,0.472536
158,126,0.465373
160,126,0.457243
162,126,0.450057
164,126,0.442780
166,126,0.433937
168,126,0.426319
170,126,0.418040
172,126,0.409861
174,126,0.401962
176,126,0.393489
178,126,0.385067
180,126,0.366269
182,126,0.359814
184,126,0.353317
186,126,0.346345
188,126,0.339067
190,126,0.331754
192,126,0.324275
194,126,0.316708
196,126,0.307955
198,126,0.300447
200,126,0.292269
202,126,0.284136
204,126,0.276269
206,126,0.267932
208,126,0.259661
210,126,0.245635
212,126,0.238369
214,126,0.230651
216,126,0.222563
218,126,0.214335
220,126,0.203926
222,126,0.195874
224,126,0.187800
226,126,0.176957
228,126,0.168105
230,126,0.158200
232,126,0.148687
234,126,0.139430
236,126,0.129292
238,126,0.119110
240,126,0.110703
242,126,0.106925
244,126,0.102959
246,126,0.098217
248,126,0.093693
250,126,0.088662
252,126,0.083648
254,126,0.078380
256,126,0.073554
258,126,0.068506
260,126,0.063377
262,126,0.058184
264,126,0.052976
266,126,0.047792
268,126,0.042681
270,126,0.038218
272,126,0.034176
274,126,0.030143
276,126,0.026124
278,126,0.022156
280,126,0.018523
282,126,0.015232
284,126,0.012006
286,126,0.009236
288,126,0.006691
290,126,0.004484
292,126,0.002715
294,126,0.001325
296,126,0.000407
298,126,0.000000
0,128,0.836031
2,128,0.832627
4,128,0.829427
6,128,0.826255
8,128,0.823103
10,128,0.819981
12,128,0.816874
14,128,0.813784
16,128,0.810624
18,128,0.807555
20,128,0.804457
22,128,0.801354
24,128,0.798285
26,128,0.795173
28,128,0.792062
30,128,0.788457
32,128,0.785370
34,128,0.782263
36,128,0.779118
38,128,0.775928
40,128,0.772608
42,128,0.769401
44,128,0.766179
46,128,0.762647
48,128,0.759345
50,128,0.755913
52,128,0.752456
54,128,0.749058
56,128,0.745517
58,128,0.741963
60,128,0.735221
62,128,0.731553
64,128,0.728163
66,128,0.724684
68,128,0.721094
70,128,0.717519
72,128,0.713871
74,128,0.710195
76,128,0.705981
78,128,0.702251
80,128,0.698275
82,128,0.694209
84,128,0.690290
86,128,0.686094
88,128,0.681880
90,128,0.675483
92,128,0.671479
94,128,0.667318
96,128,0.662957
98,128,0.658404
100,128,0.653320
102,128,0.648709
104,128,0.644037
106,128,0.638239
108,128,0.633304
110,128,0.627887
112,128,0.622435
114,128,0.617205
116,128,0.611484
118,128,0.605759
120,128,0.592286
122,128,0.587223
124,128,0.582396
126,128,0.577259
128,128,0.571823
130,128,0.566401
132,128,0.560790
134,128,0.555101
136,128,0.548178
138,128,0.542410
140,128,0.536031
142,128,0.529503
144,128,0.523299
146,128,0.516477
148,128,0.509646
150,128,0.498898
152,128,0.492788
154,128,0.486295
156,128,0.479376
158,128,0.472165
160,128,0.463957
162,128,0.456723
164,128,0.449381
166,128,0.440406
168,128,0.432713
170,128,0.424319
172,128,0.416021
174,128,0.408016
176,128,0.399412
178,128,0.390862
180,128,0.371662
182,128,0.365204
184,128,0.358684
186,128,0.351666
188,128,0.344294
190,128,0.336894
192,128,0.329297
194,128,0.321589
196,128,0.312707
198,128,0.305061
200,128,0.296737
202,128,0.288436
204,128,0.280390
206,128,0.271883
208,128,0.263445
210,128,0.249257
212,128,0.241841
214,128,0.233951
216,128,0.225683
218,128,0.217282
220,128,0.206703
222,128,0.198472
224,128,0.190223
226,128,0.179230
228,128,0.170207
230,128,0.160155
232,128,0.150495
234,128,0.141091
236,128,0.130818
238,128,0.120503
240,128,0.111984
242,128,0.108096
244,128,0.104015
246,128,0.099174
248,128,0.094546
250,128,0.089425
252,128,0.084323
254,128,0.078976
256,128,0.074070
258,128,0.068950
260,128,0.063757
262,128,0.058508
264,128,0.053250
266,128,0.048021
268,128,0.042869
270,128,0.038367
272,128,0.034292
274,128,0.030233
276,128,0.026192
278,128,0.022207
280,128,0.018559
282,128,0.015257
284,128,0.012023
286,128,0.009247
288,128,0.006697
290,128,0.004487
292,128,0.002717
294,128,0.001325
296,128,0.000407
298,128,0.000000
0,130,0.839550
2,130,0.836212
4,130,0.833073
6,130,0.829964
8,130,0.826874
10,130,0.823814
12,130,0.820769
14,130,0.817741
16,130,0.814643
18,130,0.811635
20,130,0.808600
22,130,0.805560
24,130,0.802554
26,130,0.799506
28,130,0.796458
30,130,0.792910
32,130,0.789888
34,130,0.786845
36,130,0.783765
38,130,0.780641
40,130,0.777385
42,130,0.774244
44,130,0.771090
46,130,0.767621
48,130,0.764386
50,130,0.761021
52,130,0.757632
54,130,0.754304
56,130,0.750830
58,130,0.747346
60,130,0.740562
62,130,0.736969
64,130,0.733650
66,130,0.730242
68,130,0.726722
70,130,0.723218
72,130,0.719642
74,130,0.716040
76,130,0.711884
78,130,0.708229
80,130,0.704323
82,130,0.700327
84,130,0.696484
86,130,0.692359
88,130,0.688217
90,130,0.681803
92,130,0.677878
94,130,0.673794
96,130,0.669507
98,130,0.665025
100,130,0.659990
102,130,0.655452
104,130,0.650855
106,130,0.645083
108,130,0.640215
110,130,0.634848
112,130,0.629448
114,130,0.624282
116,130,0.618608
118,130,0.612934
120,130,0.598953
122,130,0.593974
124,130,0.589221
126,130,0.584147
128,130,0.578763
130,130,0.573398
132,130,0.567839
134,130,0.562203
136,130,0.555245
138,130,0.549529
140,130,0.543164
142,130,0.536647
144,130,0.530478
146,130,0.523654
148,130,0.516823
150,130,0.505726
152,130,0.499652
154,130,0.493172
156,130,0.486239
158,130,0.478988
160,130,0.470666
162,130,0.463394
164,130,0.456005
166,130,0.446821
168,130,0.439053
170,130,0.430507
172,130,0.422070
174,130,0.413952
176,130,0.405175
178,130,0.396464
180,130,0.376903
182,130,0.370439
184,130,0.363893
186,130,0.356803
188,130,0.349337
190,130,0.341834
192,130,0.334123
194,130,0.326294
196,130,0.317212
198,130,0.309431
200,130,0.300939
202,130,0.292459
204,130,0.284243
206,130,0.275540
208,130,0.266914
210,130,0.252571
212,130,0.245014
214,130,0.236963
216,130,0.228515
218,130,0.219931
220,130,0.209192
222,130,0.200786
224,130,0.192367
226,130,0.181234
228,130,0.172050
230,130,0.161861
232,130,0.152063
234,130,0.142528
236,130,0.132132
238,130,0.121699
240,130,0.113085
242,130,0.109103
244,130,0.104927
246,130,0.099998
248,130,0.095283
250,130,0.090084
252,130,0.084906
254,130,0.079489
256,130,0.074515
258,130,0.069336
260,130,0.064087
262,130,0.058790
264,130,0.053488
266,130,0.048221
268,130,0.043035
270,130,0.038500
272,130,0.034398
274,130,0.030314
276,130,0.026255
278,130,0.022254
280,130,0.018593
282,130,0.015281
284,130,0.012038
286,130,0.009257
288,130,0.006703
290,130,0.004490
292,130,0.002718
294,130,0.001326
296,130,0.000407
298,130,0.000000
0,132,0.843043
2,132,0.839770
4,132,0.836694
6,132,0.833647
8,132,0.830619
10,132,0.827621
12,132,0.824639
14,132,0.821673
16,132,0.818637
18,132,0.815692
20,132,0.812720
22,132,0.809743
24,132,0.806800
26,132,0.803815
28,132,0.800831
30,132,0.797342
32,132,0.794384
34,132,0.791406
36,132,0.788391
38,132,0.785333
40,132,0.782142
42,132,0.779068
44,132,0.775981
46,132,0.772577
48,132,0.769410
50,132,0.766113
52,132,0.762793
54,132,0.759534
56,132,0.756131
58,132,0.752717
60,132,0.745896
62,132,0.742378
64,132,0.739131
66,132,0.735794
68,132,0.732345
70,132,0.728914
72,132,0.725412
74,132,0.721884
76,132,0.717790
78,132,0.714212
80,132,0.710378
82,132,0.706454
84,132,0.702689
86,132,0.698638
88,132,0.694571
90,132,0.688144
92,132,0.684302
94,132,0.680298
96,132,0.676089
98,132,0.671680
100,132,0.666699
102,132,0.662238
104,132,0.657720
106,132,0.651978
108,132,0.647183
110,132,0.641871
112,132,0.636528
114,132,0.631432
116,132,0.625809
118,132,0.620190
120,132,0.605695
122,132,0.600807
124,132,0.596135
126,132,0.591131
128,132,0.585809
130,132,0.580510
132,132,0.575013
134,132,0.569439
136,132,0.562451
138,132,0.556800
140,132,0.550457
142,132,0.543959
144,132,0.537840
146,132,0.531019
148,132,0.524196
150,132,0.512753
152,132,0.506730
154,132,0.500281
156,132,0.493345
158,132,0.486062
160,132,0.477637
162,132,0.470334
164,132,0.462905
166,132,0.453523
168,132,0.445687
170,132,0.436996
172,132,0.428424
174,132,0.420200
176,132,0.411258
178,132,0.402395
180,132,0.382425
182,132,0.375969
184,132,0.369415
186,132,0.362269
188,132,0.354712
190,132,0.347114
192,132,0.339288
194,132,0.331328
196,132,0.322066
198,132,0.314147
200,132,0.305489
202,132,0.296824
204,132,0.288428
206,132,0.279526
208,132,0.270708
210,132,0.256197
212,132,0.248491
214,132,0.240268
216,132,0.231627
218,132,0.222853
220,132,0.211940
222,132,0.203346
224,132,0.194743
226,132,0.183457
228,132,0.174099
230,132,0.163760
232,132,0.153813
234,132,0.144134
236,132,0.133603
238,132,0.123040
240,132,0.114320
242,132,0.110234
244,132,0.105949
246,132,0.100922
248,132,0.096107
250,132,0.090820
252,132,0.085555
254,132,0.080060
256,132,0.075010
258,132,0.069762
260,132,0.064451
262,132,0.059099
264,132,0.053750
266,132,0.048440
268,132,0.043215
270,132,0.038644
272,132,0.034510
274,132,0.030401
276,132,0.026321
278,132,0.022304
280,132,0.018629
282,132,0.015305
284,132,0.012055
286,132,0.009267
288,132,0.006708
290,132,0.004493
292,132,0.002719
294,132,0.001326
296,132,0.000407
298,132,0.000000
0,134,0.846510
2,134,0.843303
4,134,0.840289
6,134,0.837304
8,134,0.834339
10,134,0.831404
12,134,0.828484
14,134,0.825581
16,134,0.822607
18,134,0.819725
20,134,0.816816
22,134,0.813902
24,134,0.811022
26,134,0.808101
28,134,0.805181
30,134,0.801751
32,134,0.798858
34,134,0.795945
36,134,0.792996
38,134,0.790004
40,134,0.786878
42,134,0.783871
44,134,0.780853
46,134,0.777513
48,134,0.774416
50,134,0.771187
52,134,0.767936
54,134,0.764749
56,134,0.761416
58,134,0.758074
60,134,0.751222
62,134,0.747780
64,134,0.744604
66,134,0.741341
68,134,0.737964
70,134,0.734607
72,134,0.731180
74,134,0.727728
76,134,0.723698
78,134,0.720198
80,134,0.716438
82,134,0.712589
84,134,0.708903
86,134,0.704928
88,134,0.700939
90,134,0.694507
92,134,0.690749
94,134,0.686828
96,134,0.682700
98,134,0.678369
100,134,0.673446
102,134,0.669067
104,134,0.664632
106,134,0.658928
108,134,0.654210
110,134,0.648959
112,134,0.643679
114,134,0.638657
116,134,0.633093
118,134,0.627534
120,134,0.612491
122,134,0.607699
124,134,0.603113
126,134,0.598183
128,134,0.592931
130,134,0.587702
132,134,0.582274
134,134,0.576770
136,134,0.569752
138,134,0.564174
140,134,0.557856
142,134,0.551382
144,134,0.545319
146,134,0.538503
148,134,0.531688
150,134,0.519878
152,134,0.513914
154,134,0.507502
156,134,0.500565
158,134,0.493251
160,134,0.484719
162,134,0.477386
164,134,0.469914
166,134,0.460326
168,134,0.452422
170,134,0.443579
172,134,0.434868
174,134,0.426536
176,134,0.417422
178,134,0.408405
180,134,0.388015
182,134,0.381567
184,134,0.375008
186,134,0.367807
188,134,0.360154
190,134,0.352456
192,134,0.344511
194,134,0.336417
196,134,0.326965
198,134,0.318904
200,134,0.310072
202,134,0.301217
204,134,0.292638
206,134,0.283530
208,134,0.274516
210,134,0.259834
212,134,0.251978
214,134,0.243579
216,134,0.234740
218,134,0.225772
220,134,0.214682
222,134,0.205898
224,134,0.197111
226,134,0.185669
228,134,0.176136
230,134,0.165648
232,134,0.155551
234,134,0.145728
236,134,0.135062
238,134,0.124371
240,134,0.115544
242,134,0.111355
244,134,0.106962
246,134,0.101836
248,134,0.096922
250,134,0.091548
252,134,0.086197
254,134,0.080625
256,134,0.075498
258,134,0.070183
260,134,0.064810
262,134,0.059405
264,134,0.054008
266,134,0.048656
268,134,0.043393
270,134,0.038786
272,134,0.034621
274,134,0.030487
276,134,0.026387
278,134,0.022353
280,134,0.018663
282,134,0.015329
284,134,0.012071
286,134,0.009277
288,134,0.006714
290,134,0.004496
292,134,0.002721
294,134,0.001326
296,134,0.000407
298,134,0.000000
0,136,0.849952
2,136,0.846811
4,136,0.843860
6,136,0.840939
8,136,0.838036
10,136,0.835164
12,136,0.832306
14,136,0.829465
16,136,0.826555
18,136,0.823736
20,136,0.820889
22,136,0.818038
24,136,0.815222
26,136,0.812365
28,136,0.809509
30,136,0.806139
32,136,0.803311
34,136,0.800463
36,136,0.797580
38,136,0.794654
40,136,0.791594
42,136,0.788655
44,136,0.785705
46,136,0.782432
48,136,0.779404
50,136,0.776244
52,136,0.773063
54,136,0.769947
56,136,0.766686
58,136,0.763416
60,136,0.756534
62,136,0.753169
64,136,0.750066
66,136,0.746875
68,136,0.743571
70,136,0.740289
72,136,0.736938
74,136,0.733562
76,136,0.729597
78,136,0.726175
80,136,0.722490
82,136,0.718717
84,136,0.715112
86,136,0.711213
88,136,0.707302
90,136,0.700863
92,136,0.697189
94,136,0.693351
96,136,0.689304
98,136,0.685051
100,136,0.680185
102,136,0.675887
104,136,0.671534
106,136,0.665864
108,136,0.661222
110,136,0.656030
112,136,0.650811
114,136,0.645862
116,136,0.640354
118,136,0.634855
120,136,0.619505
122,136,0.614811
124,136,0.610312
126,136,0.605476
128,136,0.600300
130,136,0.595163
132,136,0.589822
134,136,0.584408
136,136,0.577444
138,136,0.571959
140,136,0.565734
142,136,0.559347
144,136,0.553384
146,136,0.546673
148,136,0.539970
150,136,0.527949
152,136,0.522113
154,136,0.515825
156,136,0.509024
158,136,0.501852
160,136,0.493296
162,136,0.486123
164,136,0.478840
166,136,0.469149
168,136,0.461356
170,136,0.452512
172,136,0.443817
174,136,0.435551
176,136,0.426345
178,136,0.417201
180,136,0.395803
182,136,0.389524
184,136,0.383122
186,136,0.376038
188,136,0.368542
190,136,0.360976
192,136,0.353171
194,136,0.345227
196,136,0.335583
198,136,0.327687
200,136,0.318779
202,136,0.309889
204,136,0.301361
206,136,0.292041
208,136,0.282771
210,136,0.267682
212,136,0.259920
214,136,0.251510
216,136,0.242511
218,136,0.233278
220,136,0.221986
222,136,0.212939
224,136,0.203755
226,136,0.192113
228,136,0.182264
230,136,0.171461
232,136,0.161018
234,136,0.150865
236,136,0.139920
238,136,0.128966
240,136,0.120000
242,136,0.115695
244,136,0.111096
246,136,0.105794
248,136,0.100640
250,136,0.095038
252,136,0.089411
254,136,0.083567
256,136,0.078193
258,136,0.072593
260,136,0.066951
262,136,0.061291
264,136,0.055647
266,136,0.050077
268,136,0.044626
270,136,0.039844
272,136,0.035496
274,136,0.031191
276,136,0.026937
278,136,0.022782
280,136,0.018989
282,136,0.015553
284,136,0.012230
286,136,0.009371
288,136,0.006769
290,136,0.004526
292,136,0.002730
294,136,0.001329
296,136,0.000408
298,136,0.000000
0,138,0.853367
2,138,0.850292
4,138,0.847404
6,138,0.844546
8,138,0.841706
10,138,0.838896
12,138,0.836101
14,138,0.833323
16,138,0.830475
18,138,0.827719
20,138,0.824935
22,138,0.822148
24,138,0.819395
26,138,0.816601
28,138,0.813810
30,138,0.810502
32,138,0.807739
34,138,0.804956
36,138,0.802139
38,138,0.799279
40,138,0.796285
42,138,0.793414
44,138,0.790532
46,138,0.787327
48,138,0.784368
50,138,0.781279
52,138,0.778168
54,138,0.775124
56,138,0.771935
58,138,0.768739
60,138,0.761836
62,138,0.758548
64,138,0.755517
66,138,0.752401
68,138,0.749170
70,138,0.745964
72,138,0.742689
74,138,0.739392
76,138,0.735494
78,138,0.732153
80,138,0.728545
82,138,0.724850
84,138,0.721327
86,138,0.717508
88,138,0.713679
90,138,0.707241
92,138,0.703653
94,138,0.699901
96,138,0.695939
98,138,0.691769
100,138,0.686966
102,138,0.682754
104,138,0.678489
106,138,0.672863
108,138,0.668304
110,138,0.663179
112,138,0.658030
114,138,0.653163
116,138,0.647722
118,138,0.642293
120,138,0.626353
122,138,0.621757
124,138,0.617349
126,138,0.612594
128,138,0.607492
130,138,0.602434
132,138,0.597167
134,138,0.591830
136,138,0.584835
138,138,0.579429
140,138,0.573234
142,138,0.566876
144,138,0.560974
146,138,0.554273
148,138,0.547583
150,138,0.535167
152,138,0.529398
154,138,0.523151
156,138,0.516353
158,138,0.509146
160,138,0.500485
162,138,0.493280
164,138,0.485951
166,138,0.476046
168,138,0.468181
170,138,0.459183
172,138,0.450339
174,138,0.441958
176,138,0.432571
178,138,0.423257
180,138,0.401413
182,138,0.395147
184,138,0.388736
186,138,0.381595
188,138,0.373998
190,138,0.366329
192,138,0.358394
194,138,0.350302
196,138,0.340471
198,138,0.332422
200,138,0.323337
202,138,0.314251
204,138,0.305525
206,138,0.295999
208,138,0.286531
210,138,0.271263
212,138,0.263338
214,138,0.254741
216,138,0.245542
218,138,0.236115
220,138,0.224640
222,138,0.215403
224,138,0.206033
226,138,0.194232
228,138,0.184207
230,138,0.173252
232,138,0.162660
234,138,0.152360
236,138,0.141281
238,138,0.130197
240,138,0.121124
242,138,0.116718
244,138,0.112017
246,138,0.106622
248,138,0.101375
250,138,0.095691
252,138,0.089985
254,138,0.084070
256,138,0.078627
258,138,0.072966
260,138,0.067268
262,138,0.061560
264,138,0.055874
266,138,0.050266
268,138,0.044781
270,138,0.039967
272,138,0.035592
274,138,0.031265
276,138,0.026994
278,138,0.022825
280,138,0.019019
282,138,0.015574
284,138,0.012244
286,138,0.009380
288,138,0.006774
290,138,0.004529
292,138,0.002731
294,138,0.001329
296,138,0.000408
298,138,0.000000
0,140,0.856756
2,140,0.853748
4,140,0.850923
6,140,0.848128
8,140,0.845351
10,140,0.842604
12,140,0.839872
14,140,0.837156
16,140,0.834371
18,140,0.831678
20,140,0.828957
22,140,0.826233
24,140,0.823543
26,140,0.820813
28,140,0.818086
30,140,0.814842
32,140,0.812143
34,140,0.809425
36,140,0.806674
38,140,0.803881
40,140,0.800953
42,140,0.798149
44,140,0.795336
46,140,0.792200
48,140,0.789311
50,140,0.786292
52,140,0.783253
54,140,0.780281
56,140,0.777165
58,140,0.774043
60,140,0.767126
62,140,0.763915
64,140,0.760958
66,140,0.757916
68,140,0.754760
70,140,0.751631
72,140,0.748433
74,140,0.745214
76,140,0.741387
78,140,0.738127
80,140,0.734597
82,140,0.730982
84,140,0.727542
86,140,0.723806
88,140,0.720060
90,140,0.713632
92,140,0.710133
94,140,0.706469
96,140,0.702595
98,140,0.698510
100,140,0.693775
102,140,0.689653
104,140,0.685480
106,140,0.679904
108,140,0.675432
110,140,0.670381
112,140,0.665308
114,140,0.660528
116,140,0.655160
118,140,0.649807
120,140,0.633343
122,140,0.628850
124,140,0.624537
126,140,0.619875
128,140,0.614854
130,140,0.609887
132,140,0.604708
134,140,0.599461
136,140,0.592488
138,140,0.587176
140,140,0.581053
142,140,0.574761
144,140,0.568949
146,140,0.562316
148,140,0.555699
150,140,0.542868
152,140,0.537198
154,140,0.531041
156,140,0.524318
158,140,0.517175
160,140,0.508405
162,140,0.501273
164,140,0.494027
166,140,0.483878
168,140,0.476031
170,140,0.466901
172,140,0.457966
174,140,0.449552
176,140,0.439986
178,140,0.430498
180,140,0.407995
182,140,0.401818
184,140,0.395487
186,140,0.388348
188,140,0.380778
190,140,0.373096
192,140,0.365155
194,140,0.357057
196,140,0.346971
198,140,0.338917
200,140,0.329663
202,140,0.320430
204,140,0.311622
206,140,0.301843
208,140,0.292124
210,140,0.276607
212,140,0.268639
214,140,0.259938
216,140,0.250538
218,140,0.240865
220,140,0.229209
222,140,0.219739
224,140,0.210084
226,140,0.198116
228,140,0.187856
230,140,0.176687
232,140,0.165865
234,140,0.155353
236,140,0.144085
238,140,0.132832
240,140,0.123656
242,140,0.119150
244,140,0.114308
246,140,0.108789
248,140,0.103392
250,140,0.097568
252,140,0.091701
254,140,0.085630
256,140,0.080045
258,140,0.074230
260,140,0.068386
262,140,0.062543
264,140,0.056728
266,140,0.051007
268,140,0.045425
270,140,0.040520
272,140,0.036048
274,140,0.031632
276,140,0.027282
278,140,0.023051
280,140,0.019191
282,140,0.015693
284,140,0.012329
286,140,0.009430
288,140,0.006803
290,140,0.004545
292,140,0.002736
294,140,0.001331
296,140,0.000408
298,140,0.000000
0,142,0.860119
2,142,0.857177
4,142,0.854417
6,142,0.851684
8,142,0.848971
10,142,0.846286
12,142,0.843617
14,142,0.840964
16,142,0.838242
18,142,0.835610
20,142,0.832952
22,142,0.830291
24,142,0.827665
26,142,0.824999
28,142,0.822336
30,142,0.819156
32,142,0.816521
34,142,0.813868
36,142,0.811183
38,142,0.808456
40,142,0.805595
42,142,0.802859
44,142,0.800115
46,142,0.797047
48,142,0.794228
50,142,0.791280
52,142,0.788313
54,142,0.785413
56,142,0.782371
58,142,0.779324
60,142,0.772402
62,142,0.769268
64,142,0.766384
66,142,0.763417
68,142,0.760337
70,142,0.757284
72,142,0.754164
74,142,0.751025
76,142,0.747270
78,142,0.744091
80,142,0.740641
82,142,0.737107
84,142,0.733752
86,142,0.730099
88,142,0.726438
90,142,0.720030
92,142,0.716620
94,142,0.713045
96,142,0.709260
98,142,0.705264
100,142,0.700602
102,142,0.696572
104,142,0.692492
106,142,0.686978
108,142,0.682597
110,142,0.677627
112,142,0.672639
114,142,0.667951
116,142,0.662669
118,142,0.657405
120,142,0.640372
122,142,0.635985
124,142,0.631770
126,142,0.627206
128,142,0.622275
130,142,0.617406
132,142,0.612324
134,142,0.607177
136,142,0.600229
138,142,0.595022
140,142,0.588977
142,142,0.582766
144,142,0.577057
146,142,0.570505
148,142,0.563977
150,142,0.550700
152,142,0.545147
154,142,0.539095
156,142,0.532462
158,142,0.525393
160,142,0.516528
162,142,0.509483
164,142,0.502332
166,142,0.491933
168,142,0.484122
170,142,0.474862
172,142,0.465836
174,142,0.457397
176,142,0.447647
178,142,0.437987
180,142,0.414731
182,142,0.408664
184,142,0.402435
186,142,0.395316
188,142,0.387766
190,142,0.380074
192,142,0.372117
194,142,0.363994
196,142,0.353688
198,142,0.345612
200,142,0.336205
202,142,0.326815
204,142,0.317906
206,142,0.307879
208,142,0.297910
210,142,0.282092
212,142,0.274057
214,142,0.265232
216,142,0.255620
218,142,0.245707
220,142,0.233827
222,142,0.224119
224,142,0.214180
226,142,0.202004
228,142,0.191493
230,142,0.180085
232,142,0.169024
234,142,0.158286
236,142,0.146812
238,142,0.135366
240,142,0.126058
242,142,0.121438
244,142,0.116448
246,142,0.110793
248,142,0.105241
250,142,0.099267
252,142,0.093241
254,142,0.087019
256,142,0.081291
258,142,0.075329
260,142,0.069348
262,142,0.063377
264,142,0.057443
266,142,0.051617
268,142,0.045942
270,142,0.040954
272,142,0.036402
274,142,0.031913
276,142,0.027500
278,142,0.023217
280,142,0.019315
282,142,0.015779
284,142,0.012389
286,142,0.009466
288,142,0.006824
290,142,0.004556
292,142,0.002740
294,142,0.001332
296,142,0.000408
298,142,0.000000
0,144,0.863457
2,144,0.860581
4,144,0.857884
6,144,0.855215
8,144,0.852565
10,144,0.849943
12,144,0.847336
14,144,0.844745
16,144,0.842086
18,144,0.839517
20,144,0.836922
22,144,0.834323
24,144,0.831760
26,144,0.829157
28,144,0.826558
30,144,0.823444
32,144,0.820873
34,144,0.818285
36,144,0.815665
38,144,0.813005
40,144,0.810210
42,144,0.807542
44,144,0.804866
46,144,0.801868
48,144,0.799119
50,144,0.796242
52,144,0.793347
54,144,0.790519
56,144,0.787552
58,144,0.784580
60,144,0.777662
62,144,0.774605
64,144,0.771795
66,144,0.768903
68,144,0.765898
70,144,0.762923
72,144,0.759881
74,144,0.756822
76,144,0.753141
78,144,0.750044
80,144,0.746676
82,144,0.743224
84,144,0.739954
86,144,0.736386
88,144,0.732812
90,144,0.726433
92,144,0.723113
94,144,0.719628
96,144,0.715935
98,144,0.712029
100,144,0.707443
102,144,0.703508
104,144,0.699524
106,144,0.694077
108,144,0.689790
110,144,0.684906
112,144,0.680006
114,144,0.675414
116,144,0.670220
118,144,0.665048
120,144,0.647376
122,144,0.643096
124,144,0.638981
126,144,0.634513
128,144,0.629674
130,144,0.624901
132,144,0.619914
134,144,0.614865
136,144,0.607916
138,144,0.602811
140,144,0.596824
142,144,0.590671
144,144,0.585052
146,144,0.578543
148,144,0.572061
150,144,0.558320
152,144,0.552865
154,144,0.546892
156,144,0.540303
158,144,0.533242
160,144,0.524265
162,144,0.517235
164,144,0.510087
166,144,0.499439
168,144,0.491594
170,144,0.482173
172,144,0.473009
174,144,0.464483
176,144,0.454538
178,144,0.444697
180,144,0.420881
182,144,0.414867
184,144,0.408674
186,144,0.401526
188,144,0.393922
190,144,0.386159
192,144,0.378109
194,144,0.369878
196,144,0.359346
198,144,0.351163
200,144,0.341569
202,144,0.331986
204,144,0.322907
206,144,0.312645
208,144,0.302451
210,144,0.286430
212,144,0.278269
214,144,0.269274
216,144,0.259450
218,144,0.249314
220,144,0.237247
222,144,0.227324
224,144,0.217158
226,144,0.204816
228,144,0.194102
230,144,0.182518
232,144,0.171276
234,144,0.160366
236,144,0.148738
238,144,0.137148
240,144,0.127736
242,144,0.123013
244,144,0.117906
246,144,0.112145
248,144,0.106478
250,144,0.100398
252,144,0.094262
254,144,0.087935
256,144,0.082109
258,144,0.076050
260,144,0.069979
262,144,0.063926
264,144,0.057918
266,144,0.052025
268,144,0.046292
270,144,0.041249
272,144,0.036641
274,144,0.032103
276,144,0.027649
278,144,0.023334
280,144,0.019402
282,144,0.015839
284,144,0.012432
286,144,0.009492
288,144,0.006839
290,144,0.004564
292,144,0.002743
294,144,0.001333
296,144,0.000408
298,144,0.000000
0,146,0.866769
2,146,0.863960
4,146,0.861327
6,146,0.858721
8,146,0.856133
10,146,0.853574
12,146,0.851029
14,146,0.848501
16,146,0.845905
18,146,0.843398
20,146,0.840865
22,146,0.838329
24,146,0.835828
26,146,0.833289
28,146,0.830753
30,146,0.827706
32,146,0.825199
34,146,0.822675
36,146,0.820120
38,146,0.817526
40,146,0.814799
42,146,0.812198
44,146,0.809590
46,146,0.806663
48,146,0.803982
50,146,0.801177
52,146,0.798354
54,146,0.795599
56,146,0.792705
58,146,0.789808
60,146,0.782906
62,146,0.779926
64,146,0.777189
66,146,0.774373
68,146,0.771444
70,146,0.768546
72,146,0.765583
74,146,0.762603
76,146,0.758998
78,146,0.755984
80,146,0.752697
82,146,0.749328
84,146,0.746144
86,146,0.742661
88,146,0.739175
90,146,0.732837
92,146,0.729608
94,146,0.726214
96,146,0.722612
98,146,0.718798
100,146,0.714295
102,146,0.710454
104,146,0.706568
106,146,0.701199
108,146,0.697009
110,146,0.692218
112,146,0.687414
114,146,0.682923
116,146,0.677830
118,146,0.672761
120,146,0.654495
122,146,0.650324
124,146,0.646311
126,146,0.641950
128,146,0.637208
130,146,0.632543
132,146,0.627664
134,146,0.622726
136,146,0.615838
138,146,0.610848
140,146,0.604968
142,146,0.598922
144,146,0.593423
146,146,0.587035
148,146,0.580680
150,146,0.566395
152,146,0.561073
154,146,0.555231
156,146,0.548772
158,146,0.541839
160,146,0.532740
162,146,0.525854
164,146,0.518867
166,146,0.507888
168,146,0.500126
170,146,0.490542
172,146,0.481296
174,146,0.472776
176,146,0.462615
178,146,0.452590
180,146,0.427915
182,146,0.422052
184,146,0.416009
186,146,0.408891
188,146,0.401358
190,146,0.393601
192,146,0.385575
194,146,0.377372
196,146,0.366544
198,146,0.358388
200,146,0.348619
202,146,0.338874
204,146,0.329730
206,146,0.319169
208,146,0.308696
210,146,0.292350
212,146,0.284155
214,146,0.275060
216,146,0.265006
218,146,0.254600
220,146,0.242303
222,146,0.232121
224,146,0.221643
226,146,0.209077
228,146,0.198093
230,146,0.186251
232,146,0.174748
234,146,0.163600
236,146,0.151749
238,146,0.139959
240,146,0.130418
242,146,0.125584
244,146,0.120325
246,146,0.114419
248,146,0.108587
250,146,0.102345
252,146,0.096032
254,146,0.089534
256,146,0.083552
258,146,0.077328
260,146,0.071100
262,146,0.064903
264,146,0.058758
266,146,0.052746
268,146,0.046909
270,146,0.041772
272,146,0.037069
274,146,0.032445
276,146,0.027915
278,146,0.023539
280,146,0.019556
282,146,0.015946
284,146,0.012507
286,146,0.009537
288,146,0.006865
290,146,0.004578
292,146,0.002748
294,146,0.001334
296,146,0.000408
298,146,0.000000
0,148,0.870056
2,148,0.867314
4,148,0.864744
6,148,0.862201
8,148,0.859677
10,148,0.857180
12,148,0.854697
14,148,0.852230
16,148,0.849697
18,148,0.847252
20,148,0.844781
22,148,0.842308
24,148,0.839869
26,148,0.837393
28,148,0.834920
30,148,0.831940
32,148,0.829497
34,148,0.827037
36,148,0.824547
38,148,0.822019
40,148,0.819359
42,148,0.816825
44,148,0.814285
46,148,0.811428
48,148,0.808817
50,148,0.806082
52,148,0.803332
54,148,0.800649
56,148,0.797829
58,148,0.795007
60,148,0.788132
62,148,0.785228
64,148,0.782565
66,148,0.779823
68,148,0.776971
70,148,0.774150
72,148,0.771266
74,148,0.768367
76,148,0.764839
78,148,0.761907
80,148,0.758701
82,148,0.755417
84,148,0.752318
86,148,0.748922
88,148,0.745522
90,148,0.739238
92,148,0.736099
94,148,0.732797
96,148,0.729288
98,148,0.725566
100,148,0.721150
102,148,0.717406
104,148,0.713618
106,148,0.708336
108,148,0.704244
110,148,0.699553
112,148,0.694849
114,148,0.690462
116,148,0.685475
118,148,0.680516
120,148,0.661634
122,148,0.657572
124,148,0.653662
126,148,0.649410
128,148,0.644766
130,148,0.640212
132,148,0.635442
134,148,0.630615
136,148,0.623798
138,148,0.618926
140,148,0.613155
142,148,0.607219
144,148,0.601842
146,148,0.595572
148,148,0.589342
150,148,0.574488
152,148,0.569296
154,148,0.563586
156,148,0.557256
158,148,0.550453
160,148,0.541223
162,148,0.534477
164,148,0.527639
166,148,0.516314
168,148,0.508633
170,148,0.498866
172,148,0.489532
174,148,0.481012
176,148,0.470625
178,148,0.460409
180,148,0.434887
182,148,0.429173
184,148,0.423279
186,148,0.416181
188,148,0.408717
190,148,0.400948
192,148,0.392933
194,148,0.384739
196,148,0.373613
198,148,0.365471
200,148,0.355517
202,148,0.345599
204,148,0.336381
206,148,0.325515
208,148,0.314761
210,148,0.298104
212,148,0.289865
214,148,0.280664
216,148,0.270375
218,148,0.259702
220,148,0.247177
222,148,0.236740
224,148,0.225957
226,148,0.213174
228,148,0.201925
230,148,0.189834
232,148,0.178079
234,148,0.166700
236,148,0.154635
238,148,0.142654
240,148,0.132988
242,148,0.128045
244,148,0.122640
246,148,0.116596
248,148,0.110606
250,148,0.104209
252,148,0.097727
254,148,0.091065
256,148,0.084935
258,148,0.078553
260,148,0.072177
262,148,0.065841
264,148,0.059567
266,148,0.053440
268,148,0.047505
270,148,0.042278
272,148,0.037484
274,148,0.032777
276,148,0.028174
278,148,0.023740
280,148,0.019707
282,148,0.016050
284,148,0.012580
286,148,0.009581
288,148,0.006891
290,148,0.004592
292,148,0.002752
294,148,0.001336
296,148,0.000409
298,148,0.000000
0,150,0.873320
2,150,0.870645
4,150,0.868138
6,150,0.865659
8,150,0.863197
10,150,0.860762
12,150,0.858341
14,150,0.855936
16,150,0.853466
18,150,0.851082
20,150,0.848673
22,150,0.846263
24,150,0.843885
26,150,0.841472
28,150,0.839062
30,150,0.836151
32,150,0.833770
34,150,0.831373
36,150,0.828948
38,150,0.826486
40,150,0.823892
42,150,0.821426
44,150,0.818953
46,150,0.816167
48,150,0.813625
50,150,0.810961
52,150,0.808283
54,150,0.805672
56,150,0.802927
58,150,0.800179
60,150,0.793333
62,150,0.790505
64,150,0.787915
66,150,0.785248
68,150,0.782472
70,150,0.779728
72,150,0.776923
74,150,0.774103
76,150,0.770652
78,150,0.767802
80,150,0.764678
82,150,0.761477
84,150,0.758464
86,150,0.755153
88,150,0.751841
90,150,0.745601
92,150,0.742552
94,150,0.739340
96,150,0.735923
98,150,0.732292
100,150,0.727957
102,150,0.724308
104,150,0.720616
106,150,0.715408
108,150,0.711410
110,150,0.706809
112,150,0.702197
114,150,0.697906
116,150,0.693011
118,150,0.688146
120,150,0.669541
122,150,0.665590
124,150,0.661789
126,150,0.657650
128,150,0.653119
130,150,0.648682
132,150,0.644031
134,150,0.639326
136,150,0.632652
138,150,0.627905
140,150,0.622269
142,150,0.616479
144,150,0.611235
146,150,0.605120
148,150,0.599046
150,150,0.585623
152,150,0.580581
154,150,0.575033
156,150,0.568915
158,150,0.562358
160,150,0.553968
162,150,0.547481
164,150,0.540904
166,150,0.531112
168,150,0.523923
170,150,0.515416
172,150,0.507167
174,150,0.499492
176,150,0.490709
178,150,0.482064
180,150,0.448758
182,150,0.443330
184,150,0.437719
186,150,0.431357
188,150,0.424384
190,150,0.417479
192,150,0.410296
194,150,0.403002
196,150,0.392717
198,150,0.385532
200,150,0.376827
202,150,0.368251
204,150,0.360304
206,150,0.351238
208,150,0.342319
210,150,0.319585
212,150,0.312560
214,150,0.304598
216,150,0.295782
218,150,0.286592
220,150,0.272407
222,150,0.263531
224,150,0.254568
226,150,0.238978
228,150,0.228271
230,150,0.214672
232,150,0.202190
234,150,0.190222
236,150,0.176180
238,150,0.162150
240,150,0.150749
242,150,0.146700
244,150,0.142287
246,150,0.136000
248,150,0.130288
250,150,0.123404
252,150,0.116695
254,150,0.109470
256,150,0.102920
258,150,0.095978
260,150,0.088874
262,150,0.081556
264,150,0.074196
266,150,0.066803
268,150,0.059464
270,150,0.053174
272,150,0.047597
274,150,0.041988
276,150,0.036350
278,150,0.030732
280,150,0.025631
282,150,0.021057
284,150,0.016523
286,150,0.012693
288,150,0.009161
290,150,0.006110
292,150,0.003691
294,150,0.001791
296,150,0.000547
298,150,0.000000
0,152,0.876578
2,152,0.873969
4,152,0.871526
6,152,0.869109
8,152,0.866709
10,152,0.864335
12,152,0.861976
14,152,0.859632
16,152,0.857224
18,152,0.854901
20,152,0.852553
22,152,0.850204
24,152,0.847888
26,152,0.845537
28,152,0.843189
30,152,0.840347
32,152,0.838028
34,152,0.835695
36,152,0.833334
38,152,0.830936
40,152,0.828410
42,152,0.826009
44,152,0.823603
46,152,0.820888
48,152,0.818415
50,152,0.815822
52,152,0.813216
54,152,0.810676
56,152,0.808005
58,152,0.805333
60,152,0.798517
62,152,0.795765
64,152,0.793248
66,152,0.790655
68,152,0.787954
70,152,0.785288
72,152,0.782561
74,152,0.779821
76,152,0.776448
78,152,0.773680
80,152,0.770639
82,152,0.767522
84,152,0.764594
86,152,0.761370
88,152,0.758146
90,152,0.751942
92,152,0.748983
94,152,0.745862
96,152,0.742538
98,152,0.738999
100,152,0.734741
102,152,0.731188
104,152,0.727593
106,152,0.722451
108,152,0.718547
110,152,0.714029
112,152,0.709502
114,152,0.705305
116,152,0.700495
118,152,0.695716
120,152,0.676513
122,152,0.672667
124,152,0.668965
126,152,0.664920
128,152,0.660478
130,152,0.656133
132,152,0.651573
134,152,0.646961
136,152,0.640282
138,152,0.635632
140,152,0.630048
142,152,0.624311
144,152,0.619148
146,152,0.613072
148,152,0.607040
150,152,0.593153
152,152,0.588196
154,152,0.582710
156,152,0.576620
158,152,0.570060
160,152,0.561551
162,152,0.555063
164,152,0.548476
166,152,0.538423
168,152,0.531184
170,152,0.522507
172,152,0.514110
174,152,0.506332
176,152,0.497357
178,152,0.488539
180,152,0.454568
182,152,0.449183
184,152,0.443600
186,152,0.437206
188,152,0.430153
190,152,0.423169
192,152,0.415883
194,152,0.408473
196,152,0.397903
198,152,0.390589
200,152,0.381681
202,152,0.372888
204,152,0.364748
206,152,0.355435
208,152,0.346289
210,152,0.323386
212,152,0.316219
214,152,0.308069
216,152,0.299026
218,152,0.289603
220,152,0.275239
222,152,0.266144
224,152,0.256970
226,152,0.241226
228,152,0.230317
230,152,0.216565
232,152,0.203916
234,152,0.191793
236,152,0.177604
238,152,0.163432
240,152,0.151934
242,152,0.147776
244,152,0.143251
246,152,0.136870
248,152,0.131058
250,152,0.124096
252,152,0.117302
254,152,0.110001
256,152,0.103377
258,152,0.096370
260,152,0.089206
262,152,0.081839
264,152,0.074433
266,152,0.067002
268,152,0.059628
270,152,0.053304
272,152,0.047697
274,152,0.042064
276,152,0.036407
278,152,0.030775
280,152,0.025661
282,152,0.021077
284,152,0.016537
286,152,0.012701
288,152,0.009165
290,152,0.006112
292,152,0.003692
294,152,0.001791
296,152,0.000547
298,152,0.000000
0,154,0.879788
2,154,0.877246
4,154,0.874865
6,154,0.872511
8,154,0.870173
10,154,0.867861
12,154,0.865563
14,154,0.863280
16,154,0.860935
18,154,0.858672
20,154,0.856386
22,154,0.854098
24,154,0.851842
26,154,0.849553
28,154,0.847268
30,154,0.844496
32,154,0.842239
34,154,0.839969
36,154,0.837671
38,154,0.835339
40,154,0.832879
42,154,0.830544
44,154,0.828204
46,154,0.825562
48,154,0.823157
50,154,0.820636
52,154,0.818102
54,154,0.815634
56,154,0.813038
58,154,0.810441
60,154,0.803670
62,154,0.800993
64,154,0.798548
66,154,0.796030
68,154,0.793406
70,154,0.790817
72,154,0.788169
74,154,0.785509
76,154,0.782216
78,154,0.779531
80,154,0.776573
82,154,0.773542
84,154,0.770700
86,154,0.767565
88,154,0.764432
90,154,0.758275
92,154,0.755407
94,154,0.752379
96,154,0.749149
98,154,0.745706
100,154,0.741531
102,154,0.738076
104,154,0.734582
106,154,0.729515
108,154,0.725710
110,154,0.721283
112,154,0.716850
114,154,0.712754
116,154,0.708037
118,154,0.703353
120,154,0.683584
122,154,0.679847
124,154,0.676249
126,154,0.672305
128,154,0.667961
130,154,0.663719
132,154,0.659262
134,154,0.654754
136,154,0.648097
138,154,0.643556
140,154,0.638045
142,154,0.632381
144,154,0.627318
146,154,0.621305
148,154,0.615338
150,154,0.601013
152,154,0.596163
154,154,0.590768
156,154,0.584739
158,154,0.578213
160,154,0.569600
162,154,0.563149
164,154,0.556591
166,154,0.546299
168,154,0.539040
170,154,0.530219
172,154,0.521698
174,154,0.513844
176,154,0.504687
178,154,0.495698
180,154,0.460928
182,154,0.455616
184,154,0.450094
186,154,0.443703
188,154,0.436626
190,154,0.429604
192,154,0.422256
194,154,0.414768
196,154,0.403913
198,154,0.396525
200,154,0.387408
202,154,0.378409
204,154,0.370104
206,154,0.360515
208,154,0.351100
210,154,0.328016
212,154,0.320752
214,154,0.312436
216,154,0.303148
218,154,0.293450
220,154,0.278919
222,154,0.269563
224,154,0.260096
226,154,0.244231
228,154,0.233079
230,154,0.219160
232,154,0.206299
234,154,0.193973
236,154,0.179625
238,154,0.165290
240,154,0.153709
242,154,0.149433
244,154,0.144751
246,154,0.138270
248,154,0.132322
250,154,0.125268
252,154,0.118346
254,154,0.110933
256,154,0.104212
258,154,0.097098
260,154,0.089835
262,154,0.082387
264,154,0.074904
266,154,0.067409
268,154,0.059982
270,154,0.053605
272,154,0.047938
274,154,0.042254
276,154,0.036554
278,154,0.030891
280,154,0.025749
282,154,0.021136
284,154,0.016580
286,154,0.012726
288,154,0.009180
290,154,0.006120
292,154,0.003694
294,154,0.001792
296,154,0.000547
298,154,0.000000
0,156,0.882973
2,156,0.880498
4,156,0.878180
6,156,0.875888
8,156,0.873612
10,156,0.871362
12,156,0.869124
14,156,0.866902
16,156,0.864619
18,156,0.862416
20,156,0.860190
22,156,0.857964
24,156,0.855768
26,156,0.853541
28,156,0.851317
30,156,0.848617
32,156,0.846421
34,156,0.844213
36,156,0.841978
38,156,0.839710
40,156,0.837317
42,156,0.835048
44,156,0.832774
46,156,0.830204
48,156,0.827868
50,156,0.825417
52,156,0.822955
54,156,0.820558
56,156,0.818037
58,156,0.815516
60,156,0.808802
62,156,0.806200
64,156,0.803828
66,156,0.801384
68,156,0.798836
70,156,0.796324
72,156,0.793754
74,156,0.791175
76,156,0.787964
78,156,0.785361
80,156,0.782487
82,156,0.779543
84,156,0.776788
86,156,0.773743
88,156,0.770700
90,156,0.764604
92,156,0.761827
94,156,0.758892
96,156,0.755758
98,156,0.752412
100,156,0.748325
102,156,0.744970
104,156,0.741580
106,156,0.736598
108,156,0.732894
110,156,0.728565
112,156,0.724233
114,156,0.720241
116,156,0.715626
118,156,0.711048
120,156,0.690747
122,156,0.687122
124,156,0.683630
126,156,0.679796
128,156,0.675557
130,156,0.671427
132,156,0.667082
134,156,0.662691
136,156,0.656090
138,156,0.651670
140,156,0.646259
142,156,0.640698
144,156,0.635756
146,156,0.629848
148,156,0.623993
150,156,0.609211
152,156,0.604492
154,156,0.599221
156,156,0.593306
158,156,0.586876
160,156,0.578170
162,156,0.571827
164,156,0.565383
166,156,0.554830
168,156,0.547619
170,156,0.538665
172,156,0.530058
174,156,0.522182
176,156,0.512840
178,156,0.503682
180,156,0.467829
182,156,0.462636
184,156,0.457230
186,156,0.450885
188,156,0.443854
190,156,0.436848
192,156,0.429513
194,156,0.422032
196,156,0.410842
198,156,0.403463
200,156,0.394150
202,156,0.384968
204,156,0.376566
206,156,0.366670
208,156,0.356958
210,156,0.333544
212,156,0.326249
214,156,0.317815
216,156,0.308280
218,156,0.298282
220,156,0.283542
222,156,0.273905
224,156,0.264106
226,156,0.248066
228,156,0.236634
230,156,0.222493
232,156,0.209365
234,156,0.196797
236,156,0.182240
238,156,0.167701
240,156,0.156012
242,156,0.151622
244,156,0.146771
246,156,0.140165
248,156,0.134055
250,156,0.126879
252,156,0.119795
254,156,0.112234
256,156,0.105383
258,156,0.098127
260,156,0.090730
262,156,0.083168
264,156,0.075573
266,156,0.067986
268,156,0.060480
270,156,0.054027
272,156,0.048280
274,156,0.042524
276,156,0.036763
278,156,0.031055
280,156,0.025872
282,156,0.021220
284,156,0.016641
286,156,0.012761
288,156,0.009200
290,156,0.006132
292,156,0.003697
294,156,0.001793
296,156,0.000548
298,156,0.000000
0,158,0.886134
2,158,0.883725
4,158,0.881471
6,158,0.879241
8,158,0.877026
10,158,0.874837
12,158,0.872660
14,158,0.870497
16,158,0.868276
18,158,0.866133
20,158,0.863967
22,158,0.861802
24,158,0.859666
26,158,0.857499
28,158,0.855336
30,158,0.852708
32,158,0.850574
34,158,0.848426
36,158,0.846254
38,158,0.844050
40,158,0.841724
42,158,0.839519
44,158,0.837311
46,158,0.834813
48,158,0.832544
50,158,0.830165
52,158,0.827775
54,158,0.825448
56,158,0.823002
58,158,0.820555
60,158,0.813911
62,158,0.811384
64,158,0.809083
66,158,0.806714
68,158,0.804242
70,158,0.801806
72,158,0.799315
74,158,0.796815
76,158,0.793688
78,158,0.791167
80,158,0.788377
82,158,0.785519
84,158,0.782851
86,158,0.779895
88,158,0.776943
90,158,0.770920
92,158,0.768234
94,158,0.765392
96,158,0.762354
98,158,0.759106
100,158,0.755111
102,158,0.751858
104,158,0.748570
106,158,0.743682
108,158,0.740082
110,158,0.735857
112,158,0.731631
114,158,0.727748
116,158,0.723243
118,158,0.718777
120,158,0.697962
122,158,0.694449
124,158,0.691064
126,158,0.687342
128,158,0.683211
130,158,0.679196
132,158,0.674968
134,158,0.670695
136,158,0.664176
138,158,0.659880
140,158,0.654585
142,158,0.649140
144,158,0.644326
146,158,0.638541
148,158,0.632813
150,158,0.617618
152,158,0.613039
154,158,0.607910
156,158,0.602134
158,158,0.595841
160,158,0.587055
162,158,0.580859
164,158,0.574575
166,158,0.563792
168,158,0.556664
170,158,0.547610
172,158,0.538953
174,158,0.531096
176,158,0.521583
178,158,0.512252
180,158,0.475121
182,158,0.470075
184,158,0.464814
186,158,0.458547
188,158,0.451632
190,158,0.444696
192,158,0.437441
194,158,0.430044
196,158,0.418495
198,158,0.411218
200,158,0.401713
202,158,0.392389
204,158,0.383967
206,158,0.373747
208,158,0.363701
210,158,0.339861
212,158,0.332612
214,158,0.324114
216,158,0.314347
218,158,0.304018
220,158,0.289061
222,158,0.279124
224,158,0.268928
226,158,0.252703
228,158,0.240953
230,158,0.226551
232,158,0.213098
234,158,0.200247
236,158,0.185446
238,158,0.170669
240,158,0.158868
242,158,0.154375
244,158,0.149342
246,158,0.142601
248,158,0.136306
250,158,0.128981
252,158,0.121696
254,158,0.113947
256,158,0.106935
258,158,0.099491
260,158,0.091919
262,158,0.084201
264,158,0.076455
266,158,0.068742
268,158,0.061131
270,158,0.054580
272,158,0.048727
274,158,0.042874
276,158,0.037030
278,158,0.031261
280,158,0.026026
282,158,0.021321
284,158,0.016714
286,158,0.012801
288,158,0.009223
290,158,0.006144
292,158,0.003700
294,158,0.001794
296,158,0.000548
298,158,0.000000
0,160,0.889272
2,160,0.886929
4,160,0.884737
6,160,0.882568
8,160,0.880416
10,160,0.878286
12,160,0.876169
14,160,0.874066
16,160,0.871906
18,160,0.869822
20,160,0.867717
22,160,0.865611
24,160,0.863534
26,160,0.861428
28,160,0.859326
30,160,0.856771
32,160,0.854696
34,160,0.852609
36,160,0.850499
38,160,0.848359
40,160,0.846098
42,160,0.843958
44,160,0.841814
46,160,0.839389
48,160,0.837187
50,160,0.834878
52,160,0.832559
54,160,0.830303
56,160,0.827930
58,160,0.825558
60,160,0.818996
62,160,0.816542
64,160,0.814312
66,160,0.812016
68,160,0.809620
70,160,0.807260
72,160,0.804847
74,160,0.802426
76,160,0.799383
78,160,0.796944
80,160,0.794238
82,160,0.791467
84,160,0.788884
86,160,0.786019
88,160,0.783158
90,160,0.777216
92,160,0.774620
94,160,0.771870
96,160,0.768928
98,160,0.765779
100,160,0.761878
102,160,0.758727
104,160,0.755543
106,160,0.750753
108,160,0.747258
110,160,0.743139
112,160,0.739022
114,160,0.735249
116,160,0.730857
118,160,0.726506
120,160,0.705430
122,160,0.702028
124,160,0.698753
126,160,0.695145
128,160,0.691127
130,160,0.687230
132,160,0.683123
134,160,0.678973
136,160,0.672543
138,160,0.668375
140,160,0.663195
142,160,0.657873
144,160,0.653189
146,160,0.647529
148,160,0.641930
150,160,0.626882
152,160,0.622440
154,160,0.617443
156,160,0.611803
158,160,0.605641
160,160,0.597068
162,160,0.591012
164,160,0.584867
166,160,0.574383
168,160,0.567434
170,160,0.558667
172,160,0.550275
174,160,0.542652
176,160,0.533496
178,160,0.524529
180,160,0.484078
182,160,0.479180
184,160,0.474063
186,160,0.468001
188,160,0.461208
190,160,0.454476
192,160,0.447412
194,160,0.440213
196,160,0.428917
198,160,0.421830
200,160,0.412659
202,160,0.403644
204,160,0.395484
206,160,0.385713
208,160,0.376132
210,160,0.349718
212,160,0.342715
214,160,0.334512
216,160,0.325125
218,160,0.315236
220,160,0.299381
222,160,0.289906
224,160,0.280267
226,160,0.262773
228,160,0.251148
230,160,0.235986
232,160,0.222240
234,160,0.209158
236,160,0.193568
238,160,0.178007
240,160,0.165389
242,160,0.161197
244,160,0.156539
246,160,0.149618
248,160,0.143401
250,160,0.135785
252,160,0.128420
254,160,0.120459
256,160,0.113260
258,160,0.105626
260,160,0.097818
262,160,0.089751
264,160,0.081645
266,160,0.073494
268,160,0.065401
270,160,0.058503
272,160,0.052408
274,160,0.046267
276,160,0.040081
278,160,0.033905
280,160,0.028304
282,160,0.023286
284,160,0.018290
286,160,0.014077
288,160,0.010176
290,160,0.006799
292,160,0.004119
294,160,0.002003
296,160,0.000614
298,160,0.000000
0,162,0.892386
2,162,0.890108
4,162,0.887978
6,162,0.885871
8,162,0.883779
10,162,0.881710
12,162,0.879652
14,162,0.877608
16,162,0.875510
18,162,0.873484
20,162,0.871438
22,162,0.869392
24,162,0.867373
26,162,0.865327
28,162,0.863284
30,162,0.860802
32,162,0.858787
34,162,0.856760
36,162,0.854711
38,162,0.852633
40,162,0.850439
42,162,0.848362
44,162,0.846282
46,162,0.843929
48,162,0.841793
50,162,0.839554
52,162,0.837307
54,162,0.835119
56,162,0.832820
58,162,0.830522
60,162,0.824052
62,162,0.821671
64,162,0.819512
66,162,0.817288
68,162,0.814967
70,162,0.812682
72,162,0.810347
74,162,0.808004
76,162,0.805047
78,162,0.802688
80,162,0.800066
82,162,0.797382
84,162,0.794884
86,162,0.792109
88,162,0.789339
90,162,0.783484
92,162,0.780977
94,162,0.778319
96,162,0.775473
98,162,0.772423
100,162,0.768618
102,162,0.765568
104,162,0.762487
106,162,0.757799
108,162,0.754409
110,162,0.750398
112,162,0.746391
114,162,0.742728
116,162,0.738452
118,162,0.734217
120,162,0.712661
122,162,0.709371
124,162,0.706203
126,162,0.702709
128,162,0.698803
130,162,0.695025
132,162,0.691037
134,162,0.687011
136,162,0.680670
138,162,0.676630
140,162,0.671569
142,162,0.666371
144,162,0.661819
146,162,0.656288
148,162,0.650821
150,162,0.635331
152,162,0.631032
154,162,0.626178
156,162,0.620679
158,162,0.614655
160,162,0.605991
162,162,0.600082
164,162,0.594091
166,162,0.583340
168,162,0.576472
170,162,0.567576
172,162,0.559116
174,162,0.551500
176,162,0.542154
178,162,0.533011
180,162,0.491282
182,162,0.486529
184,162,0.481560
186,162,0.475567
188,162,0.468876
190,162,0.462197
192,162,0.455192
194,162,0.448050
196,162,0.436371
198,162,0.429355
200,162,0.419972
202,162,0.410781
204,162,0.402571
206,162,0.392452
208,162,0.382535
210,162,0.355732
212,162,0.348751
214,162,0.340465
216,162,0.330821
218,162,0.320597
220,162,0.304526
222,162,0.294746
224,162,0.284727
226,162,0.267056
228,162,0.255119
230,162,0.239719
232,162,0.225665
234,162,0.212315
236,162,0.196499
238,162,0.180713
240,162,0.167992
242,162,0.163692
244,162,0.158852
246,162,0.151804
248,162,0.145410
250,162,0.137666
252,162,0.130113
254,162,0.121983
256,162,0.114641
258,162,0.106839
260,162,0.098872
262,162,0.090670
264,162,0.082429
266,162,0.074169
268,162,0.065985
270,162,0.059000
272,162,0.052810
274,162,0.046583
276,162,0.040323
278,162,0.034093
280,162,0.028446
282,162,0.023380
284,162,0.018358
286,162,0.014115
288,162,0.010198
290,162,0.006811
292,162,0.004122
294,162,0.002004
296,162,0.000614
298,162,0.000000
0,164,0.895475
2,164,0.893263
4,164,0.891195
6,164,0.889149
8,164,0.887117
10,164,0.885107
12,164,0.883109
14,164,0.881123
16,164,0.879085
18,164,0.877117
20,164,0.875130
22,164,0.873143
24,164,0.871182
26,164,0.869194
28,164,0.867211
30,164,0.864803
32,164,0.862846
34,164,0.860878
36,164,0.858890
38,164,0.856874
40,164,0.854746
42,164,0.852731
44,164,0.850714
46,164,0.848434
48,164,0.846363
50,164,0.844194
52,164,0.842016
54,164,0.839897
56,164,0.837671
58,164,0.835446
60,164,0.829081
62,164,0.826773
64,164,0.824683
66,164,0.822532
68,164,0.820285
70,164,0.818075
72,164,0.815817
74,164,0.813552
76,164,0.810680
78,164,0.808400
80,164,0.805862
82,164,0.803264
84,164,0.800850
86,164,0.798165
88,164,0.795485
90,164,0.789732
92,164,0.787313
94,164,0.784747
96,164,0.781997
98,164,0.779044
100,164,0.775341
102,164,0.772391
104,164,0.769413
106,164,0.764839
108,164,0.761554
110,164,0.757658
112,164,0.753767
114,164,0.750218
116,164,0.746065
118,164,0.741955
120,164,0.719921
122,164,0.716742
124,164,0.713681
126,164,0.710303
128,164,0.706511
130,164,0.702853
132,164,0.698988
134,164,0.695087
136,164,0.688863
138,164,0.684953
140,164,0.680026
142,164,0.674964
144,164,0.670551
146,164,0.665167
148,164,0.659850
150,164,0.643864
152,164,0.639710
154,164,0.635013
156,164,0.629673
158,164,0.623816
160,164,0.615041
162,164,0.609305
164,164,0.603494
166,164,0.592427
168,164,0.585659
170,164,0.576605
172,164,0.568078
174,164,0.560478
176,164,0.550921
178,164,0.541602
180,164,0.498553
182,164,0.493961
184,164,0.489159
186,164,0.483235
188,164,0.476688
190,164,0.470067
192,164,0.463143
194,164,0.456084
196,164,0.443942
198,164,0.437027
200,164,0.427396
202,164,0.418015
204,164,0.409773
206,164,0.399264
208,164,0.388990
210,164,0.361813
212,164,0.354871
214,164,0.346511
216,164,0.336590
218,164,0.326004
220,164,0.309721
222,164,0.299620
224,164,0.289214
226,164,0.271357
228,164,0.259102
230,164,0.243466
232,164,0.229097
234,164,0.215487
236,164,0.199439
238,164,0.183428
240,164,0.170611
242,164,0.166204
244,164,0.161184
246,164,0.154001
248,164,0.147429
250,164,0.139555
252,164,0.131811
254,164,0.123508
256,164,0.116021
258,164,0.108050
260,164,0.099924
262,164,0.091586
264,164,0.083212
266,164,0.074843
268,164,0.066568
270,164,0.059497
272,164,0.053211
274,164,0.046899
276,164,0.040566
278,164,0.034282
280,164,0.028588
282,164,0.023475
284,164,0.018426
286,164,0.014154
288,164,0.010220
290,164,0.006823
292,164,0.004126
294,164,0.002005
296,164,0.000614
298,164,0.000000
0,166,0.898542
2,166,0.896395
4,166,0.894388
6,166,0.892403
8,166,0.890431
10,166,0.888480
12,166,0.886540
14,166,0.884612
16,166,0.882635
18,166,0.880724
20,166,0.878794
22,166,0.876866
24,166,0.874962
26,166,0.873033
28,166,0.871109
30,166,0.868775
32,166,0.866875
34,166,0.864966
36,166,0.863038
38,166,0.861083
40,166,0.859019
42,166,0.857067
44,166,0.855112
46,166,0.852903
48,166,0.850898
50,166,0.848797
52,166,0.846689
54,166,0.844638
56,166,0.842484
58,166,0.840331
60,166,0.834078
62,166,0.831842
64,166,0.829821
66,166,0.827740
68,166,0.825567
70,166,0.823432
72,166,0.821249
74,166,0.819061
76,166,0.816274
78,166,0.814073
80,166,0.811618
82,166,0.809105
84,166,0.806775
86,166,0.804178
88,166,0.801588
90,166,0.795930
92,166,0.793599
94,166,0.791123
96,166,0.788467
98,166,0.785612
100,166,0.782003
102,166,0.779154
104,166,0.776278
106,166,0.771805
108,166,0.768623
110,166,0.764832
112,166,0.761049
114,166,0.757608
116,166,0.753566
118,166,0.749568
120,166,0.727492
122,166,0.724421
124,166,0.721467
126,166,0.718201
128,166,0.714524
130,166,0.710982
132,166,0.707236
134,166,0.703458
136,166,0.697341
138,166,0.693557
140,166,0.688749
142,166,0.683815
144,166,0.679531
146,166,0.674278
148,166,0.669093
150,166,0.653707
152,166,0.649685
154,166,0.645117
156,166,0.639922
158,166,0.634211
160,166,0.625864
162,166,0.620279
164,166,0.614620
166,166,0.604299
168,166,0.597784
170,166,0.589362
172,166,0.581366
174,166,0.574180
176,166,0.565416
178,166,0.556867
180,166,0.508510
182,166,0.504077
184,166,0.499424
186,166,0.493847
188,166,0.487500
190,166,0.481264
192,166,0.474696
194,166,0.468015
196,166,0.456405
198,166,0.449867
200,166,0.440892
202,166,0.432166
204,166,0.424469
206,166,0.414921
208,166,0.405608
210,166,0.374094
212,166,0.367659
214,166,0.359862
216,166,0.350707
218,166,0.340945
220,166,0.323292
222,166,0.314044
224,166,0.304649
226,166,0.284729
228,166,0.272766
230,166,0.255929
232,166,0.241096
234,166,0.227092
236,166,0.209837
238,166,0.192737
240,166,0.178790
242,166,0.174883
244,166,0.170460
246,166,0.162999
248,166,0.156548
250,166,0.148239
252,166,0.140380
254,166,0.131767
256,166,0.123983
258,166,0.115702
260,166,0.107215
262,166,0.098353
264,166,0.089445
266,166,0.080440
268,166,0.071473
270,166,0.063892
272,166,0.057261
274,166,0.050553
276,166,0.043769
278,166,0.036968
280,166,0.030822
282,166,0.025340
284,166,0.019860
286,166,0.015269
288,166,0.011015
290,166,0.007340
292,166,0.004439
294,166,0.002152
296,166,0.000657
298,166,0.000000
0,168,0.901585
2,168,0.899502
4,168,0.897557
6,168,0.895631
8,168,0.893719
10,168,0.891826
12,168,0.889944
14,168,0.888073
16,168,0.886156
18,168,0.884302
20,168,0.882430
22,168,0.880559
24,168,0.878711
26,168,0.876841
28,168,0.874974
30,168,0.872714
32,168,0.870872
34,168,0.869021
36,168,0.867151
38,168,0.865257
40,168,0.863258
42,168,0.861366
44,168,0.859472
46,168,0.857336
48,168,0.855394
50,168,0.853361
52,168,0.851322
54,168,0.849338
56,168,0.847256
58,168,0.845175
60,168,0.839046
62,168,0.836880
64,168,0.834927
66,168,0.832917
68,168,0.830817
70,168,0.828754
72,168,0.826646
74,168,0.824534
76,168,0.821833
78,168,0.819710
80,168,0.817337
82,168,0.814910
84,168,0.812662
86,168,0.810153
88,168,0.807652
90,168,0.802101
92,168,0.799855
94,168,0.797469
96,168,0.794906
98,168,0.792149
100,168,0.788640
102,168,0.785890
104,168,0.783115
106,168,0.778752
108,168,0.775675
110,168,0.771995
112,168,0.768324
114,168,0.764994
116,168,0.761071
118,168,0.757193
120,168,0.734835
122,168,0.731873
124,168,0.729026
126,168,0.725873
128,168,0.722310
130,168,0.718888
132,168,0.715264
134,168,0.711610
136,168,0.705607
138,168,0.701952
140,168,0.697272
142,168,0.692472
144,168,0.688322
146,168,0.683210
148,168,0.678168
150,168,0.662564
152,168,0.658685
154,168,0.654265
156,168,0.649221
158,168,0.643662
160,168,0.635315
162,168,0.629889
164,168,0.624394
166,168,0.613959
168,168,0.607559
170,168,0.599108
172,168,0.591125
174,168,0.583999
176,168,0.575156
178,168,0.566534
180,168,0.516333
182,168,0.512046
184,168,0.507542
186,168,0.502077
188,168,0.495853
190,168,0.489715
192,168,0.483249
194,168,0.476671
196,168,0.464868
198,168,0.458438
200,168,0.449394
202,168,0.440604
204,168,0.432933
206,168,0.423201
208,168,0.413709
210,168,0.381243
212,168,0.374886
214,168,0.367116
216,168,0.357863
218,168,0.347974
220,168,0.329900
222,168,0.320548
224,168,0.311010
226,168,0.290638
228,168,0.278475
230,168,0.261251
232,168,0.246128
234,168,0.231887
236,168,0.214259
238,168,0.196782
240,168,0.182510
242,168,0.178636
244,168,0.174221
246,168,0.166624
248,168,0.160091
250,168,0.151593
252,168,0.143599
254,168,0.134823
256,168,0.126889
258,168,0.118452
260,168,0.109803
262,168,0.100749
264,168,0.091654
266,168,0.082450
268,168,0.073284
270,168,0.065552
272,168,0.058789
274,168,0.051939
276,168,0.045001
278,168,0.038034
280,168,0.031739
282,168,0.026123
284,168,0.020490
286,168,0.015775
288,168,0.011394
290,168,0.007601
292,168,0.004605
294,168,0.002236
296,168,0.000684
298,168,0.000000
0,170,0.904605
2,170,0.902587
4,170,0.900702
6,170,0.898836
8,170,0.896982
10,170,0.895147
12,170,0.893323
14,170,0.891509
16,170,0.889650
18,170,0.887852
20,170,0.886037
22,170,0.884224
24,170,0.882432
26,170,0.880619
28,170,0.878809
30,170,0.876624
32,170,0.874837
34,170,0.873043
36,170,0.871232
38,170,0.869398
40,170,0.867462
42,170,0.865631
44,170,0.863798
46,170,0.861732
48,170,0.859854
50,170,0.857888
52,170,0.855917
54,170,0.853999
56,170,0.851987
58,170,0.849977
60,170,0.843981
62,170,0.841886
64,170,0.839999
66,170,0.838058
68,170,0.836031
70,170,0.834040
72,170,0.832006
74,170,0.829969
76,170,0.827354
78,170,0.825308
80,170,0.823016
82,170,0.820673
84,170,0.818506
86,170,0.816085
88,170,0.813672
90,170,0.808232
92,170,0.806071
94,170,0.803773
96,170,0.801303
98,170,0.798641
100,170,0.795233
102,170,0.792581
104,170,0.789905
106,170,0.785655
108,170,0.782681
110,170,0.779113
112,170,0.775554
114,170,0.772333
116,170,0.768530
118,170,0.764770
120,170,0.742308
122,170,0.739454
124,170,0.736712
126,170,0.733671
128,170,0.730224
130,170,0.726919
132,170,0.723417
134,170,0.719886
136,170,0.714010
138,170,0.710483
140,170,0.705933
142,170,0.701272
144,170,0.697256
146,170,0.692289
148,170,0.687393
150,170,0.672011
152,170,0.668269
154,170,0.663989
156,170,0.659099
158,170,0.653701
160,170,0.645587
162,170,0.640324
164,170,0.634993
166,170,0.624904
168,170,0.618705
170,170,0.610581
172,170,0.602904
174,170,0.596043
176,170,0.587612
178,170,0.579409
180,170,0.525127
182,170,0.520993
184,170,0.516644
186,170,0.511402
188,170,0.505354
190,170,0.499455
192,170,0.493224
194,170,0.486888
196,170,0.475269
198,170,0.469082
200,170,0.460347
202,170,0.451883
204,170,0.444510
206,170,0.435226
208,170,0.426205
210,170,0.390681
212,170,0.384610
214,170,0.377138
216,170,0.368253
218,170,0.358758
220,170,0.339670
222,170,0.330737
224,170,0.321694
226,170,0.299880
228,170,0.287813
230,170,0.269692
232,170,0.254186
234,170,0.239613
236,170,0.221150
238,170,0.202956
240,170,0.187906
242,170,0.184301
244,170,0.180198
246,170,0.172350
248,170,0.165822
250,170,0.156974
252,170,0.148863
254,170,0.139843
256,170,0.131670
258,170,0.122994
260,170,0.114095
262,170,0.104694
264,170,0.095259
266,170,0.085657
268,170,0.076067
270,170,0.068017
272,170,0.061037
274,170,0.053947
276,170,0.046744
278,170,0.039480
280,170,0.032929
282,170,0.027104
284,170,0.021236
286,170,0.016347
288,170,0.011796
290,170,0.007860
292,170,0.004759
294,170,0.002307
296,170,0.000705
298,170,0.000000
0,172,0.907603
2,172,0.905648
4,172,0.903823
6,172,0.902016
8,172,0.900221
10,172,0.898443
12,172,0.896675
14,172,0.894918
16,172,0.893118
18,172,0.891376
20,172,0.889617
22,172,0.887859
24,172,0.886123
26,172,0.884366
28,172,0.882613
30,172,0.880502
32,172,0.878772
34,172,0.877034
36,172,0.875280
38,172,0.873505
40,172,0.871633
42,172,0.869861
44,172,0.868087
46,172,0.866093
48,172,0.864276
50,172,0.862378
52,172,0.860474
54,172,0.858621
56,172,0.856679
58,172,0.854739
60,172,0.848882
62,172,0.846856
64,172,0.845035
66,172,0.843163
68,172,0.841207
70,172,0.839287
72,172,0.837326
74,172,0.835363
76,172,0.832833
78,172,0.830862
80,172,0.828651
82,172,0.826391
84,172,0.824304
86,172,0.821969
88,172,0.819644
90,172,0.814314
92,172,0.812237
94,172,0.810025
96,172,0.807646
98,172,0.805079
100,172,0.801769
102,172,0.799214
104,172,0.796637
106,172,0.792495
108,172,0.789621
110,172,0.786162
112,172,0.782712
114,172,0.779598
116,172,0.775909
118,172,0.772265
120,172,0.749754
122,172,0.747007
124,172,0.744369
126,172,0.741440
128,172,0.738107
130,172,0.734918
132,172,0.731536
134,172,0.728128
136,172,0.722386
138,172,0.718984
140,172,0.714568
142,172,0.710046
144,172,0.706165
146,172,0.701343
148,172,0.696595
150,172,0.681372
152,172,0.677769
154,172,0.673637
156,172,0.668910
158,172,0.663686
160,172,0.655738
162,172,0.650652
164,172,0.645503
166,172,0.635628
168,172,0.629611
170,172,0.621703
172,172,0.614238
174,172,0.607580
176,172,0.599375
178,172,0.591391
180,172,0.533763
182,172,0.529784
184,172,0.525588
186,172,0.520535
188,172,0.514671
190,172,0.508976
192,172,0.502954
194,172,0.496836
196,172,0.485313
198,172,0.479352
200,172,0.470799
202,172,0.462536
204,172,0.455392
206,172,0.446302
208,172,0.437470
210,172,0.399588
212,172,0.393748
214,172,0.386505
216,172,0.377829
218,172,0.368542
220,172,0.348625
222,172,0.339918
224,172,0.331098
226,172,0.308204
228,172,0.296111
230,172,0.277246
232,172,0.261374
234,172,0.246490
236,172,0.227347
238,172,0.208553
240,172,0.192876
242,172,0.189476
244,172,0.185584
246,172,0.177528
248,172,0.170975
250,172,0.161809
252,172,0.153568
254,172,0.144327
256,172,0.135936
258,172,0.127036
260,172,0.117910
262,172,0.108201
264,172,0.098470
266,172,0.088531
268,172,0.078595
270,172,0.070288
272,172,0.063115
274,172,0.055811
276,172,0.048375
278,172,0.040856
280,172,0.034083
282,172,0.028069
284,172,0.021989
286,172,0.016937
288,172,0.012225
290,172,0.008145
292,172,0.004936
294,172,0.002393
296,172,0.000731
298,172,0.000000
0,174,0.910578
2,174,0.908686
4,174,0.906921
6,174,0.905172
8,174,0.903435
10,174,0.901714
12,174,0.900003
14,174,0.898301
16,174,0.896559
18,174,0.894871
20,174,0.893168
22,174,0.891467
24,174,0.889785
26,174,0.888084
28,174,0.886387
30,174,0.884351
32,174,0.882675
34,174,0.880993
36,174,0.879296
38,174,0.877579
40,174,0.875770
42,174,0.874056
44,174,0.872342
46,174,0.870417
48,174,0.868662
50,174,0.866829
52,174,0.864993
54,174,0.863204
56,174,0.861331
58,174,0.859460
60,174,0.853749
62,174,0.851791
64,174,0.850035
66,174,0.848230
68,174,0.846345
70,174,0.844495
72,174,0.842606
74,174,0.840715
76,174,0.838269
78,174,0.836373
80,174,0.834241
82,174,0.832064
84,174,0.830056
86,174,0.827807
88,174,0.825566
90,174,0.820349
92,174,0.818354
94,174,0.816228
96,174,0.813938
98,174,0.811464
100,174,0.808252
102,174,0.805792
104,174,0.803312
106,174,0.799278
108,174,0.796504
110,174,0.793152
112,174,0.789810
114,174,0.786802
116,174,0.783226
118,174,0.779695
120,174,0.757158
122,174,0.754516
124,174,0.751981
126,174,0.749161
128,174,0.745942
130,174,0.742868
132,174,0.739604
134,174,0.736316
136,174,0.730705
138,174,0.727428
140,174,0.723141
142,174,0.718754
144,174,0.715004
146,174,0.710323
148,174,0.705716
150,174,0.690540
152,174,0.687071
154,174,0.683083
156,174,0.678508
158,174,0.673441
160,174,0.665586
162,174,0.660658
164,174,0.655668
166,174,0.645862
168,174,0.639982
170,174,0.632167
172,174,0.624809
174,174,0.618269
176,174,0.610135
178,174,0.602225
180,174,0.541925
182,174,0.538084
184,174,0.534031
186,174,0.529122
188,174,0.523417
190,174,0.517872
192,174,0.512002
194,174,0.506036
196,174,0.494448
198,174,0.488648
200,174,0.480124
202,174,0.471912
204,174,0.464877
206,174,0.455771
208,174,0.446929
210,174,0.407403
212,174,0.401711
214,174,0.394585
216,174,0.385955
218,174,0.376695
220,174,0.356155
222,174,0.347501
224,174,0.338720
226,174,0.315070
228,174,0.302874
230,174,0.283453
232,174,0.267260
234,174,0.252110
236,174,0.232446
238,174,0.213175
240,174,0.197015
242,174,0.193740
244,174,0.189964
246,174,0.181732
248,174,0.175128
250,174,0.165709
252,174,0.157348
254,174,0.147924
256,174,0.139354
258,174,0.130272
260,174,0.120962
262,174,0.111015
264,174,0.101053
266,174,0.090855
268,174,0.080654
270,174,0.072147
272,174,0.064818
274,174,0.057343
276,174,0.049720
278,174,0.041998
280,174,0.035046
282,174,0.028878
284,174,0.022625
286,174,0.017437
288,174,0.012589
290,174,0.008390
292,174,0.005087
294,174,0.002467
296,174,0.000753
298,174,0.000000
0,176,0.913531
2,176,0.911702
4,176,0.909996
6,176,0.908305
8,176,0.906625
10,176,0.904961
12,176,0.903305
14,176,0.901658
16,176,0.899974
18,176,0.898341
20,176,0.896693
22,176,0.895047
24,176,0.893419
26,176,0.891774
28,176,0.890131
30,176,0.888170
32,176,0.886548
34,176,0.884921
36,176,0.883280
38,176,0.881621
40,176,0.879874
42,176,0.878218
44,176,0.876562
46,176,0.874707
48,176,0.873013
50,176,0.871245
52,176,0.869475
54,176,0.867749
56,176,0.865945
58,176,0.864142
60,176,0.858579
62,176,0.856688
64,176,0.854997
66,176,0.853258
68,176,0.851442
70,176,0.849661
72,176,0.847843
74,176,0.846024
76,176,0.843662
78,176,0.841839
80,176,0.839786
82,176,0.837689
84,176,0.835759
86,176,0.833594
88,176,0.831438
90,176,0.826328
92,176,0.824413
94,176,0.822371
96,176,0.820170
98,176,0.817788
100,176,0.814669
102,176,0.812303
104,176,0.809917
106,176,0.805987
108,176,0.803310
110,176,0.800060
112,176,0.796822
114,176,0.793915
116,176,0.790447
118,176,0.787024
120,176,0.764670
122,176,0.762131
124,176,0.759698
126,176,0.756987
128,176,0.753881
130,176,0.750920
132,176,0.747774
134,176,0.744606
136,176,0.739129
138,176,0.735975
140,176,0.731817
142,176,0.727566
144,176,0.723945
146,176,0.719406
148,176,0.714941
150,176,0.700220
152,176,0.696885
154,176,0.693038
156,176,0.688619
158,176,0.683717
160,176,0.676159
162,176,0.671399
164,176,0.666579
166,176,0.657220
168,176,0.651556
170,176,0.644121
172,176,0.637100
174,176,0.630846
176,176,0.623149
178,176,0.615661
180,176,0.550936
182,176,0.547243
184,176,0.543335
186,176,0.538650
188,176,0.533124
190,176,0.527820
192,176,0.522184
194,176,0.516464
196,176,0.505255
198,176,0.499702
200,176,0.491549
202,176,0.483708
204,176,0.476987
206,176,0.468348
208,176,0.459970
210,176,0.417059
212,176,0.411629
214,176,0.404829
216,176,0.396624
218,176,0.387851
220,176,0.366148
222,176,0.357967
224,176,0.349692
226,176,0.324501
228,176,0.312433
230,176,0.291997
232,176,0.275436
234,176,0.259953
236,176,0.239410
238,176,0.219422
240,176,0.202395
242,176,0.199441
244,176,0.196036
246,176,0.187544
248,176,0.180972
250,176,0.171122
252,176,0.162678
254,176,0.153021
256,176,0.144197
258,176,0.134875
260,176,0.125332
262,176,0.115026
264,176,0.104733
266,176,0.094131
268,176,0.083512
270,176,0.074700
272,176,0.067160
274,176,0.059448
276,176,0.051562
278,176,0.043542
280,176,0.036335
282,176,0.029956
284,176,0.023459
286,176,0.018090
288,176,0.013059
290,176,0.008700
292,176,0.005278
294,176,0.002559
296,176,0.000781
298,176,0.000000
0,178,0.916463
2,178,0.914697
4,178,0.913049
6,178,0.911416
8,178,0.909792
10,178,0.908183
12,178,0.906582
14,178,0.904990
16,178,0.903363
18,178,0.901783
20,178,0.900190
22,178,0.898599
24,178,0.897024
26,178,0.895434
28,178,0.893847
30,178,0.891960
32,178,0.890392
34,178,0.888818
36,178,0.887233
38,178,0.885631
40,178,0.883946
42,178,0.882347
44,178,0.880748
46,178,0.878963
48,178,0.877329
50,178,0.875626
52,178,0.873920
54,178,0.872257
56,178,0.870521
58,178,0.868786
60,178,0.863372
62,178,0.861548
64,178,0.859919
66,178,0.858245
68,178,0.856498
70,178,0.854784
72,178,0.853036
74,178,0.851288
76,178,0.849009
78,178,0.847258
80,178,0.845281
82,178,0.843265
84,178,0.841411
86,178,0.839329
88,178,0.837256
90,178,0.832248
92,178,0.830412
94,178,0.828452
96,178,0.826337
98,178,0.824045
100,178,0.821017
102,178,0.818742
104,178,0.816449
106,178,0.812615
108,178,0.810032
110,178,0.806880
112,178,0.803741
114,178,0.800932
116,178,0.797566
118,178,0.794245
120,178,0.772180
122,178,0.769742
124,178,0.767410
126,178,0.764804
128,178,0.761811
130,178,0.758962
132,178,0.755931
134,178,0.752881
136,178,0.747536
138,178,0.744503
140,178,0.740469
142,178,0.736350
144,178,0.732856
146,178,0.728452
148,178,0.724123
150,178,0.709887
152,178,0.706684
154,178,0.702976
156,178,0.698709
158,178,0.693969
160,178,0.686697
162,178,0.682100
164,178,0.677445
166,178,0.668483
168,178,0.663025
170,178,0.655912
172,178,0.649179
174,178,0.643178
176,178,0.635826
178,178,0.628665
180,178,0.559866
182,178,0.556315
184,178,0.552547
186,178,0.548062
188,178,0.542700
190,178,0.537605
192,178,0.532168
194,178,0.526654
196,178,0.515860
198,178,0.510525
200,178,0.502706
202,178,0.495180
204,178,0.488733
206,178,0.480449
208,178,0.472416
210,178,0.426407
212,178,0.421185
214,178,0.414679
216,178,0.406837
218,178,0.398514
220,178,0.375704
222,178,0.367936
224,178,0.360065
226,178,0.333478
228,178,0.321510
230,178,0.300101
232,178,0.283206
234,178,0.267402
236,178,0.246041
238,178,0.225406
240,178,0.207546
242,178,0.204905
244,178,0.201856
246,178,0.193123
248,178,0.186586
250,178,0.176290
252,178,0.167780
254,178,0.157909
256,178,0.148838
258,178,0.139286
260,178,0.129531
262,178,0.118880
264,178,0.108276
266,178,0.097289
268,178,0.086274
270,178,0.077177
272,178,0.069436
274,178,0.061496
276,178,0.053357
278,178,0.045052
280,178,0.037599
282,178,0.031015
284,178,0.024281
286,178,0.018734
288,178,0.013525
290,178,0.009008
292,178,0.005468
294,178,0.002650
296,178,0.000809
298,178,0.000000
0,180,0.919375
2,180,0.917671
4,180,0.916081
6,180,0.914505
8,180,0.912938
10,180,0.911384
12,180,0.909838
14,180,0.908299
16,180,0.906730
18,180,0.905203
20,180,0.903664
22,180,0.902127
24,180,0.900606
26,180,0.899070
28,180,0.897536
30,180,0.895725
32,180,0.894210
34,180,0.892690
36,180,0.891160
38,180,0.889614
40,180,0.887991
42,180,0.886448
44,180,0.884906
46,180,0.883191
48,180,0.881616
50,180,0.879977
52,180,0.878336
54,180,0.876735
56,180,0.875066
58,180,0.873399
60,180,0.868134
62,180,0.866376
64,180,0.864809
66,180,0.863200
68,180,0.861520
70,180,0.859873
72,180,0.858194
74,180,0.856515
76,180,0.854319
78,180,0.852638
80,180,0.850738
82,180,0.848801
84,180,0.847022
86,180,0.845022
88,180,0.843032
90,180,0.838120
92,180,0.836361
94,180,0.834482
96,180,0.832452
98,180,0.830249
100,180,0.827307
102,180,0.825122
104,180,0.822922
106,180,0.819177
108,180,0.816687
110,180,0.813627
112,180,0.810583
114,180,0.807869
116,180,0.804598
118,180,0.801374
120,180,0.779353
122,180,0.777013
124,180,0.774776
126,180,0.772268
128,180,0.769377
130,180,0.766629
132,180,0.763704
134,180,0.760761
136,180,0.755505
138,180,0.752581
140,180,0.748647
142,180,0.744634
144,180,0.741248
146,180,0.736949
148,180,0.732725
150,180,0.718812
152,180,0.715720
154,180,0.712120
156,180,0.707966
158,180,0.703334
160,180,0.696313
162,180,0.691826
164,180,0.687280
166,180,0.678684
168,180,0.673389
170,180,0.666591
172,180,0.660133
174,180,0.654363
176,180,0.647395
178,180,0.640616
180,180,0.594678
182,180,0.591280
184,180,0.587712
186,180,0.583541
188,180,0.578618
190,180,0.573924
192,180,0.568944
194,180,0.563895
196,180,0.554912
198,180,0.550020
200,180,0.543242
202,180,0.536754
204,180,0.530999
206,180,0.523998
208,180,0.517180
210,180,0.494688
212,180,0.489947
214,180,0.484252
216,180,0.477804
218,180,0.471015
220,180,0.459182
222,180,0.452737
224,180,0.446239
226,180,0.433964
228,180,0.425851
230,180,0.415966
232,180,0.406824
234,180,0.398214
236,180,0.388364
238,180,0.378647
240,180,0.281929
242,180,0.279671
244,180,0.277001
246,180,0.273462
248,180,0.269193
250,180,0.264979
252,180,0.260629
254,180,0.256109
256,180,0.246559
258,180,0.242391
260,180,0.235326
262,180,0.229566
264,180,0.224023
266,180,0.217505
268,180,0.211150
270,180,0.169376
272,180,0.165660
274,180,0.159996
276,180,0.153791
278,180,0.147915
280,180,0.123130
282,180,0.117351
284,180,0.111571
286,180,0.093804
288,180,0.079645
290,180,0.067643
292,180,0.053353
294,180,0.039778
296,180,0.024274
298,180,0.008243
0,182,0.923434
2,182,0.921780
4,182,0.920239
6,182,0.918712
8,182,0.917195
10,182,0.915690
12,182,0.914192
14,182,0.912702
16,182,0.911180
18,182,0.909701
20,182,0.908209
22,182,0.906719
24,182,0.905244
26,182,0.903755
28,182,0.902269
30,182,0.900504
32,182,0.899036
34,182,0.897563
36,182,0.896079
38,182,0.894580
40,182,0.893005
42,182,0.891509
44,182,0.890014
46,182,0.888350
48,182,0.886823
50,182,0.885234
52,182,0.883644
54,182,0.882092
56,182,0.880475
58,182,0.878861
60,182,0.873609
62,182,0.871903
64,182,0.870390
66,182,0.868836
68,182,0.867213
70,182,0.865624
72,182,0.864003
74,182,0.862383
76,182,0.860250
78,182,0.858630
80,182,0.856793
82,182,0.854922
84,182,0.853207
86,182,0.851276
88,182,0.849355
90,182,0.844487
92,182,0.842797
94,182,0.840990
96,182,0.839036
98,182,0.836910
100,182,0.834036
102,182,0.831932
104,182,0.829814
106,182,0.826138
108,182,0.823729
110,182,0.820748
112,182,0.817787
114,182,0.815158
116,182,0.811972
118,182,0.808833
120,182,0.786245
122,182,0.783994
124,182,0.781847
126,182,0.779429
128,182,0.776630
130,182,0.773976
132,182,0.771146
134,182,0.768300
136,182,0.763083
138,182,0.760261
140,182,0.756404
142,182,0.752472
144,182,0.749183
146,182,0.744962
148,182,0.740820
150,182,0.726479
152,182,0.723493
154,182,0.719991
156,182,0.715919
158,182,0.711353
160,182,0.704230
162,182,0.699816
164,182,0.695342
166,182,0.686506
168,182,0.681223
170,182,0.674293
172,182,0.667734
174,182,0.661916
176,182,0.654769
178,182,0.647818
180,182,0.600477
182,182,0.597142
184,182,0.593625
186,182,0.589461
188,182,0.584532
190,182,0.579824
192,182,0.574822
194,182,0.569751
196,182,0.560489
198,182,0.555569
200,182,0.548626
202,182,0.541983
204,182,0.536132
206,182,0.528899
208,182,0.521856
210,182,0.498900
212,182,0.494099
214,182,0.488297
216,182,0.481681
218,182,0.474702
220,182,0.462656
222,182,0.456043
224,182,0.449364
226,182,0.436901
228,182,0.428628
230,182,0.418575
232,182,0.409279
234,182,0.400534
236,182,0.390547
238,182,0.380706
240,182,0.283366
242,182,0.281066
244,182,0.278337
246,182,0.274737
248,182,0.270364
250,182,0.266067
252,182,0.261626
254,182,0.257006
256,182,0.247395
258,182,0.243156
260,182,0.236034
262,182,0.230217
264,182,0.224625
266,182,0.218068
268,182,0.211677
270,182,0.169756
272,182,0.165988
274,182,0.160290
276,182,0.154061
278,182,0.148165
280,182,0.123308
282,182,0.117509
284,182,0.111716
286,182,0.093906
288,182,0.079720
290,182,0.067698
292,182,0.053389
294,182,0.039798
296,182,0.024282
298,182,0.008244
0,184,0.926217
2,184,0.924625
4,184,0.923142
6,184,0.921672
8,184,0.920211
10,184,0.918761
12,184,0.917318
14,184,0.915882
16,184,0.914417
18,184,0.912991
20,184,0.911553
22,184,0.910118
24,184,0.908695
26,184,0.907260
28,184,0.905828
30,184,0.904139
32,184,0.902723
34,184,0.901304
36,184,0.899875
38,184,0.898432
40,184,0.896917
42,184,0.895478
44,184,0.894039
46,184,0.892444
48,184,0.890976
50,184,0.889451
52,184,0.887925
54,184,0.886435
56,184,0.884885
58,184,0.883337
60,184,0.878254
62,184,0.876614
64,184,0.875162
66,184,0.873672
68,184,0.872117
70,184,0.870593
72,184,0.869040
74,184,0.867489
76,184,0.865440
78,184,0.863890
80,184,0.862130
82,184,0.860338
84,184,0.858698
86,184,0.856849
88,184,0.855011
90,184,0.850255
92,184,0.848641
94,184,0.846914
96,184,0.845045
98,184,0.843009
100,184,0.840227
102,184,0.838214
104,184,0.836189
106,184,0.832615
108,184,0.830301
110,184,0.827420
112,184,0.824560
114,184,0.822031
116,184,0.818950
118,184,0.815918
120,184,0.792888
122,184,0.790735
124,184,0.788683
126,184,0.786364
128,184,0.783667
130,184,0.781116
132,184,0.778392
134,184,0.775655
136,184,0.770510
138,184,0.767799
140,184,0.764040
142,184,0.760210
144,184,0.757033
146,184,0.752915
148,184,0.748879
150,184,0.734128
152,184,0.731261
154,184,0.727878
156,184,0.723918
158,184,0.719452
160,184,0.712234
162,184,0.707929
164,184,0.703565
166,184,0.694485
168,184,0.689241
170,184,0.682185
172,184,0.675542
174,184,0.669698
176,184,0.662368
178,184,0.655242
180,184,0.606547
182,184,0.603293
184,184,0.599853
186,184,0.595723
188,184,0.590805
190,184,0.586099
192,184,0.581081
194,184,0.575984
196,184,0.566463
198,184,0.561529
200,184,0.554422
202,184,0.547616
204,184,0.541671
206,184,0.534186
208,184,0.526897
210,184,0.503528
212,184,0.498659
214,184,0.492741
216,184,0.485935
218,184,0.478749
220,184,0.466489
222,184,0.459681
224,184,0.452786
226,184,0.440147
228,184,0.431689
230,184,0.421460
232,184,0.412000
234,184,0.403102
236,184,0.392975
238,184,0.383002
240,184,0.285071
242,184,0.282730
244,184,0.279928
246,184,0.276221
248,184,0.271733
250,184,0.267320
252,184,0.262757
254,184,0.258011
256,184,0.248346
258,184,0.243998
260,184,0.236809
262,184,0.230919
264,184,0.225265
266,184,0.218663
268,184,0.212231
270,184,0.170177
272,184,0.166335
274,184,0.160593
276,184,0.154336
278,184,0.148417
280,184,0.123489
282,184,0.117667
284,184,0.111860
286,184,0.094008
288,184,0.079794
290,184,0.067752
292,184,0.053423
294,184,0.039818
296,184,0.024290
298,184,0.008245
0,186,0.928984
2,186,0.927453
4,186,0.926028
6,186,0.924615
8,186,0.923209
10,186,0.921814
12,186,0.920425
14,186,0.919042
16,186,0.917633
18,186,0.916260
20,186,0.914876
22,186,0.913494
24,186,0.912124
26,186,0.910742
28,186,0.909363
30,186,0.907750
32,186,0.906387
34,186,0.905020
36,186,0.903644
38,186,0.902257
40,186,0.900803
42,186,0.899419
44,186,0.898035
46,186,0.896509
48,186,0.895099
50,186,0.893637
52,186,0.892175
54,186,0.890745
56,186,0.889261
58,186,0.887779
60,186,0.882878
62,186,0.881303
64,186,0.879911
66,186,0.878484
68,186,0.876995
70,186,0.875536
72,186,0.874051
74,186,0.872567
76,186,0.870604
78,186,0.869122
80,186,0.867438
82,186,0.865725
84,186,0.864159
86,186,0.862392
88,186,0.860636
90,186,0.856000
92,186,0.854462
94,186,0.852814
96,186,0.851031
98,186,0.849085
100,186,0.846396
102,186,0.844475
104,186,0.842543
106,186,0.839074
108,186,0.836856
110,186,0.834077
112,186,0.831321
114,186,0.828892
116,186,0.825920
118,186,0.822996
120,186,0.799642
122,186,0.797588
124,186,0.795630
126,186,0.793412
128,186,0.790819
130,186,0.788374
132,186,0.785760
134,186,0.783135
136,186,0.778074
138,186,0.775478
140,186,0.771824
142,186,0.768105
144,186,0.765044
146,186,0.761039
148,186,0.757117
150,186,0.742216
152,186,0.739471
154,186,0.736209
156,186,0.732368
158,186,0.728015
160,186,0.720843
162,186,0.716658
164,186,0.712418
166,186,0.703353
168,186,0.698214
170,186,0.691232
172,186,0.684671
174,186,0.678928
176,186,0.671677
178,186,0.664633
180,186,0.613198
182,186,0.610040
184,186,0.606704
186,186,0.602668
188,186,0.597778
190,186,0.593134
192,186,0.588159
194,186,0.583099
196,186,0.573427
198,186,0.568531
200,186,0.561396
202,186,0.554558
204,186,0.548609
206,186,0.541083
208,186,0.533762
210,186,0.509075
212,186,0.504201
214,186,0.498239
216,186,0.491351
218,186,0.484069
220,186,0.471371
222,186,0.464477
224,186,0.457507
226,186,0.444348
228,186,0.435730
230,186,0.425156
232,186,0.415470
234,186,0.406369
236,186,0.395974
238,186,0.385768
240,186,0.287255
242,186,0.284922
244,186,0.282092
246,186,0.278255
248,186,0.273683
250,186,0.269144
252,186,0.264496
254,186,0.259681
256,186,0.249726
258,186,0.245272
260,186,0.237924
262,186,0.231925
264,186,0.226166
266,186,0.219454
268,186,0.212932
270,186,0.170787
272,186,0.166884
274,186,0.161048
276,186,0.154703
278,186,0.148727
280,186,0.123753
282,186,0.117867
284,186,0.112023
286,186,0.094126
288,186,0.079881
290,186,0.067811
292,186,0.053460
294,186,0.039837
296,186,0.024297
298,186,0.008246
0,188,0.931736
2,188,0.930266
4,188,0.928898
6,188,0.927540
8,188,0.926190
10,188,0.924849
12,188,0.923513
14,188,0.922183
16,188,0.920830
18,188,0.919508
20,188,0.918178
22,188,0.916849
24,188,0.915530
26,188,0.914202
28,188,0.912875
30,188,0.911338
32,188,0.910026
34,188,0.908711
36,188,0.907389
38,188,0.906055
40,188,0.904663
42,188,0.903333
44,188,0.902004
46,188,0.900546
48,188,0.899193
50,188,0.897793
52,188,0.896394
54,188,0.895024
56,188,0.893605
58,188,0.892187
60,188,0.887478
62,188,0.885968
64,188,0.884636
66,188,0.883270
68,188,0.881847
70,188,0.880452
72,188,0.879033
74,188,0.877616
76,188,0.875738
78,188,0.874324
80,188,0.872716
82,188,0.871081
84,188,0.869587
86,188,0.867902
88,188,0.866228
90,188,0.861722
92,188,0.860258
94,188,0.858689
96,188,0.856990
98,188,0.855134
100,188,0.852541
102,188,0.850711
104,188,0.848871
106,188,0.845514
108,188,0.843391
110,188,0.840717
112,188,0.838069
114,188,0.835741
116,188,0.832880
118,188,0.830068
120,188,0.806397
122,188,0.804440
124,188,0.802576
126,188,0.800459
128,188,0.797973
130,188,0.795635
132,188,0.793132
134,188,0.790620
136,188,0.785657
138,188,0.783177
140,188,0.779636
142,188,0.776035
144,188,0.773095
146,188,0.769211
148,188,0.765413
150,188,0.750301
152,188,0.747682
154,188,0.744548
156,188,0.740836
158,188,0.736610
160,188,0.729451
162,188,0.725399
164,188,0.721294
166,188,0.712186
168,188,0.707145
170,188,0.700198
172,188,0.693693
174,188,0.688031
176,188,0.680808
178,188,0.673799
180,188,0.620484
182,188,0.617458
184,188,0.614249
186,188,0.610311
188,188,0.605548
190,188,0.601006
192,188,0.596144
194,188,0.591204
196,188,0.581268
198,188,0.576501
200,188,0.569259
202,188,0.562381
204,188,0.556462
206,188,0.548778
208,188,0.541294
210,188,0.515878
212,188,0.511094
214,188,0.505107
216,188,0.498075
218,188,0.490553
220,188,0.477633
222,188,0.470522
224,188,0.463247
226,188,0.449824
228,188,0.440974
230,188,0.430098
232,188,0.420125
234,188,0.410750
236,188,0.400116
238,188,0.389698
240,188,0.290430
242,188,0.288090
244,188,0.285258
246,188,0.281419
248,188,0.276639
250,188,0.271959
252,188,0.267070
254,188,0.261946
256,188,0.251919
258,188,0.247221
260,188,0.239731
262,188,0.233498
264,188,0.227476
266,188,0.220621
268,188,0.213972
270,188,0.171876
272,188,0.167707
274,188,0.161684
276,188,0.155231
278,188,0.149145
280,188,0.124149
282,188,0.118142
284,188,0.112223
286,188,0.094266
288,188,0.079981
290,188,0.067876
292,188,0.053498
294,188,0.039857
296,188,0.024304
298,188,0.008247
0,190,0.934472
2,190,0.933063
4,190,0.931751
6,190,0.930449
8,190,0.929153
10,190,0.927865
12,190,0.926583
14,190,0.925305
16,190,0.924007
18,190,0.922737
20,190,0.921459
22,190,0.920183
24,190,0.918916
26,190,0.917640
28,190,0.916366
30,190,0.914902
32,190,0.913641
34,190,0.912378
36,190,0.911108
38,190,0.909829
40,190,0.908496
42,190,0.907220
44,190,0.905945
46,190,0.904554
48,190,0.903258
50,190,0.901920
52,190,0.900582
54,190,0.899270
56,190,0.897915
58,190,0.896562
60,190,0.892055
62,190,0.890608
64,190,0.889334
66,190,0.888030
68,190,0.886671
70,190,0.885340
72,190,0.883986
74,190,0.882634
76,190,0.880842
78,190,0.879494
80,190,0.877961
82,190,0.876404
84,190,0.874980
86,190,0.873376
88,190,0.871783
90,190,0.867416
92,190,0.866024
94,190,0.864533
96,190,0.862917
98,190,0.861151
100,190,0.858657
102,190,0.856916
104,190,0.855168
106,190,0.851928
108,190,0.849901
110,190,0.847335
112,190,0.844795
114,190,0.842570
116,190,0.839824
118,190,0.837127
120,190,0.813222
122,190,0.811361
124,190,0.809590
126,190,0.807575
128,190,0.805197
130,190,0.802968
132,190,0.800578
134,190,0.798181
136,190,0.793331
138,190,0.790969
140,190,0.787546
142,190,0.784072
144,190,0.781255
146,190,0.777504
148,190,0.773839
150,190,0.758643
152,190,0.756150
154,190,0.753146
156,190,0.749571
158,190,0.745482
160,190,0.738403
162,190,0.734492
164,190,0.730533
166,190,0.721492
168,190,0.716586
170,190,0.709756
172,190,0.703384
174,190,0.697861
176,190,0.690783
178,190,0.683935
180,190,0.627619
182,190,0.624714
184,190,0.621632
186,190,0.617803
188,190,0.613138
190,190,0.608695
192,190,0.603931
194,190,0.599090
196,190,0.588982
198,190,0.584318
200,190,0.577053
202,190,0.570188
204,190,0.564318
206,190,0.556613
208,190,0.549129
210,190,0.522239
212,190,0.517518
214,190,0.511528
216,190,0.504431
218,190,0.496799
220,190,0.483428
222,190,0.476223
224,190,0.468838
226,190,0.454854
228,190,0.445829
230,190,0.434556
232,190,0.424308
234,190,0.414681
236,190,0.403742
238,190,0.393066
240,190,0.293152
242,190,0.290829
244,190,0.288013
246,190,0.284103
248,190,0.279200
250,190,0.274388
252,190,0.269371
254,190,0.264106
256,190,0.253780
258,190,0.248929
260,190,0.241252
262,190,0.234844
264,190,0.228635
266,190,0.221632
268,190,0.214859
270,190,0.172761
272,190,0.168451
274,190,0.162273
276,190,0.155700
278,190,0.149519
280,190,0.124504
282,190,0.118389
284,190,0.112407
286,190,0.094400
288,190,0.080078
290,190,0.067938
292,190,0.053535
294,190,0.039877
296,190,0.024312
298,190,0.008248
0,192,0.937194
2,192,0.935845
4,192,0.934589
6,192,0.933341
8,192,0.932099
10,192,0.930865
12,192,0.929635
14,192,0.928409
16,192,0.927166
18,192,0.925947
20,192,0.924721
22,192,0.923497
24,192,0.922281
26,192,0.921057
28,192,0.919834
30,192,0.918444
32,192,0.917234
34,192,0.916022
36,192,0.914804
38,192,0.913578
40,192,0.912304
42,192,0.911082
44,192,0.909859
46,192,0.908535
48,192,0.907294
50,192,0.906017
52,192,0.904740
54,192,0.903486
56,192,0.902194
58,192,0.900903
60,192,0.896605
62,192,0.895221
64,192,0.894005
66,192,0.892761
68,192,0.891465
70,192,0.890197
72,192,0.888907
74,192,0.887619
76,192,0.885912
78,192,0.884630
80,192,0.883170
82,192,0.881689
84,192,0.880336
86,192,0.878811
88,192,0.877298
90,192,0.873077
92,192,0.871756
94,192,0.870340
96,192,0.868806
98,192,0.867129
100,192,0.864733
102,192,0.863082
104,192,0.861423
106,192,0.858303
108,192,0.856371
110,192,0.853913
112,192,0.851483
114,192,0.849359
116,192,0.846730
118,192,0.844148
120,192,0.820068
122,192,0.818302
124,192,0.816622
126,192,0.814708
128,192,0.812439
130,192,0.810318
132,192,0.808042
134,192,0.805761
136,192,0.801037
138,192,0.798792
140,192,0.795496
142,192,0.792154
144,192,0.789463
146,192,0.785850
148,192,0.782326
150,192,0.767072
152,192,0.764706
154,192,0.761838
156,192,0.758409
158,192,0.754472
160,192,0.747470
162,192,0.743714
164,192,0.739915
166,192,0.730938
168,192,0.726169
170,192,0.719451
172,192,0.713203
174,192,0.707815
176,192,0.700852
178,192,0.694122
180,192,0.635021
182,192,0.632257
184,192,0.629324
186,192,0.625604
188,192,0.621092
190,192,0.616762
192,192,0.612129
194,192,0.607421
196,192,0.597109
198,192,0.592594
200,192,0.585278
202,192,0.578428
204,192,0.572638
206,192,0.564858
208,192,0.557317
210,192,0.529079
212,192,0.524457
214,192,0.518489
216,192,0.511308
218,192,0.503528
220,192,0.489737
222,192,0.482404
224,192,0.474845
226,192,0.460348
228,192,0.451120
230,192,0.439448
232,192,0.428898
234,192,0.419002
236,192,0.407754
238,192,0.396825
240,192,0.296174
242,192,0.293862
244,192,0.291087
246,192,0.287137
248,192,0.282068
250,192,0.277110
252,192,0.271917
254,192,0.266434
256,192,0.255877
258,192,0.250836
260,192,0.242974
262,192,0.236355
264,192,0.229920
266,192,0.222754
268,192,0.215843
270,192,0.173766
272,192,0.169264
274,192,0.162912
276,192,0.156212
278,192,0.149921
280,192,0.124889
282,192,0.118654
284,192,0.112600
286,192,0.094538
288,192,0.080178
290,192,0.068001
292,192,0.053573
294,192,0.039896
296,192,0.024319
298,192,0.008248
0,194,0.939902
2,194,0.938613
4,194,0.937411
6,194,0.936218
8,194,0.935029
10,194,0.933848
12,194,0.932670
14,194,0.931496
16,194,0.930306
18,194,0.929138
20,194,0.927964
22,194,0.926791
24,194,0.925626
26,194,0.924454
28,194,0.923283
30,194,0.921965
32,194,0.920805
34,194,0.919644
36,194,0.918478
38,194,0.917304
40,194,0.916089
42,194,0.914919
44,194,0.913749
46,194,0.912490
48,194,0.911304
50,194,0.910086
52,194,0.908869
54,194,0.907672
56,194,0.906442
58,194,0.905213
60,194,0.901130
62,194,0.899807
64,194,0.898648
66,194,0.897463
68,194,0.896230
70,194,0.895023
72,194,0.893795
74,194,0.892571
76,194,0.890948
78,194,0.889730
80,194,0.888342
82,194,0.886937
84,194,0.885651
86,194,0.884205
88,194,0.882770
90,194,0.878699
92,194,0.877448
94,194,0.876106
96,194,0.874653
98,194,0.873062
100,194,0.870766
102,194,0.869202
104,194,0.867631
106,194,0.864632
108,194,0.862794
110,194,0.860445
112,194,0.858124
114,194,0.856100
116,194,0.853587
118,194,0.851119
120,194,0.826949
122,194,0.825275
124,194,0.823686
126,194,0.821872
128,194,0.819711
130,194,0.817698
132,194,0.815535
134,194,0.813368
136,194,0.808781
138,194,0.806653
140,194,0.803486
142,194,0.800280
144,194,0.797715
146,194,0.794248
148,194,0.790867
150,194,0.775631
152,194,0.773392
154,194,0.770662
156,194,0.767383
158,194,0.763604
160,194,0.756706
162,194,0.753110
164,194,0.749476
166,194,0.740598
168,194,0.735977
170,194,0.729389
172,194,0.723281
174,194,0.718038
176,194,0.711203
178,194,0.704599
180,194,0.642508
182,194,0.639898
184,194,0.637128
186,194,0.633512
188,194,0.629188
190,194,0.624976
192,194,0.620491
194,194,0.615934
196,194,0.605398
198,194,0.601054
200,194,0.593675
202,194,0.586846
204,194,0.581151
206,194,0.573278
208,194,0.565669
210,194,0.536016
212,194,0.531507
214,194,0.525578
216,194,0.518310
218,194,0.510367
220,194,0.496142
222,194,0.488674
224,194,0.480933
226,194,0.465905
228,194,0.456469
230,194,0.444389
232,194,0.433528
234,194,0.423359
236,194,0.411792
238,194,0.400606
240,194,0.299206
242,194,0.296896
244,194,0.294180
246,194,0.290209
248,194,0.284957
250,194,0.279855
252,194,0.274491
254,194,0.268798
256,194,0.257973
258,194,0.252747
260,194,0.244693
262,194,0.237860
264,194,0.231201
266,194,0.223869
268,194,0.216818
270,194,0.174776
272,194,0.170083
274,194,0.163554
276,194,0.156719
278,194,0.150319
280,194,0.125275
282,194,0.118917
284,194,0.112789
286,194,0.094675
288,194,0.080277
290,194,0.068064
292,194,0.053610
294,194,0.039915
296,194,0.024326
298,194,0.008249
0,196,0.942596
2,196,0.941366
4,196,0.940219
6,196,0.939079
8,196,0.937943
10,196,0.936814
12,196,0.935688
14,196,0.934565
16,196,0.933429
18,196,0.932312
20,196,0.931189
22,196,0.930068
24,196,0.928953
26,196,0.927832
28,196,0.926712
30,196,0.925465
32,196,0.924355
34,196,0.923244
36,196,0.922129
38,196,0.921008
40,196,0.919850
42,196,0.918732
44,196,0.917615
46,196,0.916419
48,196,0.915288
50,196,0.914129
52,196,0.912971
54,196,0.911830
56,196,0.910661
58,196,0.909492
60,196,0.905628
62,196,0.904367
64,196,0.903264
66,196,0.902137
68,196,0.900965
70,196,0.899818
72,196,0.898652
74,196,0.897490
76,196,0.895950
78,196,0.894794
80,196,0.893478
82,196,0.892147
84,196,0.890928
86,196,0.889559
88,196,0.888200
90,196,0.884285
92,196,0.883102
94,196,0.881833
96,196,0.880458
98,196,0.878954
100,196,0.876757
102,196,0.875279
104,196,0.873795
106,196,0.870920
108,196,0.869174
110,196,0.866934
112,196,0.864722
114,196,0.862799
116,196,0.860402
118,196,0.858049
120,196,0.833738
122,196,0.832156
124,196,0.830656
126,196,0.828940
128,196,0.826887
130,196,0.824979
132,196,0.822927
134,196,0.820873
136,196,0.816414
138,196,0.814401
140,196,0.811356
142,196,0.808280
144,196,0.805838
146,196,0.802507
148,196,0.799263
150,196,0.783985
152,196,0.781869
154,196,0.779269
156,196,0.776130
158,196,0.772493
160,196,0.765678
162,196,0.762227
164,196,0.758742
166,196,0.749936
168,196,0.745446
170,196,0.738973
172,196,0.732990
174,196,0.727879
176,196,0.721171
178,196,0.714700
180,196,0.652622
182,196,0.650127
184,196,0.647465
186,196,0.644109
188,196,0.639917
190,196,0.635975
192,196,0.631724
194,196,0.627413
196,196,0.617373
198,196,0.613245
200,196,0.606352
202,196,0.599908
204,196,0.594548
206,196,0.587261
208,196,0.580218
210,196,0.549190
212,196,0.545063
214,196,0.539588
216,196,0.532934
218,196,0.525690
220,196,0.510691
222,196,0.503935
224,196,0.497055
226,196,0.480892
228,196,0.471556
230,196,0.458909
232,196,0.447652
234,196,0.437190
236,196,0.424563
238,196,0.412154
240,196,0.307826
242,196,0.305801
244,196,0.303328
246,196,0.299440
248,196,0.294703
250,196,0.289830
252,196,0.284826
254,196,0.279509
256,196,0.267383
258,196,0.262523
260,196,0.253552
262,196,0.246404
264,196,0.239430
266,196,0.230979
268,196,0.222699
270,196,0.180507
272,196,0.176112
274,196,0.169103
276,196,0.161260
278,196,0.153732
280,196,0.128943
282,196,0.121729
284,196,0.114361
286,196,0.096379
288,196,0.081640
290,196,0.068858
292,196,0.054136
294,196,0.040064
296,196,0.024369
298,196,0.008250
0,198,0.945277
2,198,0.944105
4,198,0.943012
6,198,0.941926
8,198,0.940843
10,198,0.939765
12,198,0.938691
14,198,0.937619
16,198,0.936536
18,198,0.935469
20,198,0.934397
22,198,0.933327
24,198,0.932262
26,198,0.931192
28,198,0.930124
30,198,0.928945
32,198,0.927885
34,198,0.926825
36,198,0.925761
38,198,0.924692
40,198,0.923591
42,198,0.922524
44,198,0.921458
46,198,0.920326
48,198,0.919248
50,198,0.918147
52,198,0.917047
54,198,0.915961
56,198,0.914852
58,198,0.913743
60,198,0.910099
62,198,0.908899
64,198,0.907852
66,198,0.906782
68,198,0.905670
70,198,0.904582
72,198,0.903477
74,198,0.902375
76,198,0.900918
78,198,0.899823
80,198,0.898577
82,198,0.897318
84,198,0.896165
86,198,0.894871
88,198,0.893587
90,198,0.889833
92,198,0.888716
94,198,0.887517
96,198,0.886220
98,198,0.884800
100,198,0.882704
102,198,0.881308
104,198,0.879910
106,198,0.877161
108,198,0.875507
110,198,0.873375
112,198,0.871273
114,198,0.869448
116,198,0.867168
118,198,0.864932
120,198,0.840571
122,198,0.839079
124,198,0.837664
126,198,0.836046
128,198,0.834099
130,198,0.832296
132,198,0.830355
134,198,0.828414
136,198,0.824102
138,198,0.822203
140,198,0.819289
142,198,0.816351
144,198,0.814034
146,198,0.810849
148,198,0.807751
150,198,0.792511
152,198,0.790518
154,198,0.788055
156,198,0.785067
158,198,0.781592
160,198,0.774886
162,198,0.771597
164,198,0.768278
166,198,0.759587
168,198,0.755250
170,198,0.748923
172,198,0.743095
174,198,0.738140
176,198,0.731590
178,198,0.725279
180,198,0.659995
182,198,0.657637
184,198,0.655125
186,198,0.651897
188,198,0.647874
190,198,0.644068
192,198,0.639965
194,198,0.635805
196,198,0.625520
198,198,0.621559
200,198,0.614596
202,198,0.608156
204,198,0.602873
206,198,0.595484
208,198,0.588351
210,198,0.555932
212,198,0.551930
214,198,0.546471
216,198,0.539707
218,198,0.532256
220,198,0.516877
222,198,0.509945
224,198,0.502828
226,198,0.486208
228,198,0.476652
230,198,0.463626
232,198,0.452052
234,198,0.441310
236,198,0.428383
238,198,0.415707
240,198,0.310632
242,198,0.308614
244,198,0.306157
246,198,0.302244
248,198,0.297313
250,198,0.292301
252,198,0.287098
254,198,0.281547
256,198,0.269253
258,198,0.264188
260,198,0.255073
262,198,0.247725
264,198,0.240536
266,198,0.231959
268,198,0.223568
270,198,0.181393
272,198,0.176789
274,198,0.169626
276,198,0.161690
278,198,0.154079
280,198,0.129260
282,198,0.121952
284,198,0.114530
286,198,0.096497
288,198,0.081725
290,198,0.068914
292,198,0.054170
294,198,0.040081
296,198,0.024376
298,198,0.008251
0,200,0.947946
2,200,0.946831
4,200,0.945792
6,200,0.944758
8,200,0.943728
10,200,0.942702
12,200,0.941678
14,200,0.940657
16,200,0.939627
18,200,0.938610
20,200,0.937590
22,200,0.936570
24,200,0.935555
26,200,0.934536
28,200,0.933518
30,200,0.932407
32,200,0.931397
34,200,0.930387
36,200,0.929373
38,200,0.928356
40,200,0.927311
42,200,0.926296
44,200,0.925281
46,200,0.924210
48,200,0.923186
50,200,0.922142
52,200,0.921098
54,200,0.920068
56,200,0.919017
58,200,0.917966
60,200,0.914543
62,200,0.913404
64,200,0.912410
66,200,0.911397
68,200,0.910345
70,200,0.909314
72,200,0.908269
74,200,0.907226
76,200,0.905850
78,200,0.904815
80,200,0.903637
82,200,0.902449
84,200,0.901360
86,200,0.900140
88,200,0.898929
90,200,0.895337
92,200,0.894284
94,200,0.893155
96,200,0.891933
98,200,0.890595
100,200,0.888598
102,200,0.887285
104,200,0.885968
106,200,0.883347
108,200,0.881782
110,200,0.879758
112,200,0.877765
114,200,0.876037
116,200,0.873874
118,200,0.871752
120,200,0.847413
122,200,0.846008
124,200,0.844679
126,200,0.843155
128,200,0.841314
130,200,0.839614
132,200,0.837782
134,200,0.835951
136,200,0.831794
138,200,0.830007
140,200,0.827226
142,200,0.824427
144,200,0.822233
146,200,0.819198
148,200,0.816249
150,200,0.801116
152,200,0.799243
154,200,0.796915
156,200,0.794079
158,200,0.790770
160,200,0.784195
162,200,0.781072
164,200,0.777922
166,200,0.769382
168,200,0.765204
170,200,0.759041
172,200,0.753383
174,200,0.748593
176,200,0.742214
178,200,0.736074
180,200,0.668702
182,200,0.666472
184,200,0.664094
186,200,0.661042
188,200,0.657176
190,200,0.653555
192,200,0.649638
194,200,0.645670
196,200,0.635637
198,200,0.631855
200,200,0.625166
202,200,0.618959
204,200,0.613907
206,200,0.606819
208,200,0.599991
210,200,0.565562
212,200,0.561776
214,200,0.556596
216,200,0.550147
218,200,0.543063
220,200,0.526835
222,200,0.520280
224,200,0.513604
226,200,0.495875
228,200,0.486294
230,200,0.472637
232,200,0.460718
234,200,0.449713
236,200,0.436065
238,200,0.422658
240,200,0.315998
242,200,0.314144
244,200,0.311866
246,200,0.307916
248,200,0.303257
250,200,0.298270
252,200,0.293233
254,200,0.287842
256,200,0.274581
258,200,0.269679
260,200,0.259930
262,200,0.252372
264,200,0.244964
266,200,0.235729
268,200,0.226686
270,200,0.184501
272,200,0.180046
274,200,0.172574
276,200,0.164065
278,200,0.155866
280,200,0.131199
282,200,0.123418
284,200,0.115382
286,200,0.097386
288,200,0.082434
290,200,0.069334
292,200,0.054448
294,200,0.040170
296,200,0.024403
298,200,0.008252
0,202,0.950603
2,202,0.949545
4,202,0.948559
6,202,0.947578
8,202,0.946599
10,202,0.945625
12,202,0.944652
14,202,0.943682
16,202,0.942704
18,202,0.941737
20,202,0.940767
22,202,0.939799
24,202,0.938834
26,202,0.937865
28,202,0.936898
30,202,0.935853
32,202,0.934892
34,202,0.933932
36,202,0.932969
38,202,0.932002
40,202,0.931013
42,202,0.930049
44,202,0.929085
46,202,0.928075
48,202,0.927103
50,202,0.926115
52,202,0.925128
54,202,0.924152
56,202,0.923158
58,202,0.922165
60,202,0.918959
62,202,0.917880
64,202,0.916940
66,202,0.915982
68,202,0.914988
70,202,0.914015
72,202,0.913028
74,202,0.912043
76,202,0.910746
78,202,0.909770
80,202,0.908659
82,202,0.907540
84,202,0.906514
86,202,0.905365
88,202,0.904225
90,202,0.900796
92,202,0.899806
94,202,0.898744
96,202,0.897595
98,202,0.896336
100,202,0.894438
102,202,0.893204
104,202,0.891968
106,202,0.889472
108,202,0.887994
110,202,0.886077
112,202,0.884190
114,202,0.882557
116,202,0.880508
118,202,0.878499
120,202,0.854251
122,202,0.852931
124,202,0.851684
126,202,0.850253
128,202,0.848515
130,202,0.846915
132,202,0.845190
134,202,0.843466
136,202,0.839467
138,202,0.837788
140,202,0.835139
142,202,0.832478
144,202,0.830405
146,202,0.827518
148,202,0.824714
150,202,0.809784
152,202,0.808027
154,202,0.805828
156,202,0.803141
158,202,0.799995
160,202,0.793593
162,202,0.790630
164,202,0.787643
166,202,0.779327
168,202,0.775320
170,202,0.769369
172,202,0.763920
174,202,0.759320
176,202,0.753175
178,202,0.747268
180,202,0.677264
182,202,0.675164
184,202,0.672923
186,202,0.670043
188,202,0.666375
190,202,0.662951
192,202,0.659242
194,202,0.655487
196,202,0.645610
198,202,0.642038
200,202,0.635552
202,202,0.629567
204,202,0.624736
206,202,0.617886
208,202,0.611297
210,202,0.574846
212,202,0.571298
214,202,0.566363
216,202,0.560163
218,202,0.553315
220,202,0.536348
222,202,0.530056
224,202,0.523656
226,202,0.504932
228,202,0.495328
230,202,0.481038
232,202,0.468773
234,202,0.457486
236,202,0.443183
238,202,0.429159
240,202,0.320801
242,202,0.319093
244,202,0.316998
246,202,0.313035
248,202,0.308464
250,202,0.303405
252,202,0.298357
254,202,0.292893
256,202,0.279083
258,202,0.274155
260,202,0.263996
262,202,0.256188
264,202,0.248523
266,202,0.238820
268,202,0.229292
270,202,0.186967
272,202,0.182445
274,202,0.174714
276,202,0.165835
278,202,0.157234
280,202,0.132551
282,202,0.124457
284,202,0.116026
286,202,0.097997
288,202,0.082904
290,202,0.069616
292,202,0.054629
294,202,0.040232
296,202,0.024422
298,202,0.008252
0,204,0.953248
2,204,0.952248
4,204,0.951315
6,204,0.950385
8,204,0.949458
10,204,0.948535
12,204,0.947613
14,204,0.946693
16,204,0.945767
18,204,0.944851
20,204,0.943932
22,204,0.943014
24,204,0.942099
26,204,0.941181
28,204,0.940264
30,204,0.939284
32,204,0.938372
34,204,0.937462
36,204,0.936549
38,204,0.935634
40,204,0.934700
42,204,0.933786
44,204,0.932873
46,204,0.931922
48,204,0.931003
50,204,0.930070
52,204,0.929138
54,204,0.928215
56,204,0.927278
58,204,0.926342
60,204,0.923348
62,204,0.922328
64,204,0.921441
66,204,0.920537
68,204,0.919601
70,204,0.918683
72,204,0.917753
74,204,0.916826
76,204,0.915606
78,204,0.914687
80,204,0.913642
82,204,0.912591
84,204,0.911625
86,204,0.910546
88,204,0.909476
90,204,0.906206
92,204,0.905277
94,204,0.904281
96,204,0.903204
98,204,0.902022
100,204,0.900220
102,204,0.899063
104,204,0.897905
106,204,0.895532
108,204,0.894139
110,204,0.892326
112,204,0.890542
114,204,0.889002
116,204,0.887065
118,204,0.885165
120,204,0.861073
122,204,0.859837
124,204,0.858670
126,204,0.857329
128,204,0.855692
130,204,0.854190
132,204,0.852568
134,204,0.850950
136,204,0.847114
138,204,0.845540
140,204,0.843022
142,204,0.840500
144,204,0.838545
146,204,0.835805
148,204,0.833148
150,204,0.818465
152,204,0.816821
154,204,0.814750
156,204,0.812212
158,204,0.809233
160,204,0.803007
162,204,0.800207
164,204,0.797386
166,204,0.789299
168,204,0.785461
170,204,0.779719
172,204,0.774474
174,204,0.770060
176,204,0.764133
178,204,0.758438
180,204,0.685308
182,204,0.683340
184,204,0.681240
186,204,0.678506
188,204,0.675055
190,204,0.671807
192,204,0.668296
194,204,0.664741
196,204,0.654829
198,204,0.651468
200,204,0.645042
202,204,0.639165
204,204,0.634501
206,204,0.627683
208,204,0.621132
210,204,0.582903
212,204,0.579563
214,204,0.574782
216,204,0.568634
218,204,0.561776
220,204,0.544235
222,204,0.537959
224,204,0.531538
226,204,0.512097
228,204,0.502333
230,204,0.487546
232,204,0.474922
234,204,0.463348
236,204,0.448581
238,204,0.434110
240,204,0.324689
242,204,0.323048
244,204,0.321046
246,204,0.317082
248,204,0.312507
250,204,0.307390
252,204,0.302276
254,204,0.296717
256,204,0.282394
258,204,0.277410
260,204,0.266890
262,204,0.258873
264,204,0.250971
266,204,0.240922
268,204,0.231072
270,204,0.188793
272,204,0.184191
274,204,0.176227
276,204,0.167056
278,204,0.158166
280,204,0.133536
282,204,0.125186
284,204,0.116479
286,204,0.098427
288,204,0.083240
290,204,0.069819
292,204,0.054760
294,204,0.040279
296,204,0.024437
298,204,0.008253
0,206,0.955884
2,206,0.954940
4,206,0.954059
6,206,0.953181
8,206,0.952306
10,206,0.951433
12,206,0.950563
14,206,0.949693
16,206,0.948819
18,206,0.947953
20,206,0.947084
22,206,0.946217
24,206,0.945352
26,206,0.944485
28,206,0.943618
30,206,0.942700
32,206,0.941839
34,206,0.940978
36,206,0.940116
38,206,0.939251
40,206,0.938372
42,206,0.937509
44,206,0.936646
46,206,0.935753
48,206,0.934886
50,206,0.934008
52,206,0.933131
54,206,0.932261
56,206,0.931380
58,206,0.930499
60,206,0.927708
62,206,0.926747
64,206,0.925912
66,206,0.925062
68,206,0.924183
70,206,0.923320
72,206,0.922447
74,206,0.921576
76,206,0.920431
78,206,0.919568
80,206,0.918587
82,206,0.917601
84,206,0.916695
86,206,0.915684
88,206,0.914681
90,206,0.911565
92,206,0.910697
94,206,0.909764
96,206,0.908756
98,206,0.907650
100,206,0.905940
102,206,0.904858
104,206,0.903775
106,206,0.901522
108,206,0.900211
110,206,0.898498
112,206,0.896815
114,206,0.895364
116,206,0.893534
118,206,0.891741
120,206,0.867870
122,206,0.866715
124,206,0.865625
126,206,0.864371
128,206,0.862833
130,206,0.861425
132,206,0.859905
134,206,0.858388
136,206,0.854712
138,206,0.853241
140,206,0.850849
142,206,0.848461
144,206,0.846620
146,206,0.844024
148,206,0.841507
150,206,0.827158
152,206,0.825621
154,206,0.823673
156,206,0.821277
158,206,0.818454
160,206,0.812442
162,206,0.809795
164,206,0.807129
166,206,0.799337
168,206,0.795674
170,206,0.790187
172,206,0.785179
174,206,0.780971
176,206,0.775326
178,206,0.769908
180,206,0.694285
182,206,0.692433
184,206,0.690452
186,206,0.687910
188,206,0.684639
190,206,0.681606
192,206,0.678313
194,206,0.674980
196,206,0.665550
198,206,0.662393
200,206,0.656366
202,206,0.650844
204,206,0.646469
206,206,0.640122
208,206,0.634032
210,206,0.593041
212,206,0.589958
214,206,0.585544
216,206,0.579873
218,206,0.573565
220,206,0.554942
222,206,0.549221
224,206,0.543411
226,206,0.522493
228,206,0.512844
230,206,0.497172
232,206,0.484208
234,206,0.472348
236,206,0.456738
238,206,0.441521
240,206,0.330044
242,206,0.328634
244,206,0.326904
246,206,0.322872
248,206,0.318616
250,206,0.313451
252,206,0.308500
254,206,0.303048
256,206,0.287751
258,206,0.282896
260,206,0.271746
262,206,0.263509
264,206,0.255360
266,206,0.244661
268,206,0.234189
270,206,0.191748
272,206,0.187231
274,206,0.178958
276,206,0.169270
278,206,0.159856
280,206,0.135264
282,206,0.126500
284,206,0.117284
286,206,0.099205
288,206,0.083843
290,206,0.070179
292,206,0.054993
294,206,0.040359
296,206,0.024461
298,206,0.008254
0,208,0.958510
2,208,0.957622
4,208,0.956793
6,208,0.955967
8,208,0.955143
10,208,0.954322
12,208,0.953502
14,208,0.952683
16,208,0.951860
18,208,0.951044
20,208,0.950226
22,208,0.949409
24,208,0.948594
26,208,0.947778
28,208,0.946962
30,208,0.946105
32,208,0.945293
34,208,0.944483
36,208,0.943671
38,208,0.942857
40,208,0.942031
42,208,0.941219
44,208,0.940407
46,208,0.939571
48,208,0.938755
50,208,0.937931
52,208,0.937108
54,208,0.936291
56,208,0.935464
58,208,0.934638
60,208,0.932039
62,208,0.931137
64,208,0.930354
66,208,0.929558
68,208,0.928734
70,208,0.927925
72,208,0.927107
74,208,0.926292
76,208,0.925219
78,208,0.924412
80,208,0.923493
82,208,0.922571
84,208,0.921724
86,208,0.920779
88,208,0.919842
90,208,0.916872
92,208,0.916062
94,208,0.915192
96,208,0.914250
98,208,0.913218
100,208,0.911597
102,208,0.910587
104,208,0.909577
106,208,0.907438
108,208,0.906206
110,208,0.904590
112,208,0.903003
114,208,0.901638
116,208,0.899911
118,208,0.898219
120,208,0.874626
122,208,0.873551
124,208,0.872537
126,208,0.871367
128,208,0.869926
130,208,0.868610
132,208,0.867187
134,208,0.865768
136,208,0.862248
138,208,0.860876
140,208,0.858605
142,208,0.856348
144,208,0.854617
146,208,0.852158
148,208,0.849776
150,208,0.835826
152,208,0.834393
154,208,0.832561
156,208,0.830301
158,208,0.827630
160,208,0.821848
162,208,0.819347
164,208,0.816828
166,208,0.809360
168,208,0.805868
170,208,0.800647
172,208,0.795878
174,208,0.791873
176,208,0.786511
178,208,0.781365
180,208,0.703172
182,208,0.701432
184,208,0.699566
186,208,0.697198
188,208,0.694099
190,208,0.691261
192,208,0.688167
194,208,0.685038
196,208,0.676137
198,208,0.673171
200,208,0.667522
202,208,0.662332
204,208,0.658223
206,208,0.652278
208,208,0.646577
210,208,0.602883
212,208,0.600016
214,208,0.595953
216,208,0.590721
218,208,0.584941
220,208,0.565240
222,208,0.560035
224,208,0.554753
226,208,0.532436
228,208,0.522878
230,208,0.506328
232,208,0.493046
234,208,0.480908
236,208,0.464492
238,208,0.448580
240,208,0.335173
242,208,0.333989
244,208,0.332523
246,208,0.328416
248,208,0.324491
250,208,0.319246
252,208,0.314447
254,208,0.309070
256,208,0.292865
258,208,0.288127
260,208,0.276376
262,208,0.267934
264,208,0.259559
266,208,0.248236
268,208,0.237175
270,208,0.194586
272,208,0.190141
274,208,0.181577
276,208,0.171409
278,208,0.161497
280,208,0.136928
282,208,0.127777
284,208,0.118077
286,208,0.099967
288,208,0.084432
290,208,0.070533
292,208,0.055223
294,208,0.040440
296,208,0.024486
298,208,0.008255
0,210,0.961127
2,210,0.960295
4,210,0.959519
6,210,0.958744
8,210,0.957972
10,210,0.957201
12,210,0.956432
14,210,0.955664
16,210,0.954893
18,210,0.954127
20,210,0.953359
22,210,0.952593
24,210,0.951828
26,210,0.951063
28,210,0.950297
30,210,0.949500
32,210,0.948738
34,210,0.947977
36,210,0.947216
38,210,0.946453
40,210,0.945680
42,210,0.944919
44,210,0.944157
46,210,0.943377
48,210,0.942613
50,210,0.941843
52,210,0.941073
54,210,0.940307
56,210,0.939535
58,210,0.938763
60,210,0.936344
62,210,0.935500
64,210,0.934769
66,210,0.934025
68,210,0.933255
70,210,0.932501
72,210,0.931737
74,210,0.930976
76,210,0.929974
78,210,0.929221
80,210,0.928363
82,210,0.927504
84,210,0.926714
86,210,0.925833
88,210,0.924960
90,210,0.922128
92,210,0.921375
94,210,0.920565
96,210,0.919690
98,210,0.918728
100,210,0.917193
102,210,0.916253
104,210,0.915314
106,210,0.913285
108,210,0.912129
110,210,0.910606
112,210,0.909111
114,210,0.907829
116,210,0.906201
118,210,0.904606
120,210,0.881190
122,210,0.880192
124,210,0.879253
126,210,0.878165
128,210,0.876818
130,210,0.875592
132,210,0.874265
134,210,0.872943
136,210,0.869568
138,210,0.868293
140,210,0.866140
142,210,0.864007
144,210,0.862383
146,210,0.860055
148,210,0.857803
150,210,0.844109
152,210,0.842780
154,210,0.841062
156,210,0.838933
158,210,0.836404
160,210,0.830788
162,210,0.828427
164,210,0.826050
166,210,0.818803
168,210,0.815456
170,210,0.810431
172,210,0.805843
174,210,0.802000
176,210,0.796840
178,210,0.791887
180,210,0.723313
182,210,0.721623
184,210,0.719807
186,210,0.717498
188,210,0.714448
190,210,0.711671
192,210,0.708642
194,210,0.705580
196,210,0.697187
198,210,0.694283
200,210,0.688874
202,210,0.683932
204,210,0.679944
206,210,0.674302
208,210,0.668877
210,210,0.638443
212,210,0.635492
214,210,0.631384
216,210,0.626319
218,210,0.620753
220,210,0.607330
222,210,0.602198
224,210,0.596996
226,210,0.582884
228,210,0.575260
230,210,0.564827
232,210,0.555643
234,210,0.547204
236,210,0.536996
238,210,0.527058
240,210,0.364530
242,210,0.363291
244,210,0.361681
246,210,0.359047
248,210,0.355464
250,210,0.351981
252,210,0.348351
254,210,0.344517
256,210,0.332650
258,210,0.329177
260,210,0.321325
262,210,0.315446
264,210,0.309921
266,210,0.302906
268,210,0.296099
270,210,0.228023
272,210,0.224943
274,210,0.218997
276,210,0.212282
278,210,0.206055
280,210,0.167505
282,210,0.161391
284,210,0.155304
286,210,0.128971
288,210,0.108919
290,210,0.092614
292,210,0.072675
294,210,0.054161
296,210,0.032816
298,210,0.011050
0,212,0.963737
2,212,0.962961
4,212,0.962237
6,212,0.961514
8,212,0.960792
10,212,0.960073
12,212,0.959354
14,212,0.958637
16,212,0.957917
18,212,0.957201
20,212,0.956485
22,212,0.955769
24,212,0.955055
26,212,0.954340
28,212,0.953625
30,212,0.952887
32,212,0.952174
34,212,0.951464
36,212,0.950753
38,212,0.950040
40,212,0.949321
42,212,0.948610
44,212,0.947899
46,212,0.947174
48,212,0.946461
50,212,0.945743
52,212,0.945027
54,212,0.944313
56,212,0.943594
58,212,0.942876
60,212,0.940623
62,212,0.939838
64,212,0.939158
66,212,0.938466
68,212,0.937751
70,212,0.937049
72,212,0.936339
74,212,0.935632
76,212,0.934698
78,212,0.933998
80,212,0.933201
82,212,0.932402
84,212,0.931668
86,212,0.930850
88,212,0.930038
90,212,0.927340
92,212,0.926643
94,212,0.925893
96,212,0.925081
98,212,0.924188
100,212,0.922736
102,212,0.921865
104,212,0.920995
106,212,0.919073
108,212,0.917993
110,212,0.916560
112,212,0.915157
114,212,0.913956
116,212,0.912426
118,212,0.910927
120,212,0.887624
122,212,0.886701
124,212,0.885833
126,212,0.884826
128,212,0.883573
130,212,0.882435
132,212,0.881202
134,212,0.879974
136,212,0.876753
138,212,0.875573
140,212,0.873539
142,212,0.871531
144,212,0.870014
146,212,0.867820
148,212,0.865699
150,212,0.852169
152,212,0.850941
154,212,0.849340
156,212,0.847345
158,212,0.844963
160,212,0.839474
162,212,0.837257
164,212,0.835027
166,212,0.827937
168,212,0.824729
170,212,0.819859
172,212,0.815426
174,212,0.811730
176,212,0.806729
178,212,0.801932
180,212,0.730539
182,212,0.728965
184,212,0.727278
186,212,0.725089
188,212,0.722201
190,212,0.719557
192,212,0.716673
194,212,0.713756
196,212,0.705238
198,212,0.702493
200,212,0.697081
202,212,0.692195
204,212,0.688308
206,212,0.682661
208,212,0.677241
210,212,0.645149
212,212,0.642324
214,212,0.638256
216,212,0.633144
218,212,0.627473
220,212,0.613569
222,212,0.608342
224,212,0.603016
226,212,0.588303
228,212,0.580494
230,212,0.569639
232,212,0.560153
234,212,0.551445
236,212,0.540925
238,212,0.530722
240,212,0.367212
242,212,0.366010
244,212,0.364477
246,212,0.361860
248,212,0.358141
250,212,0.354562
252,212,0.350801
254,212,0.346811
256,212,0.334562
258,212,0.330933
260,212,0.322873
262,212,0.316795
264,212,0.311038
266,212,0.303864
268,212,0.296931
270,212,0.228990
272,212,0.225713
274,212,0.219569
276,212,0.212719
278,212,0.206383
280,212,0.167869
282,212,0.161620
284,212,0.155458
286,212,0.129083
288,212,0.109001
290,212,0.092663
292,212,0.072704
294,212,0.054175
296,212,0.032821
298,212,0.011050
0,214,0.966342
2,214,0.965621
4,214,0.964948
6,214,0.964277
8,214,0.963606
10,214,0.962938
12,214,0.962270
14,214,0.961603
16,214,0.960935
18,214,0.960270
20,214,0.959605
22,214,0.958940
24,214,0.958276
26,214,0.957612
28,214,0.956948
30,214,0.956266
32,214,0.955604
34,214,0.954944
36,214,0.954283
38,214,0.953621
40,214,0.952954
42,214,0.952294
44,214,0.951634
46,214,0.950963
48,214,0.950301
50,214,0.949636
52,214,0.948972
54,214,0.948310
56,214,0.947644
58,214,0.946978
60,214,0.944878
62,214,0.944151
64,214,0.943521
66,214,0.942881
68,214,0.942219
70,214,0.941570
72,214,0.940913
74,214,0.940258
76,214,0.939390
78,214,0.938743
80,214,0.938004
82,214,0.937264
84,214,0.936585
86,214,0.935828
88,214,0.935077
90,214,0.932504
92,214,0.931862
94,214,0.931170
96,214,0.930420
98,214,0.929594
100,214,0.928223
102,214,0.927418
104,214,0.926614
106,214,0.924797
108,214,0.923788
110,214,0.922444
112,214,0.921129
114,214,0.920007
116,214,0.918572
118,214,0.917168
120,214,0.894045
122,214,0.893196
124,214,0.892397
126,214,0.891468
128,214,0.890305
130,214,0.889253
132,214,0.888112
134,214,0.886976
136,214,0.883914
138,214,0.882825
140,214,0.880912
142,214,0.879031
144,214,0.877618
146,214,0.875559
148,214,0.873571
150,214,0.860283
152,214,0.859153
154,214,0.857667
156,214,0.855805
158,214,0.853575
160,214,0.848239
162,214,0.846169
164,214,0.844087
166,214,0.837199
168,214,0.834141
170,214,0.829453
172,214,0.825197
174,214,0.821662
176,214,0.816849
178,214,0.812235
180,214,0.738564
182,214,0.737108
184,214,0.735550
186,214,0.733497
188,214,0.730793
190,214,0.728306
192,214,0.725594
194,214,0.722853
196,214,0.714382
198,214,0.711820
200,214,0.706507
202,214,0.701748
204,214,0.698023
206,214,0.692462
208,214,0.687131
210,214,0.653402
212,214,0.650757
214,214,0.646835
216,214,0.641806
218,214,0.636184
220,214,0.621665
222,214,0.616496
224,214,0.611206
226,214,0.595761
228,214,0.587773
230,214,0.576444
232,214,0.566596
234,214,0.557586
236,214,0.546576
238,214,0.535891
240,214,0.371123
242,214,0.369998
244,214,0.368569
246,214,0.365990
248,214,0.362334
250,214,0.358750
252,214,0.354980
254,214,0.350942
256,214,0.338035
258,214,0.334408
260,214,0.325890
262,214,0.319564
264,214,0.313563
266,214,0.305941
268,214,0.298566
270,214,0.230977
272,214,0.227705
274,214,0.221278
276,214,0.214005
278,214,0.207247
280,214,0.169043
282,214,0.162417
284,214,0.155802
286,214,0.129555
288,214,0.109407
290,214,0.092887
292,214,0.072862
294,214,0.054210
296,214,0.032833
298,214,0.011051
0,216,0.968941
2,216,0.968275
4,216,0.967654
6,216,0.967034
8,216,0.966415
10,216,0.965798
12,216,0.965181
14,216,0.964565
16,216,0.963948
18,216,0.963334
20,216,0.962719
22,216,0.962106
24,216,0.961492
26,216,0.960879
28,216,0.960266
30,216,0.959640
32,216,0.959028
34,216,0.958418
36,216,0.957808
38,216,0.957197
40,216,0.956583
42,216,0.955973
44,216,0.955363
46,216,0.954746
48,216,0.954135
50,216,0.953522
52,216,0.952910
54,216,0.952299
56,216,0.951686
58,216,0.951072
60,216,0.949104
62,216,0.948435
64,216,0.947857
66,216,0.947268
68,216,0.946658
70,216,0.946061
72,216,0.945457
74,216,0.944854
76,216,0.944049
78,216,0.943454
80,216,0.942772
82,216,0.942090
84,216,0.941464
86,216,0.940765
88,216,0.940073
90,216,0.937615
92,216,0.937027
94,216,0.936391
96,216,0.935701
98,216,0.934939
100,216,0.933644
102,216,0.932903
104,216,0.932163
106,216,0.930447
108,216,0.929507
110,216,0.928249
112,216,0.927018
114,216,0.925972
116,216,0.924629
118,216,0.923315
120,216,0.900436
122,216,0.899658
124,216,0.898925
126,216,0.898071
128,216,0.896996
130,216,0.896026
132,216,0.894973
134,216,0.893926
136,216,0.891028
138,216,0.890026
140,216,0.888232
142,216,0.886476
144,216,0.885164
146,216,0.883239
148,216,0.881382
150,216,0.868412
152,216,0.867376
154,216,0.866000
156,216,0.864270
158,216,0.862189
160,216,0.857032
162,216,0.855106
164,216,0.853171
166,216,0.846525
168,216,0.843622
170,216,0.839139
172,216,0.835079
174,216,0.831718
176,216,0.827119
178,216,0.822714
180,216,0.747254
182,216,0.745909
184,216,0.744469
186,216,0.742572
188,216,0.740055
190,216,0.737750
192,216,0.735235
194,216,0.732696
196,216,0.724521
198,216,0.722149
200,216,0.717098
202,216,0.712596
204,216,0.709099
206,216,0.703836
208,216,0.698799
210,216,0.663074
212,216,0.660657
214,216,0.657007
216,216,0.652282
218,216,0.646964
220,216,0.631633
222,216,0.626788
224,216,0.621838
226,216,0.605333
228,216,0.597308
230,216,0.585334
232,216,0.575118
234,216,0.565803
236,216,0.554091
238,216,0.542738
240,216,0.375812
242,216,0.374818
244,216,0.373565
246,216,0.371026
248,216,0.367594
250,216,0.364055
252,216,0.360400
254,216,0.356431
256,216,0.342616
258,216,0.339095
260,216,0.329990
262,216,0.323403
264,216,0.317154
266,216,0.308940
268,216,0.300979
270,216,0.233550
272,216,0.230399
274,216,0.223644
276,216,0.215822
278,216,0.208520
280,216,0.170619
282,216,0.163522
284,216,0.156332
286,216,0.130209
288,216,0.109954
290,216,0.093191
292,216,0.073072
294,216,0.054260
296,216,0.032848
298,216,0.011051
0,218,0.971535
2,218,0.970926
4,218,0.970356
6,218,0.969787
8,218,0.969220
10,218,0.968654
12,218,0.968088
14,218,0.967523
16,218,0.966958
18,218,0.966395
20,218,0.965831
22,218,0.965268
24,218,0.964706
26,218,0.964143
28,218,0.963581
30,218,0.963009
32,218,0.962449
34,218,0.961889
36,218,0.961329
38,218,0.960769
40,218,0.960207
42,218,0.959648
44,218,0.959089
46,218,0.958524
48,218,0.957965
50,218,0.957403
52,218,0.956842
54,218,0.956283
56,218,0.955722
58,218,0.955160
60,218,0.953300
62,218,0.952690
64,218,0.952162
66,218,0.951624
68,218,0.951067
70,218,0.950521
72,218,0.949968
74,218,0.949418
76,218,0.948672
78,218,0.948129
80,218,0.947501
82,218,0.946875
84,218,0.946303
86,218,0.945661
88,218,0.945025
90,218,0.942666
92,218,0.942131
94,218,0.941551
96,218,0.940918
98,218,0.940219
100,218,0.938995
102,218,0.938316
104,218,0.937638
106,218,0.936015
108,218,0.935141
110,218,0.933963
112,218,0.932814
114,218,0.931840
116,218,0.930584
118,218,0.929356
120,218,0.906776
122,218,0.906067
124,218,0.905397
126,218,0.904615
128,218,0.903625
130,218,0.902734
132,218,0.901766
134,218,0.900804
136,218,0.898065
138,218,0.897148
140,218,0.895468
142,218,0.893832
144,218,0.892617
146,218,0.890822
148,218,0.889089
150,218,0.876517
152,218,0.875569
154,218,0.874297
156,218,0.872691
158,218,0.870754
160,218,0.865803
162,218,0.864013
164,218,0.862215
166,218,0.855858
168,218,0.853112
170,218,0.848859
172,218,0.845012
174,218,0.841833
176,218,0.837476
178,218,0.833304
180,218,0.756228
182,218,0.754982
184,218,0.753647
186,218,0.751906
188,218,0.749558
190,218,0.747433
192,218,0.745103
194,218,0.742754
196,218,0.735032
198,218,0.732835
200,218,0.728112
202,218,0.723889
204,218,0.720633
206,218,0.715710
208,218,0.710997
210,218,0.673373
212,218,0.671180
214,218,0.667854
216,218,0.663517
218,218,0.658641
220,218,0.642391
222,218,0.637989
224,218,0.633513
226,218,0.615861
228,218,0.607797
230,218,0.595149
232,218,0.584540
234,218,0.574910
236,218,0.562367
238,218,0.550181
240,218,0.380972
242,218,0.380127
244,218,0.379045
246,218,0.376552
248,218,0.373511
250,218,0.370108
252,218,0.366712
254,218,0.362996
256,218,0.347962
258,218,0.344722
260,218,0.334851
262,218,0.328043
264,218,0.321591
266,218,0.312595
268,218,0.303841
270,218,0.236555
272,218,0.233668
274,218,0.226561
276,218,0.218058
278,218,0.210067
280,218,0.172502
282,218,0.164853
284,218,0.156954
286,218,0.130978
288,218,0.110580
290,218,0.093532
292,218,0.073299
294,218,0.054314
296,218,0.032864
298,218,0.011052
0,220,0.974127
2,220,0.973573
4,220,0.973055
6,220,0.972538
8,220,0.972022
10,220,0.971507
12,220,0.970993
14,220,0.970479
16,220,0.969965
18,220,0.969452
20,220,0.968940
22,220,0.968428
24,220,0.967917
26,220,0.967405
28,220,0.966894
30,220,0.966376
32,220,0.965866
34,220,0.965357
36,220,0.964848
38,220,0.964339
40,220,0.963828
42,220,0.963320
44,220,0.962811
46,220,0.962299
48,220,0.961791
50,220,0.961281
52,220,0.960771
54,220,0.960263
56,220,0.959754
58,220,0.959244
60,220,0.957463
62,220,0.956911
64,220,0.956434
66,220,0.955947
68,220,0.955441
70,220,0.954946
72,220,0.954445
74,220,0.953946
76,220,0.953256
78,220,0.952765
80,220,0.952190
82,220,0.951618
84,220,0.951098
86,220,0.950510
88,220,0.949929
90,220,0.947651
92,220,0.947168
94,220,0.946642
96,220,0.946066
98,220,0.945426
100,220,0.944268
102,220,0.943648
104,220,0.943029
106,220,0.941491
108,220,0.940681
110,220,0.939579
112,220,0.938506
114,220,0.937600
116,220,0.936426
118,220,0.935279
120,220,0.913014
122,220,0.912371
124,220,0.911763
126,220,0.911050
128,220,0.910142
130,220,0.909326
132,220,0.908440
134,220,0.907559
136,220,0.904978
138,220,0.904141
140,220,0.902574
142,220,0.901054
144,220,0.899933
146,220,0.898262
148,220,0.896652
150,220,0.884493
152,220,0.883629
154,220,0.882457
156,220,0.880972
158,220,0.879174
160,220,0.874429
162,220,0.872772
164,220,0.871108
166,220,0.865042
168,220,0.862448
170,220,0.858424
172,220,0.854787
174,220,0.851786
176,220,0.847668
178,220,0.843725
180,220,0.769100
182,220,0.767934
184,220,0.766682
186,220,0.765040
188,220,0.762818
190,220,0.760810
192,220,0.758609
194,220,0.756390
196,220,0.748897
198,220,0.746830
200,220,0.742273
202,220,0.738239
204,220,0.735132
206,220,0.730414
208,220,0.725899
210,220,0.692031
212,220,0.689924
214,220,0.686667
216,220,0.682446
218,220,0.677692
220,220,0.663401
222,220,0.659076
224,220,0.654680
226,220,0.639438
228,220,0.632092
230,220,0.621192
232,220,0.611870
234,220,0.603404
236,220,0.592743
238,220,0.582399
240,220,0.393769
242,220,0.392944
244,220,0.391881
246,220,0.389707
248,220,0.386643
250,220,0.383566
252,220,0.380382
254,220,0.376952
256,220,0.364249
258,220,0.361144
260,220,0.352969
262,220,0.347036
264,220,0.341447
266,220,0.334088
268,220,0.326935
270,220,0.249378
272,220,0.246612
274,220,0.240688
276,220,0.233889
278,220,0.227578
280,220,0.184010
282,220,0.177995
284,220,0.171979
286,220,0.142586
288,220,0.120454
290,220,0.102720
292,220,0.080733
294,220,0.060423
296,220,0.036715
298,220,0.012407
0,222,0.976717
2,222,0.976218
4,222,0.975752
6,222,0.975286
8,222,0.974822
10,222,0.974358
12,222,0.973895
14,222,0.973433
16,222,0.972970
18,222,0.972509
20,222,0.972047
22,222,0.971587
24,222,0.971126
26,222,0.970666
28,222,0.970206
30,222,0.969741
32,222,0.969282
34,222,0.968824
36,222,0.968365
38,222,0.967907
40,222,0.967447
42,222,0.966990
44,222,0.966532
46,222,0.966072
48,222,0.965614
50,222,0.965156
52,222,0.964698
54,222,0.964240
56,222,0.963782
58,222,0.963323
60,222,0.961586
62,222,0.961093
64,222,0.960666
66,222,0.960230
68,222,0.959776
70,222,0.959331
72,222,0.958881
74,222,0.958433
76,222,0.957796
78,222,0.957355
80,222,0.956832
82,222,0.956313
84,222,0.955843
86,222,0.955309
88,222,0.954781
90,222,0.952563
92,222,0.952132
94,222,0.951658
96,222,0.951136
98,222,0.950554
100,222,0.949455
102,222,0.948892
104,222,0.948331
106,222,0.946871
108,222,0.946120
110,222,0.945090
112,222,0.944088
114,222,0.943247
116,222,0.942152
118,222,0.941081
120,222,0.919134
122,222,0.918555
124,222,0.918006
126,222,0.917359
128,222,0.916529
130,222,0.915787
132,222,0.914978
134,222,0.914175
136,222,0.911750
138,222,0.910990
140,222,0.909532
142,222,0.908126
144,222,0.907094
146,222,0.905545
148,222,0.904052
150,222,0.892313
152,222,0.891529
154,222,0.890454
156,222,0.889086
158,222,0.887422
160,222,0.882881
162,222,0.881352
164,222,0.879817
166,222,0.874037
168,222,0.871593
170,222,0.867793
172,222,0.864360
174,222,0.861532
176,222,0.857647
178,222,0.853927
180,222,0.777852
182,222,0.776781
184,222,0.775632
186,222,0.774133
188,222,0.772087
190,222,0.770249
192,222,0.768231
194,222,0.766197
196,222,0.759112
198,222,0.757218
200,222,0.752955
202,222,0.749183
204,222,0.746302
206,222,0.741889
208,222,0.737666
210,222,0.701767
212,222,0.699866
214,222,0.696900
216,222,0.693015
218,222,0.688625
220,222,0.673412
222,222,0.669458
224,222,0.665442
226,222,0.649060
228,222,0.641653
230,222,0.630066
232,222,0.620354
234,222,0.611567
236,222,0.600156
238,222,0.589092
240,222,0.398527
242,222,0.397829
244,222,0.396933
246,222,0.394795
248,222,0.392052
250,222,0.389069
252,222,0.386075
254,222,0.382803
256,222,0.369037
258,222,0.366136
260,222,0.357273
262,222,0.351099
264,222,0.345304
266,222,0.337255
268,222,0.329408
270,222,0.252104
272,222,0.249556
274,222,0.243293
276,222,0.235870
278,222,0.228934
280,222,0.185741
282,222,0.179201
284,222,0.172525
286,222,0.143297
288,222,0.121047
290,222,0.103044
292,222,0.080954
294,222,0.060473
296,222,0.036730
298,222,0.012407
0,224,0.979305
2,224,0.978862
4,224,0.978447
6,224,0.978033
8,224,0.977620
10,224,0.977208
12,224,0.976796
14,224,0.976385
16,224,0.975974
18,224,0.975564
20,224,0.975154
22,224,0.974744
24,224,0.974335
26,224,0.973926
28,224,0.973517
30,224,0.973104
32,224,0.972696
34,224,0.972289
36,224,0.971881
38,224,0.971474
40,224,0.971066
42,224,0.970659
44,224,0.970252
46,224,0.969843
48,224,0.969436
50,224,0.969029
52,224,0.968622
54,224,0.968215
56,224,0.967808
58,224,0.967401
60,224,0.965659
62,224,0.965226
64,224,0.964849
66,224,0.964464
68,224,0.964060
70,224,0.963667
72,224,0.963268
74,224,0.962870
76,224,0.962281
78,224,0.961891
80,224,0.961418
82,224,0.960949
84,224,0.960530
86,224,0.960046
88,224,0.959568
90,224,0.957386
92,224,0.957006
94,224,0.956583
96,224,0.956116
98,224,0.955589
100,224,0.954541
102,224,0.954034
104,224,0.953528
106,224,0.952137
108,224,0.951442
110,224,0.950478
112,224,0.949543
114,224,0.948763
116,224,0.947739
118,224,0.946741
120,224,0.925175
122,224,0.924657
124,224,0.924165
126,224,0.923581
128,224,0.922826
130,224,0.922153
132,224,0.921419
134,224,0.920690
136,224,0.918413
138,224,0.917726
140,224,0.916370
142,224,0.915071
144,224,0.914124
146,224,0.912689
148,224,0.911308
150,224,0.900076
152,224,0.899367
154,224,0.898381
156,224,0.897121
158,224,0.895583
160,224,0.891276
162,224,0.889865
164,224,0.888449
166,224,0.883004
168,224,0.880710
170,224,0.877159
172,224,0.873946
174,224,0.871300
176,224,0.867675
178,224,0.864201
180,224,0.786692
182,224,0.785711
184,224,0.784656
186,224,0.783289
188,224,0.781411
190,224,0.779732
192,224,0.777886
194,224,0.776025
196,224,0.769542
198,224,0.767811
200,224,0.763915
202,224,0.760458
204,224,0.757821
206,224,0.753774
208,224,0.749902
210,224,0.711625
212,224,0.709913
214,224,0.707292
216,224,0.703821
218,224,0.699913
220,224,0.683608
222,224,0.680125
224,224,0.676570
226,224,0.658865
228,224,0.651419
230,224,0.639045
232,224,0.628949
234,224,0.619827
236,224,0.607629
238,224,0.595860
240,224,0.403289
242,224,0.402727
244,224,0.402010
246,224,0.399882
248,224,0.397601
250,224,0.394733
252,224,0.392003
254,224,0.388952
256,224,0.373889
258,224,0.371263
260,224,0.361596
262,224,0.355210
264,224,0.349220
266,224,0.340427
268,224,0.331877
270,224,0.254829
272,224,0.252564
274,224,0.245945
276,224,0.237863
278,224,0.230297
280,224,0.187487
282,224,0.180410
284,224,0.173083
286,224,0.144008
288,224,0.121639
290,224,0.103368
292,224,0.081176
294,224,0.060524
296,224,0.036746
298,224,0.012408
0,226,0.981893
2,226,0.981505
4,226,0.981142
6,226,0.980780
8,226,0.980418
10,226,0.980058
12,226,0.979697
14,226,0.979338
16,226,0.978978
18,226,0.978619
20,226,0.978260
22,226,0.977902
24,226,0.977544
26,226,0.977185
28,226,0.976827
30,226,0.976467
32,226,0.976109
34,226,0.975753
36,226,0.975397
38,226,0.975040
40,226,0.974683
42,226,0.974327
44,226,0.973971
46,226,0.973613
48,226,0.973257
50,226,0.972901
52,226,0.972545
54,226,0.972189
56,226,0.971832
58,226,0.971476
60,226,0.969667
62,226,0.969294
64,226,0.968968
66,226,0.968633
68,226,0.968280
70,226,0.967937
72,226,0.967588
74,226,0.967241
76,226,0.966697
78,226,0.966357
80,226,0.965931
82,226,0.965511
84,226,0.965141
86,226,0.964706
88,226,0.964278
90,226,0.962106
92,226,0.961776
94,226,0.961404
96,226,0.960988
98,226,0.960514
100,226,0.959512
102,226,0.959058
104,226,0.958606
106,226,0.957276
108,226,0.956633
110,226,0.955731
112,226,0.954859
114,226,0.954136
116,226,0.953180
118,226,0.952249
120,226,0.931004
122,226,0.930545
124,226,0.930107
126,226,0.929584
128,226,0.928901
130,226,0.928295
132,226,0.927632
134,226,0.926975
136,226,0.924844
138,226,0.924227
140,226,0.922972
142,226,0.921777
144,226,0.920912
146,226,0.919588
148,226,0.918314
150,226,0.907494
152,226,0.906857
154,226,0.905959
156,226,0.904806
158,226,0.903392
160,226,0.899274
162,226,0.897979
164,226,0.896681
166,226,0.891499
168,226,0.889341
170,226,0.885991
172,226,0.882962
174,226,0.880472
176,226,0.877052
178,226,0.873775
180,226,0.800251
182,226,0.799340
184,226,0.798355
186,226,0.797070
188,226,0.795283
190,226,0.793694
192,226,0.791943
194,226,0.790182
196,226,0.783862
198,226,0.782230
200,226,0.778464
202,226,0.775156
204,226,0.772637
206,226,0.768769
208,226,0.765069
210,226,0.732129
212,226,0.730468
214,226,0.727841
216,226,0.724416
218,226,0.720551
220,226,0.706817
222,226,0.703321
224,226,0.699781
226,226,0.685294
228,226,0.678636
230,226,0.668565
232,226,0.660002
234,226,0.652269
236,226,0.642350
238,226,0.632741
240,226,0.416310
242,226,0.415748
244,226,0.415008
246,226,0.413335
248,226,0.411055
250,226,0.408675
252,226,0.406247
254,226,0.403610
256,226,0.391046
258,226,0.388684
260,226,0.380906
262,226,0.375532
264,226,0.370618
266,226,0.363718
268,226,0.357005
270,226,0.267693
272,226,0.265734
274,226,0.260321
276,226,0.253894
278,226,0.247988
280,226,0.198622
282,226,0.192997
284,226,0.187318
286,226,0.154586
288,226,0.130315
290,226,0.111126
292,226,0.087136
294,226,0.065130
296,226,0.039434
298,226,0.013268
0,228,0.984480
2,228,0.984147
4,228,0.983836
6,228,0.983526
8,228,0.983216
10,228,0.982907
12,228,0.982598
14,228,0.982289
16,228,0.981981
18,228,0.981673
20,228,0.981366
22,228,0.981059
24,228,0.980752
26,228,0.980445
28,228,0.980138
30,228,0.979829
32,228,0.979522
34,228,0.979217
36,228,0.978912
38,228,0.978606
40,228,0.978300
42,228,0.977995
44,228,0.977690
46,228,0.977383
48,228,0.977078
50,228,0.976772
52,228,0.976466
54,228,0.976161
56,228,0.975855
58,228,0.975548
60,228,0.973586
62,228,0.973272
64,228,0.972997
66,228,0.972713
68,228,0.972410
70,228,0.972117
72,228,0.971818
74,228,0.971520
76,228,0.971016
78,228,0.970726
80,228,0.970347
82,228,0.969974
84,228,0.969652
86,228,0.969264
88,228,0.968883
90,228,0.966697
92,228,0.966416
94,228,0.966093
96,228,0.965727
98,228,0.965305
100,228,0.964341
102,228,0.963939
104,228,0.963539
106,228,0.962262
108,228,0.961670
110,228,0.960825
112,228,0.960011
114,228,0.959343
116,228,0.958450
118,228,0.957582
120,228,0.936708
122,228,0.936306
124,228,0.935920
126,228,0.935454
128,228,0.934841
130,228,0.934297
132,228,0.933703
134,228,0.933113
136,228,0.931123
138,228,0.930572
140,228,0.929412
142,228,0.928316
144,228,0.927527
146,228,0.926309
148,228,0.925137
150,228,0.914791
152,228,0.914222
154,228,0.913406
156,228,0.912352
158,228,0.911053
160,228,0.907149
162,228,0.905962
164,228,0.904772
166,228,0.899888
168,228,0.897868
170,228,0.894737
172,228,0.891904
174,228,0.889578
176,228,0.886385
178,228,0.883325
180,228,0.810460
182,228,0.809629
184,228,0.808728
186,228,0.807558
188,228,0.805922
190,228,0.804474
192,228,0.802877
194,228,0.801270
196,228,0.795353
198,228,0.793866
200,228,0.790364
202,228,0.787301
204,228,0.784978
206,228,0.781389
208,228,0.777957
210,228,0.744631
212,228,0.743142
214,228,0.740757
216,228,0.737623
218,228,0.734079
220,228,0.720130
222,228,0.716948
224,228,0.713725
226,228,0.698885
228,228,0.692370
230,228,0.682088
232,228,0.673493
234,228,0.665743
236,228,0.655579
238,228,0.645742
240,228,0.423599
242,228,0.423114
244,228,0.422481
246,228,0.420874
248,228,0.418786
250,228,0.416506
252,228,0.414233
254,228,0.411740
256,228,0.399446
258,228,0.397192
260,228,0.389564
262,228,0.384303
264,228,0.379473
266,228,0.372629
268,228,0.365957
270,228,0.273703
272,228,0.271855
274,228,0.266691
276,228,0.260543
278,228,0.254876
280,228,0.203678
282,228,0.198412
284,228,0.193095
286,228,0.159271
288,228,0.134336
290,228,0.114798
292,228,0.090122
294,228,0.067550
296,228,0.040966
298,228,0.013808
0,230,0.987066
2,230,0.986789
4,230,0.986530
6,230,0.986271
8,230,0.986013
10,230,0.985756
12,230,0.985498
14,230,0.985241
16,230,0.984984
18,230,0.984728
20,230,0.984472
22,230,0.984216
24,230,0.983960
26,230,0.983704
28,230,0.983448
30,230,0.983190
32,230,0.982935
34,230,0.982681
36,230,0.982426
38,230,0.982171
40,230,0.981916
42,230,0.981662
44,230,0.981407
46,230,0.981151
48,230,0.980896
50,230,0.980641
52,230,0.980385
54,230,0.980131
56,230,0.979874
58,230,0.979617
60,230,0.977379
62,230,0.977124
64,230,0.976899
66,230,0.976664
68,230,0.976411
70,230,0.976167
72,230,0.975918
74,230,0.975670
76,230,0.975202
78,230,0.974962
80,230,0.974627
82,230,0.974300
84,230,0.974025
86,230,0.973682
88,230,0.973346
90,230,0.971126
92,230,0.970893
94,230,0.970618
96,230,0.970300
98,230,0.969928
100,230,0.968997
102,230,0.968645
104,230,0.968295
106,230,0.967067
108,230,0.966521
110,230,0.965730
112,230,0.964972
114,230,0.964355
116,230,0.963522
118,230,0.962713
120,230,0.942225
122,230,0.941877
124,230,0.941539
126,230,0.941128
128,230,0.940581
130,230,0.940098
132,230,0.939568
134,230,0.939042
136,230,0.937186
138,230,0.936698
140,230,0.935628
142,230,0.934626
144,230,0.933911
146,230,0.932792
148,230,0.931717
150,230,0.921841
152,230,0.921337
154,230,0.920598
156,230,0.919638
158,230,0.918446
160,230,0.914752
162,230,0.913667
164,230,0.912578
166,230,0.907982
168,230,0.906093
170,230,0.903172
172,230,0.900526
174,230,0.898356
176,230,0.895380
178,230,0.892525
180,230,0.822385
182,230,0.821625
184,230,0.820796
186,230,0.819710
188,230,0.818179
190,230,0.816828
192,230,0.815337
194,230,0.813838
196,230,0.808269
198,230,0.806890
200,230,0.803599
202,230,0.800741
204,230,0.798567
206,230,0.795216
208,230,0.792010
210,230,0.761537
212,230,0.760128
214,230,0.757847
216,230,0.754877
218,230,0.751515
220,230,0.738983
222,230,0.735937
224,230,0.732850
226,230,0.719797
228,230,0.713837
230,230,0.704872
232,230,0.697245
234,230,0.690365
236,230,0.681579
238,230,0.673101
240,230,0.432843
242,230,0.432409
244,230,0.431834
246,230,0.430504
248,230,0.428621
250,230,0.426681
252,230,0.424692
254,230,0.422520
256,230,0.411314
258,230,0.409343
260,230,0.402567
262,230,0.397882
264,230,0.393657
266,230,0.387711
268,230,0.381931
270,230,0.281859
272,230,0.280297
274,230,0.275705
276,230,0.270258
278,230,0.265294
280,230,0.210320
282,230,0.205642
284,230,0.200953
286,230,0.165083
288,230,0.139027
290,230,0.118856
292,230,0.093177
294,230,0.069826
296,230,0.042267
298,230,0.014218
0,232,0.989653
2,232,0.989431
4,232,0.989224
6,232,0.989017
8,232,0.988811
10,232,0.988604
12,232,0.988399
14,232,0.988193
16,232,0.987987
18,232,0.987782
20,232,0.987577
22,232,0.987372
24,232,0.987168
26,232,0.986963
28,232,0.986759
30,232,0.986551
32,232,0.986347
34,232,0.986143
36,232,0.985940
38,232,0.985736
40,232,0.985530
42,232,0.985327
44,232,0.985124
46,232,0.984916
48,232,0.984711
50,232,0.984505
52,232,0.984298
54,232,0.984093
56,232,0.983884
58,232,0.983675
60,232,0.980997
62,232,0.980799
64,232,0.980622
66,232,0.980436
68,232,0.980231
70,232,0.980036
72,232,0.979834
74,232,0.979634
76,232,0.979203
78,232,0.979010
80,232,0.978718
82,232,0.978435
84,232,0.978206
86,232,0.977907
88,232,0.977615
90,232,0.975353
92,232,0.975165
94,232,0.974936
96,232,0.974666
98,232,0.974343
100,232,0.973442
102,232,0.973138
104,232,0.972837
106,232,0.971656
108,232,0.971156
110,232,0.970417
112,232,0.969712
114,232,0.969145
116,232,0.968369
118,232,0.967619
120,232,0.947511
122,232,0.947213
124,232,0.946921
126,232,0.946563
128,232,0.946079
130,232,0.945653
132,232,0.945185
134,232,0.944721
136,232,0.942995
138,232,0.942567
140,232,0.941584
142,232,0.940671
144,232,0.940027
146,232,0.939003
148,232,0.938020
150,232,0.928576
152,232,0.928133
154,232,0.927469
156,232,0.926598
158,232,0.925509
160,232,0.922006
162,232,0.921017
164,232,0.920026
166,232,0.915688
168,232,0.913922
170,232,0.911191
172,232,0.908716
174,232,0.906688
176,232,0.903907
178,232,0.901238
180,232,0.833683
182,232,0.832993
184,232,0.832236
186,232,0.831244
188,232,0.829823
190,232,0.828580
192,232,0.827203
194,232,0.825819
196,232,0.820650
198,232,0.819379
200,232,0.816332
202,232,0.813686
204,232,0.811675
206,232,0.808577
208,232,0.805611
210,232,0.776543
212,232,0.775249
214,232,0.773161
216,232,0.770449
218,232,0.767385
220,232,0.755378
222,232,0.752612
224,232,0.749812
226,232,0.737360
228,232,0.731725
230,232,0.723224
232,232,0.715995
234,232,0.709483
236,232,0.701097
238,232,0.692992
240,232,0.441317
242,232,0.440941
244,232,0.440432
246,232,0.439238
248,232,0.437572
250,232,0.435842
252,232,0.434085
254,232,0.432169
256,232,0.421763
258,232,0.420006
260,232,0.413723
262,232,0.409401
264,232,0.405517
266,232,0.399962
268,232,0.394538
270,232,0.289189
272,232,0.287827
274,232,0.283709
276,232,0.278791
278,232,0.274290
280,232,0.216444
282,232,0.212314
284,232,0.208152
286,232,0.170681
288,232,0.143698
290,232,0.123037
292,232,0.096466
294,232,0.072409
296,232,0.043836
298,232,0.014746
0,234,0.992239
2,234,0.992073
4,234,0.991917
6,234,0.991762
8,234,0.991607
10,234,0.991453
12,234,0.991298
14,234,0.991144
16,234,0.990990
18,234,0.990836
20,234,0.990682
22,234,0.990529
24,234,0.990375
26,234,0.990222
28,234,0.990068
30,234,0.989904
32,234,0.989752
34,234,0.989600
36,234,0.989448
38,234,0.989295
40,234,0.989135
42,234,0.988982
44,234,0.988830
46,234,0.988662
48,234,0.988506
50,234,0.988344
52,234,0.988181
54,234,0.988021
56,234,0.987854
58,234,0.987686
60,234,0.984379
62,234,0.984234
64,234,0.984103
66,234,0.983963
68,234,0.983803
70,234,0.983653
72,234,0.983498
74,234,0.983343
76,234,0.982949
78,234,0.982802
80,234,0.982551
82,234,0.982313
84,234,0.982127
86,234,0.981871
88,234,0.981622
90,234,0.979330
92,234,0.979186
94,234,0.979000
96,234,0.978775
98,234,0.978499
100,234,0.977630
102,234,0.977374
104,234,0.977119
106,234,0.975989
108,234,0.975533
110,234,0.974847
112,234,0.974195
114,234,0.973677
116,234,0.972959
118,234,0.972265
120,234,0.952563
122,234,0.952313
124,234,0.952064
126,234,0.951754
128,234,0.951331
130,234,0.950959
132,234,0.950550
134,234,0.950144
136,234,0.948544
138,234,0.948172
140,234,0.947273
142,234,0.946446
144,234,0.945868
146,234,0.944935
148,234,0.944039
150,234,0.935016
152,234,0.934630
154,234,0.934035
156,234,0.933248
158,234,0.932257
160,234,0.928938
162,234,0.928041
164,234,0.927141
166,234,0.923049
168,234,0.921400
170,234,0.918847
172,234,0.916534
174,234,0.914642
176,234,0.912045
178,234,0.909550
180,234,0.844588
182,234,0.843970
184,234,0.843288
186,234,0.842383
188,234,0.841077
190,234,0.839936
192,234,0.838670
194,234,0.837398
196,234,0.832596
198,234,0.831437
200,234,0.828607
202,234,0.826160
204,234,0.824303
206,234,0.821425
208,234,0.818671
210,234,0.790696
212,234,0.789510
214,234,0.787601
216,234,0.785115
218,234,0.782291
220,234,0.770685
222,234,0.768147
224,234,0.765561
226,234,0.753603
228,234,0.748217
230,234,0.740107
232,234,0.733201
234,234,0.726983
236,234,0.718952
238,234,0.711201
240,234,0.449038
242,234,0.448710
244,234,0.448268
246,234,0.447206
248,234,0.445771
250,234,0.444247
252,234,0.442705
254,234,0.441010
256,234,0.431165
258,234,0.429612
260,234,0.423678
262,234,0.419641
264,234,0.416031
266,234,0.410783
268,234,0.405658
270,234,0.295717
272,234,0.294556
274,234,0.290801
276,234,0.286273
278,234,0.282130
280,234,0.221848
282,234,0.218129
284,234,0.214370
286,234,0.175531
288,234,0.147746
290,234,0.126640
292,234,0.099303
294,234,0.074629
296,234,0.045189
298,234,0.015205
0,236,0.994809
2,236,0.994699
4,236,0.994597
6,236,0.994494
8,236,0.994392
10,236,0.994290
12,236,0.994188
14,236,0.994086
16,236,0.993981
18,236,0.993879
20,236,0.993776
22,236,0.993674
24,236,0.993572
26,236,0.993470
28,236,0.993367
30,236,0.993192
32,236,0.993095
34,236,0.992996
36,236,0.992896
38,236,0.992794
40,236,0.992658
42,236,0.992556
44,236,0.992455
46,236,0.992297
48,236,0.992181
50,236,0.992049
52,236,0.991916
54,236,0.991794
56,236,0.991654
58,236,0.991514
60,236,0.987462
62,236,0.987363
64,236,0.987273
66,236,0.987173
68,236,0.987056
70,236,0.986947
72,236,0.986833
74,236,0.986720
76,236,0.986369
78,236,0.986263
80,236,0.986053
82,236,0.985857
84,236,0.985712
86,236,0.985498
88,236,0.985291
90,236,0.983008
92,236,0.982902
94,236,0.982757
96,236,0.982575
98,236,0.982345
100,236,0.981514
102,236,0.981303
104,236,0.981092
106,236,0.980023
108,236,0.979611
110,236,0.978980
112,236,0.978383
114,236,0.977914
116,236,0.977254
118,236,0.976619
120,236,0.957333
122,236,0.957126
124,236,0.956917
126,236,0.956653
128,236,0.956286
130,236,0.955966
132,236,0.955613
134,236,0.955262
136,236,0.953786
138,236,0.953467
140,236,0.952649
142,236,0.951903
144,236,0.951389
146,236,0.950544
148,236,0.949733
150,236,0.941082
152,236,0.940750
154,236,0.940222
156,236,0.939515
158,236,0.938617
160,236,0.935461
162,236,0.934651
164,236,0.933838
166,236,0.929961
168,236,0.928418
170,236,0.926024
172,236,0.923854
174,236,0.922084
176,236,0.919647
178,236,0.917306
180,236,0.856796
182,236,0.856244
184,236,0.855629
186,236,0.854803
188,236,0.853589
190,236,0.852535
192,236,0.851364
194,236,0.850188
196,236,0.845649
198,236,0.844583
200,236,0.841925
202,236,0.839639
204,236,0.837908
206,236,0.835221
208,236,0.832649
210,236,0.807636
212,236,0.806542
214,236,0.804744
216,236,0.802416
218,236,0.799760
220,236,0.789462
222,236,0.787066
224,236,0.784634
226,236,0.774129
228,236,0.769246
230,236,0.762155
232,236,0.756022
234,236,0.750505
236,236,0.743500
238,236,0.736732
240,236,0.458202
242,236,0.457912
244,236,0.457508
246,236,0.456631
248,236,0.455328
250,236,0.454033
252,236,0.452686
254,236,0.451226
256,236,0.442904
258,236,0.441554
260,236,0.436509
262,236,0.433068
264,236,0.429962
266,236,0.425474
268,236,0.421082
270,236,0.303852
272,236,0.302832
274,236,0.299777
276,236,0.296104
278,236,0.292713
280,236,0.228608
282,236,0.225690
284,236,0.222718
286,236,0.181817
288,236,0.152914
290,236,0.131262
292,236,0.102892
294,236,0.077435
296,236,0.046869
298,236,0.015762
0,238,0.997154
2,238,0.997101
4,238,0.997053
6,238,0.997005
8,238,0.996956
10,238,0.996909
12,238,0.996862
14,238,0.996816
16,238,0.996745
18,238,0.996700
20,238,0.996645
22,238,0.996591
24,238,0.996542
26,238,0.996487
28,238,0.996433
30,238,0.996094
32,238,0.996053
34,238,0.996007
36,238,0.995956
38,238,0.995901
40,238,0.995752
42,238,0.995698
44,238,0.995645
46,238,0.995461
48,238,0.995375
50,238,0.995257
52,238,0.995143
54,238,0.995048
56,238,0.994924
58,238,0.994803
60,238,0.990189
62,238,0.990129
64,238,0.990072
66,238,0.990006
68,238,0.989925
70,238,0.989852
72,238,0.989774
74,238,0.989698
76,238,0.989394
78,238,0.989323
80,238,0.989153
82,238,0.988998
84,238,0.988890
86,238,0.988717
88,238,0.988551
90,238,0.986340
92,238,0.986267
94,238,0.986158
96,238,0.986016
98,238,0.985830
100,238,0.985049
102,238,0.984879
104,238,0.984711
106,238,0.983718
108,238,0.983350
110,238,0.982778
112,238,0.982240
114,238,0.981820
116,238,0.981224
118,238,0.980649
120,238,0.961792
122,238,0.961625
124,238,0.961453
126,238,0.961231
128,238,0.960918
130,238,0.960646
132,238,0.960345
134,238,0.960047
136,238,0.958694
138,238,0.958424
140,238,0.957685
142,238,0.957019
144,238,0.956565
146,238,0.955804
148,238,0.955075
150,238,0.946749
152,238,0.946467
154,238,0.946001
156,238,0.945370
158,238,0.944561
160,238,0.941546
162,238,0.940819
164,238,0.940089
166,238,0.936398
168,238,0.934952
170,238,0.932697
172,238,0.930654
174,238,0.928993
176,238,0.926697
178,238,0.924489
180,238,0.869012
182,238,0.868523
184,238,0.867973
186,238,0.867220
188,238,0.866100
190,238,0.865130
192,238,0.864050
194,238,0.862967
196,238,0.858664
198,238,0.857688
200,238,0.855179
202,238,0.853039
204,238,0.851421
206,238,0.848897
208,238,0.846480
210,238,0.824302
212,238,0.823303
214,238,0.821629
216,238,0.819462
218,238,0.816975
220,238,0.807909
222,238,0.805668
224,238,0.803393
226,238,0.794073
228,238,0.789681
230,238,0.783372
232,238,0.777887
234,238,0.772955
236,238,0.766721
238,238,0.760667
240,238,0.467168
242,238,0.466911
244,238,0.466545
246,238,0.465820
248,238,0.464632
250,238,0.463523
252,238,0.462327
254,238,0.461045
256,238,0.454367
258,238,0.453194
260,238,0.449006
262,238,0.446172
264,238,0.443519
266,238,0.439712
268,238,0.435977
270,238,0.311785
272,238,0.310859
274,238,0.308521
276,238,0.305710
278,238,0.303044
280,238,0.235208
282,238,0.233105
284,238,0.230909
286,238,0.188002
288,238,0.158008
290,238,0.135829
292,238,0.106449
294,238,0.080224
296,238,0.048542
298,238,0.016319
0,240,0.998702
2,240,0.998688
4,240,0.998676
6,240,0.998665
8,240,0.998653
10,240,0.998642
12,240,0.998632
14,240,0.998623
16,240,0.998580
18,240,0.998572
20,240,0.998550
22,240,0.998531
24,240,0.998518
26,240,0.998496
28,240,0.998475
30,240,0.998073
32,240,0.998066
34,240,0.998053
36,240,0.998036
38,240,0.998013
40,240,0.997873
42,240,0.997852
44,240,0.997831
46,240,0.997660
48,240,0.997599
50,240,0.997506
52,240,0.997417
54,240,0.997348
56,240,0.997249
58,240,0.997154
60,240,0.992526
62,240,0.992495
64,240,0.992464
66,240,0.992426
68,240,0.992374
70,240,0.992329
72,240,0.992280
74,240,0.992232
76,240,0.991981
78,240,0.991938
80,240,0.991806
82,240,0.991688
84,240,0.991611
86,240,0.991477
88,240,0.991349
90,240,0.989288
92,240,0.989243
94,240,0.989165
96,240,0.989058
98,240,0.988913
100,240,0.988197
102,240,0.988066
104,240,0.987936
106,240,0.987036
108,240,0.986714
110,240,0.986208
112,240,0.985732
114,240,0.985364
116,240,0.984834
118,240,0.984325
120,240,0.965964
122,240,0.965833
124,240,0.965693
126,240,0.965511
128,240,0.965249
130,240,0.965022
132,240,0.964769
134,240,0.964520
136,240,0.963292
138,240,0.963068
140,240,0.962407
142,240,0.961818
144,240,0.961422
146,240,0.960745
148,240,0.960095
150,240,0.952061
152,240,0.951826
154,240,0.951420
156,240,0.950863
158,240,0.950141
160,240,0.947247
162,240,0.946600
164,240,0.945951
166,240,0.942423
168,240,0.941065
170,240,0.938933
172,240,0.937005
174,240,0.935441
176,240,0.933266
178,240,0.931176
180,240,0.878738
182,240,0.878308
184,240,0.877819
186,240,0.877127
188,240,0.876084
190,240,0.875180
192,240,0.874174
194,240,0.873164
196,240,0.868959
198,240,0.868058
200,240,0.865623
202,240,0.863576
204,240,0.862034
206,240,0.859602
208,240,0.857274
210,240,0.837520
212,240,0.836575
214,240,0.834936
216,240,0.832822
218,240,0.830381
220,240,0.822548
222,240,0.820331
224,240,0.818079
226,240,0.810086
228,240,0.806134
230,240,0.800747
232,240,0.795971
234,240,0.791674
236,240,0.786433
238,240,0.781352
240,240,0.668607
242,240,0.668071
244,240,0.667306
246,240,0.666215
248,240,0.664327
250,240,0.662748
252,240,0.661004
254,240,0.659202
256,240,0.652371
258,240,0.650752
260,240,0.646417
262,240,0.643334
264,240,0.640425
266,240,0.636589
268,240,0.632866
270,240,0.599746
272,240,0.597995
274,240,0.594734
276,240,0.591058
278,240,0.587621
280,240,0.570594
282,240,0.567230
284,240,0.563865
286,240,0.552556
288,240,0.543935
290,240,0.536846
292,240,0.528578
294,240,0.520962
296,240,0.512541
298,240,0.504169
0,242,0.998875
2,242,0.998864
4,242,0.998854
6,242,0.998845
8,242,0.998835
10,242,0.998827
12,242,0.998819
14,242,0.998811
16,242,0.998776
18,242,0.998770
20,242,0.998751
22,242,0.998735
24,242,0.998725
26,242,0.998707
28,242,0.998690
30,242,0.998338
32,242,0.998332
34,242,0.998322
36,242,0.998308
38,242,0.998289
40,242,0.998166
42,242,0.998149
44,242,0.998132
46,242,0.997984
48,242,0.997930
50,242,0.997850
52,242,0.997773
54,242,0.997714
56,242,0.997629
58,242,0.997547
60,242,0.993311
62,242,0.993284
64,242,0.993257
66,242,0.993225
68,242,0.993182
70,242,0.993144
72,242,0.993102
74,242,0.993062
76,242,0.992844
78,242,0.992808
80,242,0.992693
82,242,0.992592
84,242,0.992526
86,242,0.992411
88,242,0.992300
90,242,0.990424
92,242,0.990386
94,242,0.990320
96,242,0.990228
98,242,0.990103
100,242,0.989449
102,242,0.989337
104,242,0.989226
106,242,0.988413
108,242,0.988123
110,242,0.987668
112,242,0.987242
114,242,0.986910
116,242,0.986434
118,242,0.985976
120,242,0.968446
122,242,0.968330
124,242,0.968208
126,242,0.968047
128,242,0.967818
130,242,0.967619
132,242,0.967398
134,242,0.967180
136,242,0.966062
138,242,0.965867
140,242,0.965269
142,242,0.964740
144,242,0.964386
146,242,0.963776
148,242,0.963191
150,242,0.955516
152,242,0.955311
154,242,0.954950
156,242,0.954451
158,242,0.953801
160,242,0.951039
162,242,0.950458
164,242,0.949875
166,242,0.946523
168,242,0.945247
170,242,0.943238
172,242,0.941421
174,242,0.939950
176,242,0.937896
178,242,0.935921
180,242,0.882733
182,242,0.882346
184,242,0.881912
186,242,0.881289
188,242,0.880348
190,242,0.879530
192,242,0.878618
194,242,0.877702
196,242,0.873613
198,242,0.872801
200,242,0.870462
202,242,0.868516
204,242,0.867069
206,242,0.864739
208,242,0.862509
210,242,0.841711
212,242,0.840867
214,242,0.839337
216,242,0.837327
218,242,0.834983
220,242,0.826694
222,242,0.824579
224,242,0.822426
226,242,0.813865
228,242,0.809802
230,242,0.804068
232,242,0.799035
234,242,0.794520
236,242,0.788887
238,242,0.783410
240,242,0.669800
242,242,0.669283
244,242,0.668519
246,242,0.667391
248,242,0.665487
250,242,0.663877
252,242,0.662119
254,242,0.660315
256,242,0.653259
258,242,0.651620
260,242,0.647149
262,242,0.644002
264,242,0.641027
266,242,0.637062
268,242,0.633211
270,242,0.600124
272,242,0.598345
274,242,0.595016
276,242,0.591259
278,242,0.587748
280,242,0.570745
282,242,0.567322
284,242,0.563902
286,242,0.552597
288,242,0.543965
290,242,0.536860
292,242,0.528585
294,242,0.520964
296,242,0.512541
298,242,0.504169
0,244,0.999031
2,244,0.999022
4,244,0.999015
6,244,0.999007
8,244,0.999000
10,244,0.998993
12,244,0.998987
14,244,0.998981
16,244,0.998952
18,244,0.998947
20,244,0.998931
22,244,0.998919
24,244,0.998910
26,244,0.998895
28,244,0.998881
30,244,0.998577
32,244,0.998572
34,244,0.998564
36,244,0.998552
38,244,0.998537
40,244,0.998429
42,244,0.998415
44,244,0.998402
46,244,0.998274
48,244,0.998228
50,244,0.998160
52,244,0.998094
54,244,0.998043
56,244,0.997970
58,244,0.997900
60,244,0.994045
62,244,0.994023
64,244,0.994001
66,244,0.993973
68,244,0.993937
70,244,0.993905
72,244,0.993871
74,244,0.993837
76,244,0.993649
78,244,0.993618
80,244,0.993520
82,244,0.993434
84,244,0.993377
86,244,0.993279
88,244,0.993184
90,244,0.991488
92,244,0.991456
94,244,0.991400
96,244,0.991321
98,244,0.991215
100,244,0.990622
102,244,0.990526
104,244,0.990431
106,244,0.989703
108,244,0.989443
110,244,0.989037
112,244,0.988657
114,244,0.988360
116,244,0.987936
118,244,0.987526
120,244,0.970894
122,244,0.970792
124,244,0.970685
126,244,0.970545
128,244,0.970345
130,244,0.970171
132,244,0.969979
134,244,0.969789
136,244,0.968779
138,244,0.968610
140,244,0.968072
142,244,0.967601
144,244,0.967286
146,244,0.966741
148,244,0.966217
150,244,0.958952
152,244,0.958774
154,244,0.958454
156,244,0.958009
158,244,0.957428
160,244,0.954816
162,244,0.954297
164,244,0.953777
166,244,0.950628
168,244,0.949438
170,244,0.947564
172,244,0.945870
174,244,0.944500
176,244,0.942583
178,244,0.940740
180,244,0.887004
182,244,0.886657
184,244,0.886271
186,244,0.885715
188,244,0.884880
190,244,0.884148
192,244,0.883335
194,244,0.882519
196,244,0.878655
198,244,0.877933
200,244,0.875742
202,244,0.873932
204,244,0.872597
206,244,0.870414
208,244,0.868325
210,244,0.846361
212,244,0.845621
214,244,0.844250
216,244,0.842416
218,244,0.840255
220,244,0.831403
222,244,0.829481
224,244,0.827513
226,244,0.818260
228,244,0.814098
230,244,0.807958
232,244,0.802652
234,244,0.797906
236,244,0.791813
238,244,0.785877
240,244,0.671491
242,244,0.671005
244,244,0.670280
246,244,0.669166
248,244,0.667196
250,244,0.665537
252,244,0.663688
254,244,0.661755
256,244,0.654564
258,244,0.652845
260,244,0.648226
262,244,0.644957
264,244,0.641840
266,244,0.637710
268,244,0.633695
270,244,0.600778
272,244,0.598862
274,244,0.595411
276,244,0.591552
278,244,0.587931
280,244,0.570985
282,244,0.567464
284,244,0.563959
286,244,0.552657
288,244,0.544007
290,244,0.536879
292,244,0.528595
294,244,0.520965
296,244,0.512541
298,244,0.504169
0,246,0.999172
2,246,0.999165
4,246,0.999159
6,246,0.999153
8,246,0.999147
10,246,0.999142
12,246,0.999137
14,246,0.999132
16,246,0.999109
18,246,0.999105
20,246,0.999092
22,246,0.999082
24,246,0.999075
26,246,0.999063
28,246,0.999052
30,246,0.998790
32,246,0.998786
34,246,0.998779
36,246,0.998770
38,246,0.998758
40,246,0.998665
42,246,0.998653
44,246,0.998642
46,246,0.998534
48,246,0.998494
50,246,0.998436
52,246,0.998381
54,246,0.998337
56,246,0.998275
58,246,0.998215
60,246,0.994731
62,246,0.994712
64,246,0.994693
66,246,0.994670
68,246,0.994640
70,246,0.994614
72,246,0.994585
74,246,0.994557
76,246,0.994396
78,246,0.994371
80,246,0.994287
82,246,0.994214
84,246,0.994166
86,246,0.994083
88,246,0.994002
90,246,0.992479
92,246,0.992453
94,246,0.992406
96,246,0.992339
98,246,0.992249
100,246,0.991714
102,246,0.991633
104,246,0.991553
106,246,0.990905
108,246,0.990673
110,246,0.990314
112,246,0.989977
114,246,0.989713
116,246,0.989336
118,246,0.988973
120,246,0.973277
122,246,0.973187
124,246,0.973093
126,246,0.972972
128,246,0.972799
130,246,0.972649
132,246,0.972483
134,246,0.972319
136,246,0.971414
138,246,0.971268
140,246,0.970788
142,246,0.970371
144,246,0.970094
146,246,0.969610
148,246,0.969145
150,246,0.962300
152,246,0.962147
154,246,0.961865
156,246,0.961473
158,246,0.960958
160,246,0.958497
162,246,0.958038
164,246,0.957578
166,246,0.954630
168,246,0.953525
170,246,0.951785
172,246,0.950211
174,246,0.948939
176,246,0.947156
178,246,0.945439
180,246,0.892352
182,246,0.892040
184,246,0.891695
186,246,0.891197
188,246,0.890444
190,246,0.889787
192,246,0.889055
194,246,0.888321
196,246,0.884620
198,246,0.883973
200,246,0.881899
202,246,0.880203
204,246,0.878964
206,246,0.876909
208,246,0.874942
210,246,0.853461
212,246,0.852795
214,246,0.851503
216,246,0.849768
218,246,0.847716
220,246,0.839132
222,246,0.837304
224,246,0.835441
226,246,0.826559
228,246,0.822540
230,246,0.816712
232,246,0.811625
234,246,0.807089
236,246,0.801285
238,246,0.795623
240,246,0.673808
242,246,0.673341
244,246,0.672703
246,246,0.671683
248,246,0.669606
250,246,0.667938
252,246,0.666022
254,246,0.663996
256,246,0.656766
258,246,0.654977
260,246,0.650372
262,246,0.647045
264,246,0.643857
266,246,0.639767
268,246,0.635806
270,246,0.601918
272,246,0.599860
274,246,0.596315
276,246,0.592431
278,246,0.588804
280,246,0.571536
282,246,0.567953
284,246,0.564445
286,246,0.552953
288,246,0.544214
290,246,0.537027
292,246,0.528683
294,246,0.521015
296,246,0.512559
298,246,0.504171
0,248,0.999298
2,248,0.999293
4,248,0.999288
6,248,0.999284
8,248,0.999279
10,248,0.999275
12,248,0.999271
14,248,0.999267
16,248,0.999248
18,248,0.999245
20,248,0.999235
22,248,0.999227
24,248,0.999221
26,248,0.999212
28,248,0.999203
30,248,0.998979
32,248,0.998976
34,248,0.998971
36,248,0.998964
38,248,0.998954
40,248,0.998873
42,248,0.998865
44,248,0.998856
46,248,0.998764
48,248,0.998731
50,248,0.998682
52,248,0.998635
54,248,0.998597
56,248,0.998545
58,248,0.998495
60,248,0.995366
62,248,0.995350
64,248,0.995335
66,248,0.995316
68,248,0.995291
70,248,0.995269
72,248,0.995246
74,248,0.995223
76,248,0.995086
78,248,0.995066
80,248,0.994994
82,248,0.994933
84,248,0.994893
86,248,0.994823
88,248,0.994755
90,248,0.993397
92,248,0.993376
94,248,0.993336
96,248,0.993280
98,248,0.993205
100,248,0.992726
102,248,0.992658
104,248,0.992590
106,248,0.992018
108,248,0.991812
110,248,0.991496
112,248,0.991200
114,248,0.990967
116,248,0.990635
118,248,0.990316
120,248,0.975593
122,248,0.975515
124,248,0.975434
126,248,0.975329
128,248,0.975181
130,248,0.975051
132,248,0.974909
134,248,0.974768
136,248,0.973963
138,248,0.973838
140,248,0.973413
142,248,0.973047
144,248,0.972804
146,248,0.972378
148,248,0.971968
150,248,0.965570
152,248,0.965438
154,248,0.965192
156,248,0.964848
158,248,0.964395
160,248,0.962094
162,248,0.961690
164,248,0.961286
166,248,0.958551
168,248,0.957531
170,248,0.955928
172,248,0.954478
174,248,0.953306
176,248,0.951661
178,248,0.950078
180,248,0.897413
182,248,0.897133
184,248,0.896827
186,248,0.896387
188,248,0.895723
190,248,0.895142
192,248,0.894496
194,248,0.893848
196,248,0.890391
198,248,0.889822
200,248,0.887900
202,248,0.886340
204,248,0.885210
206,248,0.883309
208,248,0.881490
210,248,0.859785
212,248,0.859205
214,248,0.858044
216,248,0.856463
218,248,0.854579
220,248,0.845883
222,248,0.844219
224,248,0.842521
226,248,0.833519
228,248,0.829546
230,248,0.823696
232,248,0.818611
234,248,0.814088
236,248,0.808222
238,248,0.802489
240,248,0.677715
242,248,0.677341
244,248,0.676793
246,248,0.675816
248,248,0.673974
250,248,0.672418
252,248,0.670681
254,248,0.668859
256,248,0.660849
258,248,0.659272
260,248,0.654176
262,248,0.650724
264,248,0.647430
266,248,0.642840
268,248,0.638362
270,248,0.604473
272,248,0.602601
274,248,0.598820
276,248,0.594438
278,248,0.590284
280,248,0.573250
282,248,0.569238
284,248,0.565130
286,248,0.553750
288,248,0.544873
290,248,0.537415
292,248,0.528948
294,248,0.521094
296,248,0.512585
298,248,0.504172
0,250,0.999410
2,250,0.999406
4,250,0.999402
6,250,0.999399
8,250,0.999395
10,250,0.999392
12,250,0.999389
14,250,0.999386
16,250,0.999371
18,250,0.999369
20,250,0.999361
22,250,0.999354
24,250,0.999350
26,250,0.999342
28,250,0.999335
30,250,0.999146
32,250,0.999144
34,250,0.999140
36,250,0.999134
38,250,0.999126
40,250,0.999058
42,250,0.999051
44,250,0.999044
46,250,0.998967
48,250,0.998939
50,250,0.998898
52,250,0.998858
54,250,0.998827
56,250,0.998784
58,250,0.998741
60,250,0.995952
62,250,0.995939
64,250,0.995926
66,250,0.995911
68,250,0.995890
70,250,0.995873
72,250,0.995853
74,250,0.995834
76,250,0.995720
78,250,0.995703
80,250,0.995643
82,250,0.995593
84,250,0.995559
86,250,0.995501
88,250,0.995444
90,250,0.994242
92,250,0.994225
94,250,0.994192
96,250,0.994145
98,250,0.994083
100,250,0.993656
102,250,0.993600
104,250,0.993544
106,250,0.993042
108,250,0.992861
110,250,0.992585
112,250,0.992326
114,250,0.992122
116,250,0.991832
118,250,0.991552
120,250,0.977831
122,250,0.977763
124,250,0.977693
126,250,0.977603
128,250,0.977476
130,250,0.977366
132,250,0.977244
134,250,0.977124
136,250,0.976414
138,250,0.976307
140,250,0.975934
142,250,0.975615
144,250,0.975403
146,250,0.975031
148,250,0.974672
150,250,0.968735
152,250,0.968624
154,250,0.968410
156,250,0.968110
158,250,0.967715
160,250,0.965577
162,250,0.965225
164,250,0.964873
166,250,0.962355
168,250,0.961419
170,250,0.959954
172,250,0.958628
174,250,0.957554
176,250,0.956049
178,250,0.954598
180,250,0.903160
182,250,0.902908
184,250,0.902636
186,250,0.902241
188,250,0.901649
190,250,0.901129
192,250,0.900552
194,250,0.899975
196,250,0.896732
198,250,0.896227
200,250,0.894439
202,250,0.893003
204,250,0.891969
206,250,0.890213
208,250,0.888532
210,250,0.867585
212,250,0.867058
214,250,0.865969
216,250,0.864486
218,250,0.862714
220,250,0.854443
222,250,0.852864
224,250,0.851257
226,250,0.842797
228,250,0.839044
230,250,0.833615
232,250,0.828877
234,250,0.824669
236,250,0.819294
238,250,0.814075
240,250,0.680981
242,250,0.680664
244,250,0.680217
246,250,0.679307
248,250,0.677568
250,250,0.676073
252,250,0.674409
254,250,0.672656
256,250,0.664294
258,250,0.662809
260,250,0.657536
262,250,0.654058
264,250,0.650729
266,250,0.646015
268,250,0.641442
270,250,0.606450
272,250,0.604613
274,250,0.600698
276,250,0.596114
278,250,0.591768
280,250,0.574473
282,250,0.570257
284,250,0.565916
286,250,0.554390
288,250,0.545363
290,250,0.537734
292,250,0.529154
294,250,0.521179
296,250,0.512614
298,250,0.504174
0,252,0.999508
2,252,0.999505
4,252,0.999503
6,252,0.999500
8,252,0.999497
10,252,0.999495
12,252,0.999493
14,252,0.999491
16,252,0.999479
18,252,0.999477
20,252,0.999471
22,252,0.999465
24,252,0.999462
26,252,0.999456
28,252,0.999450
30,252,0.999292
32,252,0.999291
34,252,0.999287
36,252,0.999283
38,252,0.999277
40,252,0.999219
42,252,0.999213
44,252,0.999208
46,252,0.999144
48,252,0.999121
50,252,0.999087
52,252,0.999054
54,252,0.999028
56,252,0.998992
58,252,0.998957
60,252,0.996489
62,252,0.996478
64,252,0.996468
66,252,0.996455
68,252,0.996439
70,252,0.996424
72,252,0.996409
74,252,0.996394
76,252,0.996298
78,252,0.996285
80,252,0.996235
82,252,0.996194
84,252,0.996166
86,252,0.996118
88,252,0.996071
90,252,0.995016
92,252,0.995002
94,252,0.994974
96,252,0.994936
98,252,0.994885
100,252,0.994508
102,252,0.994461
104,252,0.994415
106,252,0.993979
108,252,0.993820
110,252,0.993582
112,252,0.993357
114,252,0.993179
116,252,0.992928
118,252,0.992685
120,252,0.979974
122,252,0.979916
124,252,0.979856
126,252,0.979780
128,252,0.979672
130,252,0.979579
132,252,0.979476
134,252,0.979374
136,252,0.978753
138,252,0.978663
140,252,0.978337
142,252,0.978061
144,252,0.977878
146,252,0.977555
148,252,0.977245
150,252,0.971771
152,252,0.971677
154,252,0.971493
156,252,0.971233
158,252,0.970892
160,252,0.968917
162,252,0.968613
164,252,0.968308
166,252,0.966006
168,252,0.965151
170,252,0.963822
172,252,0.962615
174,252,0.961638
176,252,0.960269
178,252,0.958949
180,252,0.908878
182,252,0.908653
184,252,0.908410
186,252,0.908062
188,252,0.907540
190,252,0.907083
192,252,0.906576
194,252,0.906068
196,252,0.903098
198,252,0.902655
200,252,0.901029
202,252,0.899729
204,252,0.898798
206,252,0.897206
208,252,0.895681
210,252,0.875110
212,252,0.874653
214,252,0.873683
216,252,0.872353
218,252,0.870761
220,252,0.862610
222,252,0.861199
224,252,0.859765
226,252,0.851423
228,252,0.847798
230,252,0.842477
232,252,0.837851
234,252,0.833749
236,252,0.828433
238,252,0.823256
240,252,0.684567
242,252,0.684327
244,252,0.683992
246,252,0.683105
248,252,0.681628
250,252,0.680218
252,252,0.678710
254,252,0.677105
256,252,0.668135
258,252,0.666839
260,252,0.661200
262,252,0.657698
264,252,0.654334
266,252,0.649313
268,252,0.644466
270,252,0.608711
272,252,0.607013
274,252,0.602932
276,252,0.598026
278,252,0.593361
280,252,0.575944
282,252,0.571445
284,252,0.566742
286,252,0.555138
288,252,0.545949
290,252,0.538106
292,252,0.529399
294,252,0.521274
296,252,0.512646
298,252,0.504176
0,254,0.999595
2,254,0.999592
4,254,0.999590
6,254,0.999588
8,254,0.999586
10,254,0.999585
12,254,0.999583
14,254,0.999581
16,254,0.999572
18,254,0.999571
20,254,0.999566
22,254,0.999562
24,254,0.999559
26,254,0.999555
28,254,0.999550
30,254,0.999419
32,254,0.999418
34,254,0.999415
36,254,0.999412
38,254,0.999407
40,254,0.999359
42,254,0.999354
44,254,0.999350
46,254,0.999298
48,254,0.999278
50,254,0.999251
52,254,0.999224
54,254,0.999203
56,254,0.999173
58,254,0.999144
60,254,0.996978
62,254,0.996970
64,254,0.996961
66,254,0.996951
68,254,0.996938
70,254,0.996927
72,254,0.996914
74,254,0.996902
76,254,0.996823
78,254,0.996813
80,254,0.996772
82,254,0.996738
84,254,0.996715
86,254,0.996676
88,254,0.996638
90,254,0.995719
92,254,0.995708
94,254,0.995686
96,254,0.995654
98,254,0.995613
100,254,0.995282
102,254,0.995245
104,254,0.995207
106,254,0.994831
108,254,0.994693
110,254,0.994489
112,254,0.994295
114,254,0.994142
116,254,0.993926
118,254,0.993716
120,254,0.982014
122,254,0.981964
124,254,0.981913
126,254,0.981849
128,254,0.981759
130,254,0.981680
132,254,0.981593
134,254,0.981508
136,254,0.980969
138,254,0.980894
140,254,0.980612
142,254,0.980376
144,254,0.980219
146,254,0.979941
148,254,0.979674
150,254,0.974659
152,254,0.974581
154,254,0.974423
156,254,0.974201
158,254,0.973908
160,254,0.972094
162,254,0.971833
164,254,0.971572
166,254,0.969480
168,254,0.968703
170,254,0.967503
172,254,0.966412
174,254,0.965527
176,254,0.964289
178,254,0.963094
180,254,0.914917
182,254,0.914716
184,254,0.914499
186,254,0.914194
188,254,0.913732
190,254,0.913330
192,254,0.912883
194,254,0.912437
196,254,0.909726
198,254,0.909337
200,254,0.907863
202,254,0.906689
204,254,0.905854
206,254,0.904417
208,254,0.903041
210,254,0.883235
212,254,0.882836
214,254,0.881969
216,254,0.880774
218,254,0.879340
220,254,0.871499
222,254,0.870228
224,254,0.868941
226,254,0.860926
228,254,0.857479
230,254,0.852415
232,254,0.848003
234,254,0.844100
236,254,0.839015
238,254,0.834055
240,254,0.688240
242,254,0.688095
244,254,0.687885
246,254,0.686981
248,254,0.685880
250,254,0.684560
252,254,0.683260
254,254,0.681846
256,254,0.672156
258,254,0.671102
260,254,0.665038
262,254,0.661559
264,254,0.658185
266,254,0.652847
268,254,0.647753
270,254,0.611040
272,254,0.609519
274,254,0.605273
276,254,0.600035
278,254,0.595055
280,254,0.577462
282,254,0.572679
284,254,0.567630
286,254,0.555912
288,254,0.546548
290,254,0.538488
292,254,0.529648
294,254,0.521375
296,254,0.512679
298,254,0.504178
0,256,0.999669
2,256,0.999668
4,256,0.999666
6,256,0.999665
8,256,0.999663
10,256,0.999662
12,256,0.999661
14,256,0.999660
16,256,0.999653
18,256,0.999651
20,256,0.999648
22,256,0.999645
24,256,0.999643
26,256,0.999639
28,256,0.999636
30,256,0.999528
32,256,0.999527
34,256,0.999526
36,256,0.999523
38,256,0.999519
40,256,0.999479
42,256,0.999476
44,256,0.999473
46,256,0.999431
48,256,0.999414
50,256,0.999392
52,256,0.999370
54,256,0.999353
56,256,0.999329
58,256,0.999305
60,256,0.997421
62,256,0.997414
64,256,0.997408
66,256,0.997400
68,256,0.997389
70,256,0.997380
72,256,0.997371
74,256,0.997361
76,256,0.997297
78,256,0.997289
80,256,0.997255
82,256,0.997228
84,256,0.997210
86,256,0.997178
88,256,0.997147
90,256,0.996355
92,256,0.996346
94,256,0.996328
96,256,0.996303
98,256,0.996269
100,256,0.995982
102,256,0.995952
104,256,0.995921
106,256,0.995601
108,256,0.995481
110,256,0.995308
112,256,0.995143
114,256,0.995011
116,256,0.994827
118,256,0.994649
120,256,0.983956
122,256,0.983914
124,256,0.983871
126,256,0.983817
128,256,0.983742
130,256,0.983676
132,256,0.983604
134,256,0.983534
136,256,0.983071
138,256,0.983009
140,256,0.982767
142,256,0.982567
144,256,0.982433
146,256,0.982197
148,256,0.981969
150,256,0.977414
152,256,0.977349
154,256,0.977215
156,256,0.977026
158,256,0.976778
160,256,0.975125
162,256,0.974903
164,256,0.974682
166,256,0.972798
168,256,0.972097
170,256,0.971024
172,256,0.970046
174,256,0.969251
176,256,0.968141
178,256,0.967068
180,256,0.920375
182,256,0.920197
184,256,0.920008
186,256,0.919743
188,256,0.919347
190,256,0.919001
192,256,0.918617
194,256,0.918233
196,256,0.915753
198,256,0.915420
200,256,0.914082
202,256,0.913027
204,256,0.912283
206,256,0.910986
208,256,0.909743
210,256,0.890528
212,256,0.890186
214,256,0.889407
216,256,0.888326
218,256,0.887023
220,256,0.879449
222,256,0.878294
224,256,0.877125
226,256,0.869445
228,256,0.866159
230,256,0.861359
232,256,0.857166
234,256,0.853464
236,256,0.848643
238,256,0.843944
240,256,0.701254
242,256,0.701089
244,256,0.700830
246,256,0.700271
248,256,0.699070
250,256,0.698083
252,256,0.696970
254,256,0.695808
256,256,0.688217
258,256,0.687228
260,256,0.682717
262,256,0.679852
264,256,0.677215
266,256,0.673291
268,256,0.669490
270,256,0.624935
272,256,0.623756
274,256,0.620547
276,256,0.616733
278,256,0.613209
280,256,0.590341
282,256,0.586903
284,256,0.583418
286,256,0.568488
288,256,0.557340
290,256,0.548371
292,256,0.537614
294,256,0.527765
296,256,0.516657
298,256,0.505552
0,258,0.999734
2,258,0.999732
4,258,0.999731
6,258,0.999730
8,258,0.999729
10,258,0.999728
12,258,0.999727
14,258,0.999727
16,258,0.999721
18,258,0.999720
20,258,0.999718
22,258,0.999715
24,258,0.999714
26,258,0.999711
28,258,0.999709
30,258,0.999622
32,258,0.999621
34,258,0.999619
36,258,0.999617
38,258,0.999615
40,258,0.999582
42,258,0.999580
44,258,0.999577
46,258,0.999543
48,258,0.999530
50,258,0.999512
52,258,0.999495
54,258,0.999481
56,258,0.999461
58,258,0.999443
60,258,0.997819
62,258,0.997814
64,258,0.997809
66,258,0.997802
68,258,0.997794
70,258,0.997787
72,258,0.997780
74,258,0.997772
76,258,0.997721
78,258,0.997714
80,258,0.997687
82,258,0.997666
84,258,0.997651
86,258,0.997626
88,258,0.997601
90,258,0.996924
92,258,0.996917
94,258,0.996903
96,258,0.996883
98,258,0.996856
100,258,0.996609
102,258,0.996585
104,258,0.996561
106,258,0.996290
108,258,0.996188
110,258,0.996042
112,258,0.995903
114,258,0.995791
116,258,0.995635
118,258,0.995484
120,258,0.985794
122,258,0.985758
124,258,0.985722
126,258,0.985678
128,258,0.985616
130,258,0.985561
132,258,0.985502
134,258,0.985444
136,258,0.985050
138,258,0.984999
140,258,0.984793
142,258,0.984626
144,258,0.984513
146,258,0.984314
148,258,0.984122
150,258,0.980023
152,258,0.979970
154,258,0.979857
156,258,0.979698
158,258,0.979490
160,258,0.977996
162,258,0.977810
164,258,0.977624
166,258,0.975944
168,258,0.975316
170,258,0.974367
172,258,0.973498
174,258,0.972791
176,258,0.971805
178,258,0.970852
180,258,0.926107
182,258,0.925950
184,258,0.925784
186,258,0.925554
188,258,0.925212
190,258,0.924914
192,258,0.924583
194,258,0.924254
196,258,0.922045
198,258,0.921759
200,258,0.920572
202,258,0.919641
204,258,0.918986
206,258,0.917840
208,258,0.916739
210,258,0.898248
212,258,0.897956
214,258,0.897276
216,258,0.896329
218,258,0.895186
220,258,0.887886
222,258,0.886874
224,258,0.885851
226,258,0.878492
228,258,0.875378
230,258,0.870829
232,258,0.866853
234,258,0.863349
236,258,0.858767
238,258,0.854302
240,258,0.704574
242,258,0.704467
244,258,0.704315
246,258,0.703817
248,258,0.702869
250,258,0.702000
252,258,0.701046
254,258,0.700035
256,258,0.691744
258,258,0.690949
260,258,0.686029
262,258,0.683093
264,258,0.680390
266,258,0.676117
268,258,0.671994
270,258,0.626994
272,258,0.625977
274,258,0.622552
276,258,0.618349
278,258,0.614450
280,258,0.591678
282,258,0.587891
284,258,0.583986
286,258,0.569087
288,258,0.557827
290,258,0.548656
292,258,0.537806
294,258,0.527822
296,258,0.516676
298,258,0.505554
0,260,0.999788
2,260,0.999787
4,260,0.999787
6,260,0.999786
8,260,0.999785
10,260,0.999784
12,260,0.999784
14,260,0.999783
16,260,0.999779
18,260,0.999779
20,260,0.999776
22,260,0.999775
24,260,0.999774
26,260,0.999772
28,260,0.999770
30,260,0.999700
32,260,0.999700
34,260,0.999699
36,260,0.999697
38,260,0.999695
40,260,0.999669
42,260,0.999667
44,260,0.999665
46,260,0.999639
48,260,0.999628
50,260,0.999614
52,260,0.999600
54,260,0.999589
56,260,0.999574
58,260,0.999559
60,260,0.998174
62,260,0.998170
64,260,0.998166
66,260,0.998161
68,260,0.998155
70,260,0.998149
72,260,0.998144
74,260,0.998138
76,260,0.998097
78,260,0.998092
80,260,0.998071
82,260,0.998054
84,260,0.998042
86,260,0.998022
88,260,0.998003
90,260,0.997431
92,260,0.997425
94,260,0.997414
96,260,0.997398
98,260,0.997377
100,260,0.997166
102,260,0.997147
104,260,0.997129
106,260,0.996902
108,260,0.996815
110,260,0.996694
112,260,0.996578
114,260,0.996484
116,260,0.996354
118,260,0.996227
120,260,0.987515
122,260,0.987486
124,260,0.987456
126,260,0.987419
128,260,0.987369
130,260,0.987325
132,260,0.987276
134,260,0.987229
136,260,0.986897
138,260,0.986856
140,260,0.986683
142,260,0.986543
144,260,0.986449
146,260,0.986283
148,260,0.986122
150,260,0.982468
152,260,0.982425
154,260,0.982331
156,260,0.982198
158,260,0.982024
160,260,0.980686
162,260,0.980531
164,260,0.980376
166,260,0.978894
168,260,0.978335
170,260,0.977505
172,260,0.976739
174,260,0.976115
176,260,0.975249
178,260,0.974410
180,260,0.931919
182,260,0.931780
184,260,0.931635
186,260,0.931438
188,260,0.931146
190,260,0.930891
192,260,0.930609
194,260,0.930328
196,260,0.928370
198,260,0.928126
200,260,0.927080
202,260,0.926263
204,260,0.925691
206,260,0.924685
208,260,0.923718
210,260,0.906118
212,260,0.905872
214,260,0.905285
216,260,0.904461
218,260,0.903465
220,260,0.896499
222,260,0.895621
224,260,0.894735
226,260,0.887734
228,260,0.884802
230,260,0.880508
232,260,0.876750
234,260,0.873445
236,260,0.869089
238,260,0.864837
240,260,0.712918
242,260,0.712822
244,260,0.712684
246,260,0.712324
248,260,0.711424
250,260,0.710710
252,260,0.709882
254,260,0.709014
256,260,0.702081
258,260,0.701344
260,260,0.697359
262,260,0.694868
264,260,0.692621
266,260,0.689209
268,260,0.685909
270,260,0.635091
272,260,0.634216
274,260,0.631444
276,260,0.628136
278,260,0.625118
280,260,0.598828
282,260,0.595878
284,260,0.592913
286,260,0.575980
288,260,0.563628
290,260,0.553928
292,260,0.541989
294,260,0.531148
296,260,0.518711
298,260,0.506244
0,262,0.999834
2,262,0.999833
4,262,0.999833
6,262,0.999832
8,262,0.999832
10,262,0.999831
12,262,0.999831
14,262,0.999831
16,262,0.999828
18,262,0.999827
20,262,0.999826
22,262,0.999825
24,262,0.999824
26,262,0.999822
28,262,0.999821
30,262,0.999766
32,262,0.999766
34,262,0.999765
36,262,0.999764
38,262,0.999763
40,262,0.999741
42,262,0.999740
44,262,0.999739
46,262,0.999718
48,262,0.999710
50,262,0.999699
52,262,0.999688
54,262,0.999679
56,262,0.999667
58,262,0.999655
60,262,0.998488
62,262,0.998485
64,262,0.998482
66,262,0.998478
68,262,0.998473
70,262,0.998469
72,262,0.998465
74,262,0.998460
76,262,0.998429
78,262,0.998425
80,262,0.998408
82,262,0.998395
84,262,0.998386
86,262,0.998371
88,262,0.998355
90,262,0.997877
92,262,0.997873
94,262,0.997864
96,262,0.997852
98,262,0.997836
100,262,0.997658
102,262,0.997643
104,262,0.997629
106,262,0.997441
108,262,0.997368
110,262,0.997269
112,262,0.997172
114,262,0.997094
116,262,0.996987
118,262,0.996882
120,262,0.989119
122,262,0.989095
124,262,0.989070
126,262,0.989040
128,262,0.989000
130,262,0.988964
132,262,0.988925
134,262,0.988887
136,262,0.988611
138,262,0.988578
140,262,0.988433
142,262,0.988319
144,262,0.988241
146,262,0.988104
148,262,0.987971
150,262,0.984744
152,262,0.984709
154,262,0.984631
156,262,0.984522
158,262,0.984379
160,262,0.983191
162,262,0.983062
164,262,0.982934
166,262,0.981640
168,262,0.981147
170,262,0.980427
172,262,0.979760
174,262,0.979213
176,262,0.978459
178,262,0.977728
180,262,0.937785
182,262,0.937664
184,262,0.937538
186,262,0.937368
188,262,0.937117
190,262,0.936898
192,262,0.936657
194,262,0.936417
196,262,0.934692
198,262,0.934484
200,262,0.933566
202,262,0.932853
204,262,0.932355
206,262,0.931477
208,262,0.930632
210,262,0.914197
212,262,0.913985
214,262,0.913471
216,262,0.912750
218,262,0.911879
220,262,0.905392
222,262,0.904621
224,262,0.903844
226,262,0.897375
228,262,0.894670
230,262,0.890739
232,262,0.887289
234,262,0.884258
236,262,0.880269
238,262,0.876378
240,262,0.718952
242,262,0.718888
244,262,0.718796
246,262,0.718496
248,262,0.717817
250,262,0.717243
252,262,0.716593
254,262,0.715908
256,262,0.709242
258,262,0.708677
260,262,0.704840
262,262,0.702522
264,262,0.700450
266,262,0.697136
268,262,0.693921
270,262,0.640411
272,262,0.639739
274,262,0.637192
276,262,0.634074
278,262,0.631212
280,262,0.603366
282,262,0.600647
284,262,0.597874
286,262,0.580019
288,262,0.567065
290,262,0.556992
292,262,0.544439
294,262,0.533072
296,262,0.519902
298,262,0.506655
0,264,0.999872
2,264,0.999872
4,264,0.999871
6,264,0.999871
8,264,0.999871
10,264,0.999870
12,264,0.999870
14,264,0.999870
16,264,0.999868
18,264,0.999867
20,264,0.999866
22,264,0.999865
24,264,0.999865
26,264,0.999864
28,264,0.999863
30,264,0.999820
32,264,0.999820
34,264,0.999820
36,264,0.999819
38,264,0.999818
40,264,0.999801
42,264,0.999800
44,264,0.999800
46,264,0.999784
48,264,0.999777
50,264,0.999769
52,264,0.999760
54,264,0.999754
56,264,0.999744
58,264,0.999735
60,264,0.998763
62,264,0.998761
64,264,0.998758
66,264,0.998756
68,264,0.998752
70,264,0.998749
72,264,0.998746
74,264,0.998743
76,264,0.998718
78,264,0.998715
80,264,0.998702
82,264,0.998693
84,264,0.998686
86,264,0.998674
88,264,0.998662
90,264,0.998267
92,264,0.998264
94,264,0.998258
96,264,0.998248
98,264,0.998236
100,264,0.998087
102,264,0.998076
104,264,0.998065
106,264,0.997912
108,264,0.997852
110,264,0.997771
112,264,0.997692
114,264,0.997627
116,264,0.997540
118,264,0.997454
120,264,0.990598
122,264,0.990578
124,264,0.990559
126,264,0.990535
128,264,0.990503
130,264,0.990474
132,264,0.990443
134,264,0.990413
136,264,0.990186
138,264,0.990159
140,264,0.990040
142,264,0.989947
144,264,0.989884
146,264,0.989772
148,264,0.989663
150,264,0.986840
152,264,0.986812
154,264,0.986749
156,264,0.986659
158,264,0.986543
160,264,0.985497
162,264,0.985392
164,264,0.985287
166,264,0.984169
168,264,0.983736
170,264,0.983119
172,264,0.982541
174,264,0.982067
176,264,0.981417
178,264,0.980785
180,264,0.943635
182,264,0.943531
184,264,0.943422
186,264,0.943277
188,264,0.943063
190,264,0.942877
192,264,0.942671
194,264,0.942467
196,264,0.940967
198,264,0.940790
200,264,0.939993
202,264,0.939379
204,264,0.938948
206,264,0.938190
208,264,0.937460
210,264,0.922270
212,264,0.922090
214,264,0.921648
216,264,0.921028
218,264,0.920283
220,264,0.914279
222,264,0.913619
224,264,0.912953
226,264,0.907006
228,264,0.904524
230,264,0.900940
232,264,0.897781
234,264,0.895009
236,264,0.891352
238,264,0.887781
240,264,0.724636
242,264,0.724599
244,264,0.724544
246,264,0.724308
248,264,0.723906
250,264,0.723501
252,264,0.723061
254,264,0.722588
256,264,0.716126
258,264,0.715767
260,264,0.712081
262,264,0.709944
264,264,0.708092
266,264,0.704927
268,264,0.701850
270,264,0.645229
272,264,0.644833
274,264,0.642473
276,264,0.639482
278,264,0.636752
280,264,0.607366
282,264,0.604784
284,264,0.602121
286,264,0.583390
288,264,0.569873
290,264,0.559416
292,264,0.546322
294,264,0.534485
296,264,0.520746
298,264,0.506934
0,266,0.999903
2,266,0.999903
4,266,0.999903
6,266,0.999903
8,266,0.999902
10,266,0.999902
12,266,0.999902
14,266,0.999902
16,266,0.999900
18,266,0.999900
20,266,0.999899
22,266,0.999899
24,266,0.999898
26,266,0.999898
28,266,0.999897
30,266,0.999865
32,266,0.999865
34,266,0.999864
36,266,0.999864
38,266,0.999863
40,266,0.999850
42,266,0.999850
44,266,0.999849
46,266,0.999837
48,266,0.999832
50,266,0.999826
52,266,0.999819
54,266,0.999814
56,266,0.999807
58,266,0.999801
60,266,0.999002
62,266,0.999000
64,266,0.998999
66,266,0.998997
68,266,0.998994
70,266,0.998992
72,266,0.998989
74,266,0.998987
76,266,0.998969
78,266,0.998967
80,266,0.998957
82,266,0.998950
84,266,0.998945
86,266,0.998936
88,266,0.998927
90,266,0.998605
92,266,0.998603
94,266,0.998598
96,266,0.998591
98,266,0.998582
100,266,0.998459
102,266,0.998451
104,266,0.998443
106,266,0.998320
108,266,0.998270
110,266,0.998205
112,266,0.998141
114,266,0.998089
116,266,0.998018
118,266,0.997949
120,266,0.991949
122,266,0.991934
124,266,0.991918
126,266,0.991899
128,266,0.991874
130,266,0.991852
132,266,0.991828
134,266,0.991804
136,266,0.991620
138,266,0.991599
140,266,0.991503
142,266,0.991428
144,266,0.991378
146,266,0.991287
148,266,0.991200
150,266,0.988751
152,266,0.988730
154,266,0.988679
156,266,0.988606
158,266,0.988513
160,266,0.987598
162,266,0.987514
164,266,0.987430
166,266,0.986471
168,266,0.986095
170,266,0.985570
172,266,0.985074
174,266,0.984666
176,266,0.984110
178,266,0.983568
180,266,0.949417
182,266,0.949329
184,266,0.949237
186,266,0.949114
188,266,0.948933
190,266,0.948775
192,266,0.948602
194,266,0.948429
196,266,0.947124
198,266,0.946975
200,266,0.946281
202,266,0.945754
204,266,0.945381
206,266,0.944728
208,266,0.944098
210,266,0.930327
212,266,0.930174
214,266,0.929789
216,266,0.929250
218,266,0.928605
220,266,0.923173
222,266,0.922597
224,266,0.922018
226,266,0.916693
228,266,0.914451
230,266,0.911277
232,266,0.908453
234,266,0.905977
236,266,0.902728
238,266,0.899557
240,266,0.732046
242,266,0.732014
244,266,0.731967
246,266,0.731801
248,266,0.731471
250,266,0.731171
252,266,0.730834
254,266,0.730474
256,266,0.725450
258,266,0.725149
260,266,0.722316
262,266,0.720623
264,266,0.719178
266,266,0.716745
268,266,0.714367
270,266,0.652143
272,266,0.651857
274,266,0.650128
276,266,0.647948
278,266,0.645968
280,266,0.613360
282,266,0.611539
284,266,0.609674
286,266,0.589148
288,266,0.574673
290,266,0.563760
292,266,0.549743
294,266,0.537192
296,266,0.522389
298,266,0.507487
0,268,0.999928
2,268,0.999928
4,268,0.999928
6,268,0.999928
8,268,0.999928
10,268,0.999928
12,268,0.999927
14,268,0.999927
16,268,0.999926
18,268,0.999926
20,268,0.999926
22,268,0.999925
24,268,0.999925
26,268,0.999925
28,268,0.999924
30,268,0.999900
32,268,0.999900
34,268,0.999900
36,268,0.999899
38,268,0.999899
40,268,0.999889
42,268,0.999889
44,268,0.999889
46,268,0.999880
48,268,0.999876
50,268,0.999871
52,268,0.999867
54,268,0.999863
56,268,0.999858
58,268,0.999853
60,268,0.999208
62,268,0.999207
64,268,0.999205
66,268,0.999204
68,268,0.999202
70,268,0.999200
72,268,0.999199
74,268,0.999197
76,268,0.999184
78,268,0.999182
80,268,0.999175
82,268,0.999170
84,268,0.999166
86,268,0.999159
88,268,0.999153
90,268,0.998895
92,268,0.998894
94,268,0.998890
96,268,0.998885
98,268,0.998878
100,268,0.998779
102,268,0.998773
104,268,0.998767
106,268,0.998669
108,268,0.998629
110,268,0.998578
112,268,0.998527
114,268,0.998485
116,268,0.998429
118,268,0.998374
120,268,0.993173
122,268,0.993160
124,268,0.993148
126,268,0.993133
128,268,0.993115
130,268,0.993097
132,268,0.993079
134,268,0.993061
136,268,0.992914
138,268,0.992898
140,268,0.992822
142,268,0.992763
144,268,0.992723
146,268,0.992651
148,268,0.992582
150,268,0.990474
152,268,0.990458
154,268,0.990417
156,268,0.990360
158,268,0.990287
160,268,0.989492
162,268,0.989426
164,268,0.989360
166,268,0.988543
168,268,0.988218
170,268,0.987774
172,268,0.987352
174,268,0.987002
176,268,0.986529
178,268,0.986067
180,268,0.955071
182,268,0.954998
184,268,0.954923
186,268,0.954821
188,268,0.954670
190,268,0.954538
192,268,0.954394
194,268,0.954250
196,268,0.953109
198,268,0.952986
200,268,0.952380
202,268,0.951928
204,268,0.951606
206,268,0.951042
208,268,0.950498
210,268,0.938268
212,268,0.938140
214,268,0.937800
216,268,0.937329
218,268,0.936766
220,268,0.931948
222,268,0.931442
224,268,0.930932
226,268,0.926278
228,268,0.924277
230,268,0.921536
232,268,0.919053
234,268,0.916878
236,268,0.914050
238,268,0.911286
240,268,0.739256
242,268,0.739229
244,268,0.739189
246,268,0.739069
248,268,0.738804
250,268,0.738577
252,268,0.738318
254,268,0.738043
256,268,0.734531
258,268,0.734285
260,268,0.732254
262,268,0.731009
264,268,0.729930
266,268,0.728140
268,268,0.726375
270,268,0.658826
272,268,0.658616
274,268,0.657524
276,268,0.656136
278,268,0.654849
280,268,0.619145
282,268,0.618083
284,268,0.616972
286,268,0.594738
288,268,0.579341
290,268,0.567999
292,268,0.553093
294,268,0.539857
296,268,0.524016
298,268,0.508039
0,270,0.999948
2,270,0.999948
4,270,0.999948
6,270,0.999948
8,270,0.999948
10,270,0.999948
12,270,0.999948
14,270,0.999948
16,270,0.999947
18,270,0.999947
20,270,0.999947
22,270,0.999946
24,270,0.999946
26,270,0.999946
28,270,0.999946
30,270,0.999928
32,270,0.999928
34,270,0.999928
36,270,0.999928
38,270,0.999927
40,270,0.999920
42,270,0.999920
44,270,0.999920
46,270,0.999913
48,270,0.999911
50,270,0.999907
52,270,0.999904
54,270,0.999901
56,270,0.999898
58,270,0.999894
60,270,0.999383
62,270,0.999382
64,270,0.999381
66,270,0.999380
68,270,0.999379
70,270,0.999378
72,270,0.999376
74,270,0.999375
76,270,0.999366
78,270,0.999365
80,270,0.999360
82,270,0.999356
84,270,0.999353
86,270,0.999349
88,270,0.999344
90,270,0.999141
92,270,0.999140
94,270,0.999138
96,270,0.999134
98,270,0.999129
100,270,0.999050
102,270,0.999046
104,270,0.999042
106,270,0.998966
108,270,0.998934
110,270,0.998895
112,270,0.998855
114,270,0.998822
116,270,0.998778
118,270,0.998735
120,270,0.994277
122,270,0.994267
124,270,0.994258
126,270,0.994246
128,270,0.994232
130,270,0.994219
132,270,0.994206
134,270,0.994192
136,270,0.994078
138,270,0.994066
140,270,0.994007
142,270,0.993962
144,270,0.993931
146,270,0.993875
148,270,0.993822
150,270,0.992022
152,270,0.992010
154,270,0.991979
156,270,0.991936
158,270,0.991880
160,270,0.991195
162,270,0.991144
164,270,0.991093
166,270,0.990402
168,270,0.990124
170,270,0.989752
172,270,0.989395
174,270,0.989098
176,270,0.988698
178,270,0.988307
180,270,0.959947
182,270,0.959887
184,270,0.959826
186,270,0.959743
188,270,0.959624
190,270,0.959518
192,270,0.959403
194,270,0.959289
196,270,0.958305
198,270,0.958208
200,270,0.957686
202,270,0.957303
204,270,0.957032
206,270,0.956551
208,270,0.956087
210,270,0.945002
212,270,0.944900
214,270,0.944610
216,270,0.944208
218,270,0.943724
220,270,0.939342
222,270,0.938906
224,270,0.938467
226,270,0.934300
228,270,0.932477
230,270,0.930057
232,270,0.927824
234,270,0.925871
236,270,0.923344
238,270,0.920869
240,270,0.802823
242,270,0.802733
244,270,0.802600
246,270,0.802322
248,270,0.801587
250,270,0.801037
252,270,0.800389
254,270,0.799716
256,270,0.795130
258,270,0.794556
260,270,0.791912
262,270,0.790212
264,270,0.788677
266,270,0.786416
268,270,0.784228
270,270,0.751067
272,270,0.750308
274,270,0.748348
276,270,0.746071
278,270,0.743990
280,270,0.727545
282,270,0.725458
284,270,0.723385
286,270,0.712899
288,270,0.705257
290,270,0.699218
292,270,0.691918
294,270,0.685298
296,270,0.677815
298,270,0.670373
0,272,0.999964
2,272,0.999964
4,272,0.999964
6,272,0.999963
8,272,0.999963
10,272,0.999963
12,272,0.999963
14,272,0.999963
16,272,0.999963
18,272,0.999963
20,272,0.999963
22,272,0.999962
24,272,0.999962
26,272,0.999962
28,272,0.999962
30,272,0.999950
32,272,0.999950
34,272,0.999950
36,272,0.999949
38,272,0.999949
40,272,0.999944
42,272,0.999944
44,272,0.999944
46,272,0.999939
48,272,0.999937
50,272,0.999935
52,272,0.999933
54,272,0.999931
56,272,0.999928
58,272,0.999926
60,272,0.999530
62,272,0.999529
64,272,0.999528
66,272,0.999528
68,272,0.999527
70,272,0.999526
72,272,0.999525
74,272,0.999524
76,272,0.999518
78,272,0.999517
80,272,0.999513
82,272,0.999511
84,272,0.999509
86,272,0.999506
88,272,0.999503
90,272,0.999347
92,272,0.999346
94,272,0.999344
96,272,0.999342
98,272,0.999339
100,272,0.999277
102,272,0.999274
104,272,0.999272
106,272,0.999214
108,272,0.999189
110,272,0.999159
112,272,0.999129
114,272,0.999104
116,272,0.999071
118,272,0.999038
120,272,0.995282
122,272,0.995274
124,272,0.995267
126,272,0.995259
128,272,0.995248
130,272,0.995239
132,272,0.995228
134,272,0.995218
136,272,0.995132
138,272,0.995124
140,272,0.995078
142,272,0.995044
144,272,0.995021
146,272,0.994980
148,272,0.994939
150,272,0.993433
152,272,0.993424
154,272,0.993401
156,272,0.993368
158,272,0.993326
160,272,0.992747
162,272,0.992709
164,272,0.992671
166,272,0.992098
168,272,0.991864
170,272,0.991558
172,272,0.991262
174,272,0.991015
176,272,0.990684
178,272,0.990360
180,272,0.964325
182,272,0.964275
184,272,0.964223
186,272,0.964157
188,272,0.964065
190,272,0.963982
192,272,0.963893
194,272,0.963804
196,272,0.962991
198,272,0.962915
200,272,0.962486
202,272,0.962174
204,272,0.961954
206,272,0.961560
208,272,0.961179
210,272,0.950920
212,272,0.950843
214,272,0.950611
216,272,0.950286
218,272,0.949895
220,272,0.945814
222,272,0.945462
224,272,0.945108
226,272,0.941261
228,272,0.939587
230,272,0.937380
232,272,0.935332
234,272,0.933547
236,272,0.931225
238,272,0.928948
240,272,0.806343
242,272,0.806306
244,272,0.806253
246,272,0.806017
248,272,0.805588
250,272,0.805177
252,272,0.804730
254,272,0.804258
256,272,0.799071
258,272,0.798728
260,272,0.795762
262,272,0.794062
264,272,0.792553
266,272,0.790058
268,272,0.787668
270,272,0.753417
272,272,0.752907
274,272,0.750778
276,272,0.748138
278,272,0.745724
280,272,0.729178
282,272,0.726752
284,272,0.724260
286,272,0.713720
288,272,0.705916
290,272,0.699627
292,272,0.692192
294,272,0.685394
296,272,0.677848
298,272,0.670376
0,274,0.999975
2,274,0.999975
4,274,0.999975
6,274,0.999975
8,274,0.999975
10,274,0.999975
12,274,0.999975
14,274,0.999975
16,274,0.999975
18,274,0.999975
20,274,0.999975
22,274,0.999975
24,274,0.999974
26,274,0.999974
28,274,0.999974
30,274,0.999966
32,274,0.999966
34,274,0.999966
36,274,0.999966
38,274,0.999966
40,274,0.999962
42,274,0.999962
44,274,0.999962
46,274,0.999959
48,274,0.999958
50,274,0.999956
52,274,0.999954
54,274,0.999953
56,274,0.999951
58,274,0.999950
60,274,0.999650
62,274,0.999650
64,274,0.999649
66,274,0.999649
68,274,0.999648
70,274,0.999648
72,274,0.999647
74,274,0.999647
76,274,0.999642
78,274,0.999642
80,274,0.999639
82,274,0.999638
84,274,0.999636
86,274,0.999634
88,274,0.999632
90,274,0.999516
92,274,0.999515
94,274,0.999514
96,274,0.999512
98,274,0.999510
100,274,0.999464
102,274,0.999462
104,274,0.999460
106,274,0.999417
108,274,0.999399
110,274,0.999377
112,274,0.999354
114,274,0.999335
116,274,0.999311
118,274,0.999286
120,274,0.996183
122,274,0.996177
124,274,0.996172
126,274,0.996166
128,274,0.996158
130,274,0.996151
132,274,0.996144
134,274,0.996137
136,274,0.996073
138,274,0.996067
140,274,0.996033
142,274,0.996009
144,274,0.995992
146,274,0.995961
148,274,0.995931
150,274,0.994698
152,274,0.994691
154,274,0.994674
156,274,0.994650
158,274,0.994620
160,274,0.994140
162,274,0.994112
164,274,0.994084
166,274,0.993621
168,274,0.993428
170,274,0.993182
172,274,0.992942
174,274,0.992741
176,274,0.992473
178,274,0.992209
180,274,0.968670
182,274,0.968628
184,274,0.968586
186,274,0.968533
188,274,0.968463
190,274,0.968398
192,274,0.968330
194,274,0.968261
196,274,0.967607
198,274,0.967549
200,274,0.967204
202,274,0.966955
204,274,0.966780
206,274,0.966465
208,274,0.966160
210,274,0.956844
212,274,0.956786
214,274,0.956604
216,274,0.956347
218,274,0.956039
220,274,0.952313
222,274,0.952035
224,274,0.951756
226,274,0.948278
228,274,0.946768
230,274,0.944796
232,274,0.942956
234,274,0.941354
236,274,0.939265
238,274,0.937216
240,274,0.812765
242,274,0.812750
244,274,0.812726
246,274,0.812572
248,274,0.812327
250,274,0.812067
252,274,0.811787
254,274,0.811488
256,274,0.806767
258,274,0.806566
260,274,0.803928
262,274,0.802450
264,274,0.801185
266,274,0.798985
268,274,0.796869
270,274,0.759347
272,274,0.759054
274,274,0.757230
276,274,0.754923
278,274,0.752836
280,274,0.734324
282,274,0.732240
284,274,0.730101
286,274,0.718388
288,274,0.709871
290,274,0.703159
292,274,0.695000
294,274,0.687591
296,274,0.679197
298,274,0.670835
0,276,0.999984
2,276,0.999984
4,276,0.999984
6,276,0.999984
8,276,0.999984
10,276,0.999984
12,276,0.999984
14,276,0.999984
16,276,0.999984
18,276,0.999984
20,276,0.999983
22,276,0.999983
24,276,0.999983
26,276,0.999983
28,276,0.999983
30,276,0.999978
32,276,0.999978
34,276,0.999978
36,276,0.999978
38,276,0.999978
40,276,0.999975
42,276,0.999975
44,276,0.999975
46,276,0.999973
48,276,0.999972
50,276,0.999971
52,276,0.999970
54,276,0.999969
56,276,0.999968
58,276,0.999967
60,276,0.999747
62,276,0.999747
64,276,0.999747
66,276,0.999746
68,276,0.999746
70,276,0.999746
72,276,0.999745
74,276,0.999745
76,276,0.999742
78,276,0.999742
80,276,0.999740
82,276,0.999739
84,276,0.999739
86,276,0.999737
88,276,0.999736
90,276,0.999651
92,276,0.999651
94,276,0.999650
96,276,0.999649
98,276,0.999648
100,276,0.999613
102,276,0.999612
104,276,0.999611
106,276,0.999580
108,276,0.999566
110,276,0.999551
112,276,0.999535
114,276,0.999521
116,276,0.999503
118,276,0.999486
120,276,0.996977
122,276,0.996974
124,276,0.996970
126,276,0.996965
128,276,0.996960
130,276,0.996955
132,276,0.996950
134,276,0.996945
136,276,0.996899
138,276,0.996895
140,276,0.996871
142,276,0.996853
144,276,0.996841
146,276,0.996819
148,276,0.996798
150,276,0.995811
152,276,0.995807
154,276,0.995795
156,276,0.995778
158,276,0.995756
160,276,0.995367
162,276,0.995347
164,276,0.995328
166,276,0.994963
168,276,0.994807
170,276,0.994615
172,276,0.994424
174,276,0.994264
176,276,0.994052
178,276,0.993843
180,276,0.972972
182,276,0.972938
184,276,0.972904
186,276,0.972863
188,276,0.972808
190,276,0.972759
192,276,0.972706
194,276,0.972654
196,276,0.972141
198,276,0.972096
200,276,0.971826
202,276,0.971632
204,276,0.971495
206,276,0.971249
208,276,0.971011
210,276,0.962768
212,276,0.962724
214,276,0.962583
216,276,0.962385
218,276,0.962148
220,276,0.958831
222,276,0.958617
224,276,0.958402
226,276,0.955346
228,276,0.954013
230,276,0.952303
232,276,0.950690
234,276,0.949289
236,276,0.947461
238,276,0.945665
240,276,0.819984
242,276,0.819975
244,276,0.819961
246,276,0.819882
248,276,0.819704
250,276,0.819549
252,276,0.819371
254,276,0.819184
256,276,0.815630
258,276,0.815489
260,276,0.813538
262,276,0.812405
264,276,0.811469
266,276,0.809828
268,276,0.808228
270,276,0.766242
272,276,0.766065
274,276,0.764794
276,276,0.763186
278,276,0.761738
280,276,0.740387
282,276,0.738988
284,276,0.737561
286,276,0.724208
288,276,0.714779
290,276,0.707617
292,276,0.698545
294,276,0.690414
296,276,0.680929
298,276,0.671426
0,278,0.999990
2,278,0.999990
4,278,0.999990
6,278,0.999990
8,278,0.999990
10,278,0.999990
12,278,0.999990
14,278,0.999990
16,278,0.999990
18,278,0.999990
20,278,0.999990
22,278,0.999990
24,278,0.999990
26,278,0.999990
28,278,0.999990
30,278,0.999986
32,278,0.999986
34,278,0.999986
36,278,0.999986
38,278,0.999986
40,278,0.999985
42,278,0.999985
44,278,0.999985
46,278,0.999983
48,278,0.999983
50,278,0.999982
52,278,0.999982
54,278,0.999981
56,278,0.999980
58,278,0.999980
60,278,0.999824
62,278,0.999824
64,278,0.999823
66,278,0.999823
68,278,0.999823
70,278,0.999823
72,278,0.999823
74,278,0.999822
76,278,0.999821
78,278,0.999820
80,278,0.999819
82,278,0.999819
84,278,0.999818
86,278,0.999817
88,278,0.999817
90,278,0.999757
92,278,0.999757
94,278,0.999757
96,278,0.999756
98,278,0.999755
100,278,0.999731
102,278,0.999730
104,278,0.999729
106,278,0.999708
108,278,0.999698
110,278,0.999687
112,278,0.999676
114,278,0.999667
116,278,0.999654
118,278,0.999642
120,278,0.997664
122,278,0.997661
124,278,0.997658
126,278,0.997655
128,278,0.997652
130,278,0.997648
132,278,0.997645
134,278,0.997641
136,278,0.997610
138,278,0.997607
140,278,0.997590
142,278,0.997578
144,278,0.997569
146,278,0.997554
148,278,0.997540
150,278,0.996770
152,278,0.996767
154,278,0.996759
156,278,0.996747
158,278,0.996732
160,278,0.996424
162,278,0.996411
164,278,0.996397
166,278,0.996116
168,278,0.995993
170,278,0.995846
172,278,0.995699
174,278,0.995574
176,278,0.995410
178,278,0.995249
180,278,0.977187
182,278,0.977161
184,278,0.977135
186,278,0.977103
188,278,0.977062
190,278,0.977024
192,278,0.976984
194,278,0.976944
196,278,0.976542
198,278,0.976508
200,278,0.976295
202,278,0.976145
204,278,0.976038
206,278,0.975846
208,278,0.975660
210,278,0.968636
212,278,0.968602
214,278,0.968490
216,278,0.968334
218,278,0.968149
220,278,0.965306
222,278,0.965138
224,278,0.964968
226,278,0.962400
228,278,0.961257
230,278,0.959840
232,278,0.958478
234,278,0.957296
236,278,0.955762
238,278,0.954255
240,278,0.826741
242,278,0.826735
244,278,0.826727
246,278,0.826685
248,278,0.826594
250,278,0.826513
252,278,0.826421
254,278,0.826323
256,278,0.824037
258,278,0.823956
260,278,0.822682
262,278,0.821926
264,278,0.821311
266,278,0.820210
268,278,0.819121
270,278,0.772539
272,278,0.772463
274,278,0.771747
276,278,0.770819
278,278,0.769973
280,278,0.745857
282,278,0.745116
284,278,0.744346
286,278,0.729442
288,278,0.719160
290,278,0.711582
292,278,0.701679
294,278,0.692897
296,278,0.682443
298,278,0.671938
0,280,0.999994
2,280,0.999994
4,280,0.999994
6,280,0.999994
8,280,0.999994
10,280,0.999994
12,280,0.999994
14,280,0.999994
16,280,0.999994
18,280,0.999994
20,280,0.999994
22,280,0.999994
24,280,0.999994
26,280,0.999994
28,280,0.999994
30,280,0.999992
32,280,0.999992
34,280,0.999992
36,280,0.999992
38,280,0.999992
40,280,0.999991
42,280,0.999991
44,280,0.999991
46,280,0.999990
48,280,0.999990
50,280,0.999990
52,280,0.999989
54,280,0.999989
56,280,0.999988
58,280,0.999988
60,280,0.999882
62,280,0.999882
64,280,0.999882
66,280,0.999882
68,280,0.999882
70,280,0.999882
72,280,0.999882
74,280,0.999881
76,280,0.999880
78,280,0.999880
80,280,0.999880
82,280,0.999879
84,280,0.999879
86,280,0.999879
88,280,0.999878
90,280,0.999838
92,280,0.999838
94,280,0.999838
96,280,0.999837
98,280,0.999837
100,280,0.999820
102,280,0.999820
104,280,0.999819
106,280,0.999805
108,280,0.999799
110,280,0.999792
112,280,0.999784
114,280,0.999778
116,280,0.999769
118,280,0.999761
120,280,0.998244
122,280,0.998242
124,280,0.998240
126,280,0.998238
128,280,0.998236
130,280,0.998234
132,280,0.998232
134,280,0.998230
136,280,0.998209
138,280,0.998207
140,280,0.998196
142,280,0.998188
144,280,0.998183
146,280,0.998173
148,280,0.998163
150,280,0.997577
152,280,0.997576
154,280,0.997570
156,280,0.997562
158,280,0.997553
160,280,0.997315
162,280,0.997306
164,280,0.997298
166,280,0.997087
168,280,0.996992
170,280,0.996883
172,280,0.996771
174,280,0.996676
176,280,0.996553
178,280,0.996431
180,280,0.981012
182,280,0.980992
184,280,0.980972
186,280,0.980949
188,280,0.980920
190,280,0.980893
192,280,0.980864
194,280,0.980836
196,280,0.980529
198,280,0.980505
200,280,0.980343
202,280,0.980230
204,280,0.980149
206,280,0.980005
208,280,0.979864
210,280,0.973927
212,280,0.973904
214,280,0.973819
216,280,0.973700
218,280,0.973561
220,280,0.971136
222,280,0.971008
224,280,0.970879
226,280,0.968736
228,280,0.967761
230,280,0.966596
232,280,0.965451
234,280,0.964460
236,280,0.963179
238,280,0.961917
240,280,0.859988
242,280,0.859975
244,280,0.859956
246,280,0.859862
248,280,0.859654
250,280,0.859473
252,280,0.859267
254,280,0.859053
256,280,0.855877
258,280,0.855723
260,280,0.853983
262,280,0.852982
264,280,0.852141
266,280,0.850707
268,280,0.849329
270,280,0.819747
272,280,0.819508
274,280,0.818246
276,280,0.816678
278,280,0.815271
280,280,0.800877
282,280,0.799436
284,280,0.797975
286,280,0.788970
288,280,0.782509
290,280,0.777467
292,280,0.771304
294,280,0.765736
296,280,0.759413
298,280,0.753128
0,282,0.999997
2,282,0.999997
4,282,0.999997
6,282,0.999997
8,282,0.999997
10,282,0.999997
12,282,0.999997
14,282,0.999997
16,282,0.999997
18,282,0.999997
20,282,0.999997
22,282,0.999997
24,282,0.999997
26,282,0.999997
28,282,0.999997
30,282,0.999996
32,282,0.999996
34,282,0.999996
36,282,0.999996
38,282,0.999996
40,282,0.999995
42,282,0.999995
44,282,0.999995
46,282,0.999995
48,282,0.999994
50,282,0.999994
52,282,0.999994
54,282,0.999994
56,282,0.999994
58,282,0.999993
60,282,0.999925
62,282,0.999925
64,282,0.999925
66,282,0.999925
68,282,0.999925
70,282,0.999925
72,282,0.999925
74,282,0.999925
76,282,0.999924
78,282,0.999924
80,282,0.999924
82,282,0.999924
84,282,0.999924
86,282,0.999923
88,282,0.999923
90,282,0.999898
92,282,0.999898
94,282,0.999898
96,282,0.999897
98,282,0.999897
100,282,0.999886
102,282,0.999886
104,282,0.999886
106,282,0.999877
108,282,0.999873
110,282,0.999868
112,282,0.999864
114,282,0.999860
116,282,0.999854
118,282,0.999849
120,282,0.998732
122,282,0.998730
124,282,0.998729
126,282,0.998728
128,282,0.998727
130,282,0.998725
132,282,0.998724
134,282,0.998723
136,282,0.998710
138,282,0.998708
140,282,0.998702
142,282,0.998697
144,282,0.998693
146,282,0.998687
148,282,0.998681
150,282,0.998255
152,282,0.998254
154,282,0.998251
156,282,0.998246
158,282,0.998240
160,282,0.998064
162,282,0.998059
164,282,0.998053
166,282,0.997902
168,282,0.997832
170,282,0.997754
172,282,0.997674
174,282,0.997605
176,282,0.997516
178,282,0.997428
180,282,0.984450
182,282,0.984435
184,282,0.984421
186,282,0.984404
188,282,0.984384
190,282,0.984365
192,282,0.984345
194,282,0.984326
196,282,0.984114
198,282,0.984097
200,282,0.983985
202,282,0.983907
204,282,0.983851
206,282,0.983751
208,282,0.983653
210,282,0.978642
212,282,0.978626
214,282,0.978569
216,282,0.978490
218,282,0.978397
220,282,0.976326
222,282,0.976241
224,282,0.976155
226,282,0.974356
228,282,0.973531
230,282,0.972569
232,282,0.971610
234,282,0.970781
236,282,0.969708
238,282,0.968650
240,282,0.866639
242,282,0.866635
244,282,0.866630
246,282,0.866593
248,282,0.866498
250,282,0.866419
252,282,0.866328
254,282,0.866233
256,282,0.863976
258,282,0.863904
260,282,0.862692
262,282,0.861987
264,282,0.861423
266,282,0.860417
268,282,0.859435
270,282,0.826011
272,282,0.825913
274,282,0.825109
276,282,0.824094
278,282,0.823188
280,282,0.806354
282,282,0.805464
284,282,0.804562
286,282,0.794140
288,282,0.786869
290,282,0.781406
292,282,0.774433
294,282,0.768213
296,282,0.760931
298,282,0.753645
0,284,0.999998
2,284,0.999998
4,284,0.999998
6,284,0.999998
8,284,0.999998
10,284,0.999998
12,284,0.999998
14,284,0.999998
16,284,0.999998
18,284,0.999998
20,284,0.999998
22,284,0.999998
24,284,0.999998
26,284,0.999998
28,284,0.999998
30,284,0.999998
32,284,0.999998
34,284,0.999998
36,284,0.999998
38,284,0.999998
40,284,0.999998
42,284,0.999998
44,284,0.999998
46,284,0.999997
48,284,0.999997
50,284,0.999997
52,284,0.999997
54,284,0.999997
56,284,0.999997
58,284,0.999997
60,284,0.999956
62,284,0.999956
64,284,0.999956
66,284,0.999956
68,284,0.999956
70,284,0.999956
72,284,0.999956
74,284,0.999956
76,284,0.999955
78,284,0.999955
80,284,0.999955
82,284,0.999955
84,284,0.999955
86,284,0.999955
88,284,0.999955
90,284,0.999940
92,284,0.999940
94,284,0.999940
96,284,0.999940
98,284,0.999939
100,284,0.999933
102,284,0.999933
104,284,0.999933
106,284,0.999928
108,284,0.999925
110,284,0.999922
112,284,0.999920
114,284,0.999917
116,284,0.999914
118,284,0.999911
120,284,0.999125
122,284,0.999125
124,284,0.999124
126,284,0.999123
128,284,0.999122
130,284,0.999122
132,284,0.999121
134,284,0.999120
136,284,0.999113
138,284,0.999112
140,284,0.999108
142,284,0.999105
144,284,0.999103
146,284,0.999100
148,284,0.999096
150,284,0.998800
152,284,0.998799
154,284,0.998798
156,284,0.998795
158,284,0.998792
160,284,0.998667
162,284,0.998664
164,284,0.998661
166,284,0.998557
168,284,0.998508
170,284,0.998455
172,284,0.998399
174,284,0.998352
176,284,0.998290
178,284,0.998230
180,284,0.987796
182,284,0.987786
184,284,0.987775
186,284,0.987764
188,284,0.987750
190,284,0.987737
192,284,0.987724
194,284,0.987711
196,284,0.987558
198,284,0.987547
200,284,0.987466
202,284,0.987411
204,284,0.987371
206,284,0.987300
208,284,0.987231
210,284,0.983291
212,284,0.983280
214,284,0.983238
216,284,0.983179
218,284,0.983112
220,284,0.981467
222,284,0.981405
224,284,0.981341
226,284,0.979954
228,284,0.979296
230,284,0.978564
232,284,0.977814
234,284,0.977167
236,284,0.976336
238,284,0.975516
240,284,0.873291
242,284,0.873290
244,284,0.873288
246,284,0.873274
248,284,0.873241
250,284,0.873213
252,284,0.873181
254,284,0.873147
256,284,0.872256
258,284,0.872226
260,284,0.871700
262,284,0.871380
264,284,0.871118
266,284,0.870638
268,284,0.870153
270,284,0.832252
272,284,0.832226
274,284,0.832002
276,284,0.831696
278,284,0.831403
280,284,0.811788
282,284,0.811587
284,284,0.811364
286,284,0.799383
288,284,0.791257
290,284,0.785389
292,284,0.777583
294,284,0.770715
296,284,0.762458
298,284,0.754162
0,286,0.999999
2,286,0.999999
4,286,0.999999
6,286,0.999999
8,286,0.999999
10,286,0.999999
12,286,0.999999
14,286,0.999999
16,286,0.999999
18,286,0.999999
20,286,0.999999
22,286,0.999999
24,286,0.999999
26,286,0.999999
28,286,0.999999
30,286,0.999999
32,286,0.999999
34,286,0.999999
36,286,0.999999
38,286,0.999999
40,286,0.999999
42,286,0.999999
44,286,0.999999
46,286,0.999999
48,286,0.999999
50,286,0.999999
52,286,0.999999
54,286,0.999999
56,286,0.999999
58,286,0.999999
60,286,0.999976
62,286,0.999976
64,286,0.999976
66,286,0.999976
68,286,0.999976
70,286,0.999976
72,286,0.999976
74,286,0.999976
76,286,0.999976
78,286,0.999976
80,286,0.999976
82,286,0.999976
84,286,0.999976
86,286,0.999976
88,286,0.999976
90,286,0.999968
92,286,0.999967
94,286,0.999967
96,286,0.999967
98,286,0.999967
100,286,0.999964
102,286,0.999964
104,286,0.999964
106,286,0.999961
108,286,0.999959
110,286,0.999958
112,286,0.999957
114,286,0.999955
116,286,0.999954
118,286,0.999952
120,286,0.999434
122,286,0.999434
124,286,0.999433
126,286,0.999433
128,286,0.999432
130,286,0.999432
132,286,0.999432
134,286,0.999431
136,286,0.999427
138,286,0.999427
140,286,0.999425
142,286,0.999423
144,286,0.999422
146,286,0.999420
148,286,0.999419
150,286,0.999226
152,286,0.999226
154,286,0.999225
156,286,0.999223
158,286,0.999222
160,286,0.999139
162,286,0.999138
164,286,0.999136
166,286,0.999070
168,286,0.999037
170,286,0.999004
172,286,0.998968
174,286,0.998937
176,286,0.998897
178,286,0.998858
180,286,0.990646
182,286,0.990639
184,286,0.990632
186,286,0.990625
188,286,0.990616
190,286,0.990608
192,286,0.990600
194,286,0.990591
196,286,0.990502
198,286,0.990494
200,286,0.990446
202,286,0.990413
204,286,0.990389
206,286,0.990346
208,286,0.990304
210,286,0.987196
212,286,0.987190
214,286,0.987166
216,286,0.987133
218,286,0.987095
220,286,0.985776
222,286,0.985740
224,286,0.985705
226,286,0.984619
228,286,0.984096
230,286,0.983533
232,286,0.982944
234,286,0.982437
236,286,0.981786
238,286,0.981143
240,286,0.895549
242,286,0.895548
244,286,0.895547
246,286,0.895533
248,286,0.895505
250,286,0.895478
252,286,0.895447
254,286,0.895415
256,286,0.894052
258,286,0.894029
260,286,0.893309
262,286,0.892892
264,286,0.892574
266,286,0.891981
268,286,0.891398
270,286,0.862779
272,286,0.862750
274,286,0.862285
276,286,0.861688
278,286,0.861159
280,286,0.846746
282,286,0.846228
284,286,0.845703
286,286,0.836860
288,286,0.830773
290,286,0.826266
292,286,0.820436
294,286,0.815264
296,286,0.809161
298,286,0.803055
0,288,1.000000
2,288,1.000000
4,288,1.000000
6,288,1.000000
8,288,1.000000
10,288,1.000000
12,288,1.000000
14,288,1.000000
16,288,1.000000
18,288,1.000000
20,288,1.000000
22,288,1.000000
24,288,1.000000
26,288,1.000000
28,288,1.000000
30,288,1.000000
32,288,1.000000
34,288,1.000000
36,288,1.000000
38,288,1.000000
40,288,1.000000
42,288,1.000000
44,288,1.000000
46,288,1.000000
48,288,1.000000
50,288,1.000000
52,288,1.000000
54,288,1.000000
56,288,0.999999
58,288,0.999999
60,288,0.999989
62,288,0.999989
64,288,0.999989
66,288,0.999989
68,288,0.999989
70,288,0.999989
72,288,0.999989
74,288,0.999989
76,288,0.999989
78,288,0.999989
80,288,0.999989
82,288,0.999989
84,288,0.999989
86,288,0.999988
88,288,0.999988
90,288,0.999985
92,288,0.999985
94,288,0.999985
96,288,0.999985
98,288,0.999985
100,288,0.999983
102,288,0.999983
104,288,0.999983
106,288,0.999981
108,288,0.999981
110,288,0.999980
112,288,0.999979
114,288,0.999979
116,288,0.999978
118,288,0.999977
120,288,0.999664
122,288,0.999663
124,288,0.999663
126,288,0.999663
128,288,0.999663
130,288,0.999663
132,288,0.999662
134,288,0.999662
136,288,0.999660
138,288,0.999660
140,288,0.999659
142,288,0.999659
144,288,0.999658
146,288,0.999657
148,288,0.999656
150,288,0.999542
152,288,0.999541
154,288,0.999541
156,288,0.999540
158,288,0.999540
160,288,0.999489
162,288,0.999488
164,288,0.999488
166,288,0.999449
168,288,0.999429
170,288,0.999410
172,288,0.999388
174,288,0.999370
176,288,0.999346
178,288,0.999323
180,288,0.993248
182,288,0.993244
184,288,0.993239
186,288,0.993235
188,288,0.993230
190,288,0.993225
192,288,0.993220
194,288,0.993215
196,288,0.993163
198,288,0.993159
200,288,0.993130
202,288,0.993111
204,288,0.993097
206,288,0.993072
208,288,0.993047
210,288,0.990782
212,288,0.990778
214,288,0.990764
216,288,0.990745
218,288,0.990723
220,288,0.989745
222,288,0.989725
224,288,0.989704
226,288,0.988926
228,288,0.988538
230,288,0.988141
232,288,0.987714
234,288,0.987345
236,288,0.986876
238,288,0.986411
240,288,0.912583
242,288,0.912582
244,288,0.912582
246,288,0.912570
248,288,0.912547
250,288,0.912525
252,288,0.912500
254,288,0.912473
256,288,0.911314
258,288,0.911297
260,288,0.910695
262,288,0.910349
264,288,0.910089
266,288,0.909603
268,288,0.909129
270,288,0.885232
272,288,0.885207
274,288,0.884793
276,288,0.884267
278,288,0.883805
280,288,0.871897
282,288,0.871426
284,288,0.870953
286,288,0.863661
288,288,0.858639
290,288,0.854908
292,288,0.850107
294,288,0.845845
296,288,0.840837
298,288,0.835834
0,290,1.000000
2,290,1.000000
4,290,1.000000
6,290,1.000000
8,290,1.000000
10,290,1.000000
12,290,1.000000
14,290,1.000000
16,290,1.000000
18,290,1.000000
20,290,1.000000
22,290,1.000000
24,290,1.000000
26,290,1.000000
28,290,1.000000
30,290,1.000000
32,290,1.000000
34,290,1.000000
36,290,1.000000
38,290,1.000000
40,290,1.000000
42,290,1.000000
44,290,1.000000
46,290,1.000000
48,290,1.000000
50,290,1.000000
52,290,1.000000
54,290,1.000000
56,290,1.000000
58,290,1.000000
60,290,0.999996
62,290,0.999996
64,290,0.999996
66,290,0.999996
68,290,0.999996
70,290,0.999996
72,290,0.999996
74,290,0.999996
76,290,0.999996
78,290,0.999996
80,290,0.999995
82,290,0.999995
84,290,0.999995
86,290,0.999995
88,290,0.999995
90,290,0.999994
92,290,0.999994
94,290,0.999994
96,290,0.999994
98,290,0.999994
100,290,0.999993
102,290,0.999993
104,290,0.999993
106,290,0.999993
108,290,0.999992
110,290,0.999992
112,290,0.999992
114,290,0.999992
116,290,0.999991
118,290,0.999991
120,290,0.999823
122,290,0.999823
124,290,0.999823
126,290,0.999823
128,290,0.999823
130,290,0.999823
132,290,0.999823
134,290,0.999822
136,290,0.999822
138,290,0.999822
140,290,0.999821
142,290,0.999821
144,290,0.999821
146,290,0.999821
148,290,0.999820
150,290,0.999760
152,290,0.999759
154,290,0.999759
156,290,0.999759
158,290,0.999759
160,290,0.999732
162,290,0.999731
164,290,0.999731
166,290,0.999711
168,290,0.999700
170,290,0.999690
172,290,0.999679
174,290,0.999669
176,290,0.999657
178,290,0.999644
180,290,0.995489
182,290,0.995487
184,290,0.995484
186,290,0.995482
188,290,0.995479
190,290,0.995476
192,290,0.995474
194,290,0.995471
196,290,0.995442
198,290,0.995440
200,290,0.995424
202,290,0.995414
204,290,0.995406
206,290,0.995393
208,290,0.995379
210,290,0.993865
212,290,0.993863
214,290,0.993855
216,290,0.993843
218,290,0.993831
220,290,0.993166
222,290,0.993154
224,290,0.993142
226,290,0.992634
228,290,0.992368
230,290,0.992113
232,290,0.991827
234,290,0.991581
236,290,0.991271
238,290,0.990964
240,290,0.926626
242,290,0.926625
244,290,0.926625
246,290,0.926621
248,290,0.926613
250,290,0.926605
252,290,0.926596
254,290,0.926586
256,290,0.925947
258,290,0.925940
260,290,0.925606
262,290,0.925410
264,290,0.925266
266,290,0.924991
268,290,0.924719
270,290,0.903073
272,290,0.903065
274,290,0.902853
276,290,0.902581
278,290,0.902341
280,290,0.891449
282,290,0.891216
284,290,0.890980
286,290,0.884352
288,290,0.879845
290,290,0.876554
292,290,0.872245
294,290,0.868443
296,290,0.863925
298,290,0.859404
0,292,1.000000
2,292,1.000000
4,292,1.000000
6,292,1.000000
8,292,1.000000
10,292,1.000000
12,292,1.000000
14,292,1.000000
16,292,1.000000
18,292,1.000000
20,292,1.000000
22,292,1.000000
24,292,1.000000
26,292,1.000000
28,292,1.000000
30,292,1.000000
32,292,1.000000
34,292,1.000000
36,292,1.000000
38,292,1.000000
40,292,1.000000
42,292,1.000000
44,292,1.000000
46,292,1.000000
48,292,1.000000
50,292,1.000000
52,292,1.000000
54,292,1.000000
56,292,1.000000
58,292,1.000000
60,292,0.999999
62,292,0.999999
64,292,0.999999
66,292,0.999999
68,292,0.999999
70,292,0.999999
72,292,0.999999
74,292,0.999999
76,292,0.999999
78,292,0.999999
80,292,0.999999
82,292,0.999999
84,292,0.999999
86,292,0.999999
88,292,0.999999
90,292,0.999998
92,292,0.999998
94,292,0.999998
96,292,0.999998
98,292,0.999998
100,292,0.999998
102,292,0.999998
104,292,0.999998
106,292,0.999998
108,292,0.999998
110,292,0.999998
112,292,0.999998
114,292,0.999998
116,292,0.999998
118,292,0.999997
120,292,0.999924
122,292,0.999924
124,292,0.999924
126,292,0.999924
128,292,0.999924
130,292,0.999924
132,292,0.999924
134,292,0.999924
136,292,0.999924
138,292,0.999924
140,292,0.999924
142,292,0.999924
144,292,0.999924
146,292,0.999923
148,292,0.999923
150,292,0.999897
152,292,0.999897
154,292,0.999897
156,292,0.999897
158,292,0.999897
160,292,0.999885
162,292,0.999885
164,292,0.999885
166,292,0.999877
168,292,0.999872
170,292,0.999868
172,292,0.999863
174,292,0.999858
176,292,0.999853
178,292,0.999848
180,292,0.997275
182,292,0.997274
184,292,0.997273
186,292,0.997272
188,292,0.997271
190,292,0.997269
192,292,0.997268
194,292,0.997267
196,292,0.997259
198,292,0.997258
200,292,0.997252
202,292,0.997249
204,292,0.997246
206,292,0.997242
208,292,0.997237
210,292,0.996300
212,292,0.996299
214,292,0.996297
216,292,0.996294
218,292,0.996291
220,292,0.995867
222,292,0.995865
224,292,0.995862
226,292,0.995551
228,292,0.995383
230,292,0.995231
232,292,0.995054
234,292,0.994902
236,292,0.994711
238,292,0.994521
240,292,0.943033
242,292,0.943033
244,292,0.943033
246,292,0.943031
248,292,0.943027
250,292,0.943023
252,292,0.943019
254,292,0.943014
256,292,0.942568
258,292,0.942565
260,292,0.942335
262,292,0.942201
264,292,0.942105
266,292,0.941919
268,292,0.941736
270,292,0.924676
272,292,0.924671
274,292,0.924520
276,292,0.924325
278,292,0.924154
280,292,0.915613
282,292,0.915443
284,292,0.915271
286,292,0.910087
288,292,0.906569
290,292,0.904005
292,292,0.900646
294,292,0.897684
296,292,0.894166
298,292,0.890648
0,294,1.000000
2,294,1.000000
4,294,1.000000
6,294,1.000000
8,294,1.000000
10,294,1.000000
12,294,1.000000
14,294,1.000000
16,294,1.000000
18,294,1.000000
20,294,1.000000
22,294,1.000000
24,294,1.000000
26,294,1.000000
28,294,1.000000
30,294,1.000000
32,294,1.000000
34,294,1.000000
36,294,1.000000
38,294,1.000000
40,294,1.000000
42,294,1.000000
44,294,1.000000
46,294,1.000000
48,294,1.000000
50,294,1.000000
52,294,1.000000
54,294,1.000000
56,294,1.000000
58,294,1.000000
60,294,1.000000
62,294,1.000000
64,294,1.000000
66,294,1.000000
68,294,1.000000
70,294,1.000000
72,294,1.000000
74,294,1.000000
76,294,1.000000
78,294,1.000000
80,294,1.000000
82,294,1.000000
84,294,1.000000
86,294,1.000000
88,294,1.000000
90,294,1.000000
92,294,1.000000
94,294,1.000000
96,294,1.000000
98,294,1.000000
100,294,1.000000
102,294,1.000000
104,294,1.000000
106,294,1.000000
108,294,1.000000
110,294,1.000000
112,294,1.000000
114,294,1.000000
116,294,1.000000
118,294,1.000000
120,294,0.999978
122,294,0.999978
124,294,0.999978
126,294,0.999978
128,294,0.999978
130,294,0.999978
132,294,0.999978
134,294,0.999978
136,294,0.999978
138,294,0.999978
140,294,0.999978
142,294,0.999978
144,294,0.999978
146,294,0.999978
148,294,0.999978
150,294,0.999970
152,294,0.999970
154,294,0.999970
156,294,0.999970
158,294,0.999970
160,294,0.999966
162,294,0.999966
164,294,0.999966
166,294,0.999964
168,294,0.999963
170,294,0.999961
172,294,0.999960
174,294,0.999959
176,294,0.999957
178,294,0.999956
180,294,0.998673
182,294,0.998673
184,294,0.998673
186,294,0.998672
188,294,0.998672
190,294,0.998671
192,294,0.998671
194,294,0.998671
196,294,0.998668
198,294,0.998668
200,294,0.998666
202,294,0.998665
204,294,0.998664
206,294,0.998663
208,294,0.998662
210,294,0.998207
212,294,0.998207
214,294,0.998206
216,294,0.998205
218,294,0.998204
220,294,0.997994
222,294,0.997993
224,294,0.997992
226,294,0.997845
228,294,0.997761
230,294,0.997690
232,294,0.997605
234,294,0.997531
236,294,0.997439
238,294,0.997348
240,294,0.958177
242,294,0.958177
244,294,0.958177
246,294,0.958176
248,294,0.958176
250,294,0.958175
252,294,0.958174
254,294,0.958174
256,294,0.958073
258,294,0.958072
260,294,0.958013
262,294,0.957977
264,294,0.957950
266,294,0.957897
268,294,0.957841
270,294,0.944346
272,294,0.944345
274,294,0.944322
276,294,0.944289
278,294,0.944257
280,294,0.937436
282,294,0.937414
284,294,0.937391
286,294,0.933276
288,294,0.930518
290,294,0.928541
292,294,0.925908
294,294,0.923600
296,294,0.920829
298,294,0.918055
0,296,1.000000
2,296,1.000000
4,296,1.000000
6,296,1.000000
8,296,1.000000
10,296,1.000000
12,296,1.000000
14,296,1.000000
16,296,1.000000
18,296,1.000000
20,296,1.000000
22,296,1.000000
24,296,1.000000
26,296,1.000000
28,296,1.000000
30,296,1.000000
32,296,1.000000
34,296,1.000000
36,296,1.000000
38,296,1.000000
40,296,1.000000
42,296,1.000000
44,296,1.000000
46,296,1.000000
48,296,1.000000
50,296,1.000000
52,296,1.000000
54,296,1.000000
56,296,1.000000
58,296,1.000000
60,296,1.000000
62,296,1.000000
64,296,1.000000
66,296,1.000000
68,296,1.000000
70,296,1.000000
72,296,1.000000
74,296,1.000000
76,296,1.000000
78,296,1.000000
80,296,1.000000
82,296,1.000000
84,296,1.000000
86,296,1.000000
88,296,1.000000
90,296,1.000000
92,296,1.000000
94,296,1.000000
96,296,1.000000
98,296,1.000000
100,296,1.000000
102,296,1.000000
104,296,1.000000
106,296,1.000000
108,296,1.000000
110,296,1.000000
112,296,1.000000
114,296,1.000000
116,296,1.000000
118,296,1.000000
120,296,0.999998
122,296,0.999998
124,296,0.999998
126,296,0.999998
128,296,0.999998
130,296,0.999998
132,296,0.999998
134,296,0.999998
136,296,0.999998
138,296,0.999998
140,296,0.999998
142,296,0.999998
144,296,0.999998
146,296,0.999998
148,296,0.999998
150,296,0.999997
152,296,0.999997
154,296,0.999997
156,296,0.999997
158,296,0.999997
160,296,0.999997
162,296,0.999997
164,296,0.999997
166,296,0.999996
168,296,0.999996
170,296,0.999996
172,296,0.999996
174,296,0.999996
176,296,0.999996
178,296,0.999995
180,296,0.999593
182,296,0.999593
184,296,0.999593
186,296,0.999592
188,296,0.999592
190,296,0.999592
192,296,0.999592
194,296,0.999592
196,296,0.999592
198,296,0.999592
200,296,0.999592
202,296,0.999592
204,296,0.999591
206,296,0.999591
208,296,0.999591
210,296,0.999452
212,296,0.999452
214,296,0.999452
216,296,0.999452
218,296,0.999452
220,296,0.999386
222,296,0.999386
224,296,0.999386
226,296,0.999342
228,296,0.999316
230,296,0.999295
232,296,0.999269
234,296,0.999246
236,296,0.999219
238,296,0.999191
240,296,0.974954
242,296,0.974954
244,296,0.974954
246,296,0.974954
248,296,0.974954
250,296,0.974954
252,296,0.974954
254,296,0.974954
256,296,0.974923
258,296,0.974923
260,296,0.974905
262,296,0.974894
264,296,0.974886
266,296,0.974870
268,296,0.974853
270,296,0.966638
272,296,0.966638
274,296,0.966631
276,296,0.966621
278,296,0.966611
280,296,0.962481
282,296,0.962475
284,296,0.962468
286,296,0.959983
288,296,0.958322
290,296,0.957134
292,296,0.955550
294,296,0.954163
296,296,0.952499
298,296,0.950833
0,298,1.000000
2,298,1.000000
4,298,1.000000
6,298,1.000000
8,298,1.000000
10,298,1.000000
12,298,1.000000
14,298,1.000000
16,298,1.000000
18,298,1.000000
20,298,1.000000
22,298,1.000000
24,298,1.000000
26,298,1.000000
28,298,1.000000
30,298,1.000000
32,298,1.000000
34,298,1.000000
36,298,1.000000
38,298,1.000000
40,298,1.000000
42,298,1.000000
44,298,1.000000
46,298,1.000000
48,298,1.000000
50,298,1.000000
52,298,1.000000
54,298,1.000000
56,298,1.000000
58,298,1.000000
60,298,1.000000
62,298,1.000000
64,298,1.000000
66,298,1.000000
68,298,1.000000
70,298,1.000000
72,298,1.000000
74,298,1.000000
76,298,1.000000
78,298,1.000000
80,298,1.000000
82,298,1.000000
84,298,1.000000
86,298,1.000000
88,298,1.000000
90,298,1.000000
92,298,1.000000
94,298,1.000000
96,298,1.000000
98,298,1.000000
100,298,1.000000
102,298,1.000000
104,298,1.000000
106,298,1.000000
108,298,1.000000
110,298,1.000000
112,298,1.000000
114,298,1.000000
116,298,1.000000
118,298,1.000000
120,298,1.000000
122,298,1.000000
124,298,1.000000
126,298,1.000000
128,298,1.000000
130,298,1.000000
132,298,1.000000
134,298,1.000000
136,298,1.000000
138,298,1.000000
140,298,1.000000
142,298,1.000000
144,298,1.000000
146,298,1.000000
148,298,1.000000
150,298,1.000000
152,298,1.000000
154,298,1.000000
156,298,1.000000
158,298,1.000000
160,298,1.000000
162,298,1.000000
164,298,1.000000
166,298,1.000000
168,298,1.000000
170,298,1.000000
172,298,1.000000
174,298,1.000000
176,298,1.000000
178,298,1.000000
180,298,1.000000
182,298,1.000000
184,298,1.000000
186,298,1.000000
188,298,1.000000
190,298,1.000000
192,298,1.000000
194,298,1.000000
196,298,1.000000
198,298,1.000000
200,298,1.000000
202,298,1.000000
204,298,1.000000
206,298,1.000000
208,298,1.000000
210,298,1.000000
212,298,1.000000
214,298,1.000000
216,298,1.000000
218,298,1.000000
220,298,1.000000
222,298,1.000000
224,298,1.000000
226,298,1.000000
228,298,1.000000
230,298,1.000000
232,298,1.000000
234,298,1.000000
236,298,1.000000
238,298,1.000000
240,298,0.991667
242,298,0.991667
244,298,0.991667
246,298,0.991667
248,298,0.991667
250,298,0.991667
252,298,0.991667
254,298,0.991667
256,298,0.991667
258,298,0.991667
260,298,0.991667
262,298,0.991667
264,298,0.991667
266,298,0.991667
268,298,0.991667
270,298,0.988889
272,298,0.988889
274,298,0.988889
276,298,0.988889
278,298,0.988889
280,298,0.987500
282,298,0.987500
284,298,0.987500
286,298,0.986667
288,298,0.986111
290,298,0.985714
292,298,0.985185
294,298,0.984722
296,298,0.984167
298,298,0.983611
